$ KEEPR_TEST_SUITE=stress vitest run --config apps/ingestion/vitest.config.ts --silent=passed-only --reporter=default --reporter=json --outputFile.json=docs/reviews/evidence/publication-253-fixes-20260912/full-stress.json
(!) Your Vite config uses features that are unsupported by `configLoader: 'native'`, which is planned to become the default in a future major version of Vite:
  - import "../../test/support/source-adapters/migration" without a file extension (apps/ingestion/vitest.config.ts:13:49). Add the file extension
  - import "./index" without a file extension (test/support/source-adapters/migration.ts:1:47). Add the file extension
  - import "./capacity" without a file extension (test/support/source-adapters/index.ts:1:39). Add the file extension
  - import "../../../src/catalogue/adapters/source-adapters" without a file extension (test/support/source-adapters/index.ts:5:8). Add the file extension
  - import "./riftbound-source-adapter" without a file extension (src/catalogue/adapters/source-adapters.ts:1:52). Add the file extension
  - import "../../../src/catalogue/adapters/source-adapter-registration-types" without a file extension (test/support/source-adapters/capacity.ts:4:8). Add the file extension
  - import "../fake-publisher/capacity-workloads" without a file extension (test/support/source-adapters/capacity.ts:11:8). Add the file extension
  - import "./one-piece-adapter" without a file extension (src/catalogue/adapters/source-adapters.ts:2:43). Add the file extension
  - import "./limitless-one-piece-source-adapter" without a file extension (src/catalogue/adapters/source-adapters.ts:3:60). Add the file extension
  - import "./source-registry" without a file extension (src/catalogue/adapters/source-adapters.ts:4:32). Add the file extension
  - import "../shared" resolves to a directory index (src/catalogue/adapters/source-adapters.ts:5:59). Import the index file directly
  - import "./adapter-parse-failure" without a file extension (src/catalogue/adapters/source-adapters.ts:6:49). Add the file extension
  - import "./source-adapter-registration-types" without a file extension (src/catalogue/adapters/source-adapters.ts:10:72). Add the file extension
  - import "./source-adapter-registration-types" without a file extension (src/catalogue/adapters/source-adapters.ts:11:72). Add the file extension
  - import "./missing-object-error" without a file extension (src/catalogue/shared/index.ts:1:36). Add the file extension
  - import "./adapter-object-members" without a file extension (src/catalogue/adapters/riftbound-source-adapter.ts:1:38). Add the file extension
  - import "./adapter-parse-failure" without a file extension (src/catalogue/adapters/one-piece-official-errata-html.ts:1:37). Add the file extension
  - import "./adapter-contract" without a file extension (src/catalogue/adapters/one-piece-adapter.ts:1:43). Add the file extension
  - import "./source-adapter-registration-types" without a file extension (src/catalogue/adapters/limitless-one-piece-source-adapter.ts:1:48). Add the file extension
  - import "./adapter-parse-failure" without a file extension (src/catalogue/adapters/product-release-source-adapters.ts:1:37). Add the file extension
  - import "../shared" resolves to a directory index (src/catalogue/adapters/source-registry.ts:1:83). Import the index file directly
  - import "./membership-identity" without a file extension (src/catalogue/shared/index.ts:6:75). Add the file extension
  - import "./official-artwork-identity" without a file extension (src/catalogue/adapters/riftbound-source-adapter.ts:4:44). Add the file extension
  - import "./adapter-html" without a file extension (src/catalogue/adapters/one-piece-adapter.ts:15:8). Add the file extension
  - import "./adapter-parse-failure" without a file extension (src/catalogue/adapters/limitless-one-piece-source-adapter.ts:2:68). Add the file extension
  - import "./one-piece-adapter" without a file extension (src/catalogue/adapters/product-release-source-adapters.ts:2:33). Add the file extension
  - import "./administration-guards-repository" without a file extension (src/catalogue/shared/index.ts:10:8). Add the file extension
  - import "./adapter-normalization" without a file extension (src/catalogue/adapters/one-piece-adapter.ts:30:8). Add the file extension
  - import "./fusion-world-adapter" without a file extension (src/catalogue/adapters/product-release-source-adapters.ts:3:36). Add the file extension
  - import "./administration-problem" without a file extension (src/catalogue/shared/index.ts:11:39). Add the file extension
  - import "./adapter-parse-failure" without a file extension (src/catalogue/adapters/riftbound-source-adapter.ts:5:93). Add the file extension
  - import "./adapter-html" without a file extension (src/catalogue/adapters/limitless-one-piece-source-adapter.ts:3:62). Add the file extension
  - import "./digimon-adapter" without a file extension (src/catalogue/adapters/product-release-source-adapters.ts:4:32). Add the file extension
  - import "./calendar-date" without a file extension (src/catalogue/shared/index.ts:12:35). Add the file extension
  - import "./source-adapter-registration-types" without a file extension (src/catalogue/adapters/riftbound-source-adapter.ts:6:48). Add the file extension
  - import "./catalogue-candidate-types" without a file extension (src/catalogue/shared/index.ts:37:8). Add the file extension
  - import "./riftbound-errata" without a file extension (src/catalogue/adapters/riftbound-source-adapter.ts:7:67). Add the file extension
  - import "./one-piece-source-adapter" without a file extension (src/catalogue/adapters/limitless-one-piece-source-adapter.ts:4:43). Add the file extension
  - import "./gundam-adapter" without a file extension (src/catalogue/adapters/product-release-source-adapters.ts:5:32). Add the file extension
  - import "./catalogue-store-repository" without a file extension (src/catalogue/shared/index.ts:45:8). Add the file extension
  - import "./riftbound-products" without a file extension (src/catalogue/adapters/riftbound-source-adapter.ts:8:66). Add the file extension
  - import "./adapter-observations" without a file extension (src/catalogue/adapters/one-piece-adapter.ts:31:49). Add the file extension
  - import "./official-artwork-identity" without a file extension (src/catalogue/adapters/limitless-one-piece-source-adapter.ts:5:44). Add the file extension
  - import "./adapter-contract" without a file extension (src/catalogue/adapters/product-release-source-adapters.ts:6:49). Add the file extension
  - import "./consumer-content" without a file extension (src/catalogue/shared/index.ts:46:33). Add the file extension
  - import "./adapter-parse-failure" without a file extension (src/catalogue/adapters/one-piece-adapter.ts:32:68). Add the file extension
  - import "./adapter-contract" without a file extension (src/catalogue/adapters/product-release-source-adapters.ts:7:49). Add the file extension
  - import "./curated-provenance" without a file extension (src/catalogue/shared/index.ts:53:8). Add the file extension
  - import "./adapter-product-html" without a file extension (src/catalogue/adapters/one-piece-adapter.ts:33:36). Add the file extension
  - import "./document-decoder" without a file extension (src/catalogue/shared/index.ts:54:53). Add the file extension
  - import "./bandai-adapter-runtime" without a file extension (src/catalogue/adapters/one-piece-adapter.ts:34:37). Add the file extension
  - import "./export-compression" without a file extension (src/catalogue/shared/index.ts:55:60). Add the file extension
  - import "./official-artwork-identity" without a file extension (src/catalogue/adapters/one-piece-adapter.ts:35:44). Add the file extension
  - import "./export-limits" without a file extension (src/catalogue/shared/index.ts:62:8). Add the file extension
  - import "./official-source-authority" without a file extension (src/catalogue/adapters/one-piece-adapter.ts:36:56). Add the file extension
  - import "./idempotent-identities" without a file extension (src/catalogue/shared/index.ts:63:80). Add the file extension
  - import "./one-piece-source-adapter" without a file extension (src/catalogue/adapters/one-piece-adapter.ts:37:69). Add the file extension
  - import "./adapter-contract" without a file extension (src/catalogue/adapters/adapter-html.ts:1:40). Add the file extension
  - import "./adapter-observations" without a file extension (src/catalogue/adapters/one-piece-source-adapter.ts:1:43). Add the file extension
  - import "./adapter-contract" without a file extension (src/catalogue/adapters/gundam-adapter.ts:1:43). Add the file extension
  - import "./adapter-contract" without a file extension (src/catalogue/adapters/digimon-adapter.ts:1:43). Add the file extension
  - import "./adapter-parse-failure" without a file extension (src/catalogue/adapters/official-artwork-identity.ts:1:37). Add the file extension
  - import "./adapter-contract" without a file extension (src/catalogue/adapters/fusion-world-adapter.ts:1:43). Add the file extension
  - import "../shared" resolves to a directory index (src/catalogue/adapters/adapter-object-members.ts:1:66). Import the index file directly
  - import "./adapter-parse-failure" without a file extension (src/catalogue/adapters/riftbound-errata.ts:1:37). Add the file extension
  - import "./adapter-parse-failure" without a file extension (src/catalogue/adapters/riftbound-products.ts:1:37). Add the file extension
  - import "./ingestion-guards-repository" without a file extension (src/catalogue/shared/index.ts:64:69). Add the file extension
  - import "./adapter-normalization" without a file extension (src/catalogue/adapters/adapter-html.ts:2:75). Add the file extension
  - import "./adapter-parse-failure" without a file extension (src/catalogue/adapters/one-piece-source-adapter.ts:2:37). Add the file extension
  - import "./adapter-html" without a file extension (src/catalogue/adapters/gundam-adapter.ts:18:8). Add the file extension
  - import "./adapter-html" without a file extension (src/catalogue/adapters/digimon-adapter.ts:15:8). Add the file extension
  - import "./adapter-html" without a file extension (src/catalogue/adapters/fusion-world-adapter.ts:20:8). Add the file extension
  - import "./adapter-parse-failure" without a file extension (src/catalogue/adapters/adapter-object-members.ts:2:37). Add the file extension
  - import "./riftbound-article" without a file extension (src/catalogue/adapters/riftbound-errata.ts:2:53). Add the file extension
  - import "./riftbound-article" without a file extension (src/catalogue/adapters/riftbound-products.ts:2:53). Add the file extension
  - import "./ingestion-run-event-repository" without a file extension (src/catalogue/shared/index.ts:76:8). Add the file extension
  - import "./adapter-observations" without a file extension (src/catalogue/adapters/adapter-html.ts:3:87). Add the file extension
  - import "./adapter-normalization" without a file extension (src/catalogue/adapters/gundam-adapter.ts:33:8). Add the file extension
  - import "./adapter-normalization" without a file extension (src/catalogue/adapters/digimon-adapter.ts:29:8). Add the file extension
  - import "./adapter-normalization" without a file extension (src/catalogue/adapters/fusion-world-adapter.ts:36:8). Add the file extension
  - import "./ingestion-run-events" without a file extension (src/catalogue/shared/index.ts:83:8). Add the file extension
  - import "./adapter-parse-failure" without a file extension (src/catalogue/adapters/adapter-html.ts:4:49). Add the file extension
  - import "./adapter-observations" without a file extension (src/catalogue/adapters/gundam-adapter.ts:38:8). Add the file extension
  - import "./adapter-observations" without a file extension (src/catalogue/adapters/digimon-adapter.ts:30:71). Add the file extension
  - import "./adapter-observations" without a file extension (src/catalogue/adapters/fusion-world-adapter.ts:37:71). Add the file extension
  - import "./official-source-field-coverage" without a file extension (src/catalogue/adapters/adapter-html.ts:5:47). Add the file extension
  - import "./adapter-parse-failure" without a file extension (src/catalogue/adapters/gundam-adapter.ts:39:49). Add the file extension
  - import "./adapter-parse-failure" without a file extension (src/catalogue/adapters/digimon-adapter.ts:31:49). Add the file extension
  - import "./adapter-parse-failure" without a file extension (src/catalogue/adapters/fusion-world-adapter.ts:38:49). Add the file extension
  - import "./ingestion-run-state" without a file extension (src/catalogue/shared/index.ts:97:8). Add the file extension
  - import "./adapter-product-html" without a file extension (src/catalogue/adapters/gundam-adapter.ts:40:36). Add the file extension
  - import "./adapter-product-html" without a file extension (src/catalogue/adapters/digimon-adapter.ts:32:36). Add the file extension
  - import "./adapter-product-html" without a file extension (src/catalogue/adapters/fusion-world-adapter.ts:39:36). Add the file extension
  - import "./operational-diagnostics" without a file extension (src/catalogue/shared/index.ts:98:40). Add the file extension
  - import "./bandai-adapter-runtime" without a file extension (src/catalogue/adapters/gundam-adapter.ts:41:37). Add the file extension
  - import "./bandai-adapter-runtime" without a file extension (src/catalogue/adapters/digimon-adapter.ts:33:37). Add the file extension
  - import "./bandai-adapter-runtime" without a file extension (src/catalogue/adapters/fusion-world-adapter.ts:40:37). Add the file extension
  - import "./official-source-authority" without a file extension (src/catalogue/adapters/gundam-adapter.ts:42:56). Add the file extension
  - import "./official-source-authority" without a file extension (src/catalogue/adapters/digimon-adapter.ts:34:56). Add the file extension
  - import "./official-artwork-identity" without a file extension (src/catalogue/adapters/fusion-world-adapter.ts:41:44). Add the file extension
  - import "./reconciliation-payload" without a file extension (src/catalogue/shared/index.ts:108:8). Add the file extension
  - import "./official-source-authority" without a file extension (src/catalogue/adapters/fusion-world-adapter.ts:42:56). Add the file extension
  - import "./reconciliation-profile" without a file extension (src/catalogue/shared/index.ts:121:8). Add the file extension
  - import "./adapter-parse-failure" without a file extension (src/catalogue/adapters/riftbound-article.ts:2:81). Add the file extension
  - import "./adapter-html" without a file extension (src/catalogue/adapters/adapter-product-html.ts:16:8). Add the file extension
  - import "./adapter-observations" without a file extension (src/catalogue/adapters/adapter-normalization.ts:1:55). Add the file extension
  - import "./adapter-contract" without a file extension (src/catalogue/adapters/bandai-adapter-runtime.ts:8:8). Add the file extension
  - import "./official-source-release-normalization" without a file extension (src/catalogue/adapters/fusion-world-adapter.ts:43:47). Add the file extension
  - import "./serialization" without a file extension (src/catalogue/shared/index.ts:123:87). Add the file extension
  - import "./adapter-observations" without a file extension (src/catalogue/adapters/adapter-product-html.ts:17:43). Add the file extension
  - import "./adapter-parse-failure" without a file extension (src/catalogue/adapters/adapter-normalization.ts:2:37). Add the file extension
  - import "./adapter-html" without a file extension (src/catalogue/adapters/bandai-adapter-runtime.ts:34:8). Add the file extension
  - import "./streaming-sha256" without a file extension (src/catalogue/shared/index.ts:125:60). Add the file extension
  - import "./adapter-parse-failure" without a file extension (src/catalogue/adapters/adapter-product-html.ts:18:49). Add the file extension
  - import "./official-artwork-identity" without a file extension (src/catalogue/adapters/adapter-normalization.ts:3:44). Add the file extension
  - import "./adapter-normalization" without a file extension (src/catalogue/adapters/bandai-adapter-runtime.ts:46:8). Add the file extension
  - import "./workflow-driver" without a file extension (src/catalogue/shared/index.ts:131:8). Add the file extension
  - import "./adapter-parse-failure" without a file extension (src/catalogue/adapters/official-source-release-normalization.ts:1:37). Add the file extension
  - import "./official-source-release-normalization" without a file extension (src/catalogue/adapters/adapter-product-html.ts:24:8). Add the file extension
  - import "./adapter-observations" without a file extension (src/catalogue/adapters/bandai-adapter-runtime.ts:47:70). Add the file extension
  - import "./workflow-progress" without a file extension (src/catalogue/shared/index.ts:132:64). Add the file extension
  - import "./adapter-parse-failure" without a file extension (src/catalogue/adapters/bandai-adapter-runtime.ts:48:74). Add the file extension
  - import "./adapter-product-html" without a file extension (src/catalogue/adapters/bandai-adapter-runtime.ts:49:41). Add the file extension
  - import "./workflow-steps" without a file extension (src/catalogue/shared/index.ts:133:96). Add the file extension
  - import "./official-source-authority" without a file extension (src/catalogue/adapters/bandai-adapter-runtime.ts:51:29). Add the file extension
  - import "./ingestion-reservation-repository" without a file extension (src/catalogue/shared/index.ts:138:8). Add the file extension
  - import "./reconciliation-payload-repository" without a file extension (src/catalogue/shared/index.ts:140:60). Add the file extension
  - import "./streamed-object-members" without a file extension (src/catalogue/shared/index.ts:147:8). Add the file extension
  - import "./catalogue-draft" without a file extension (src/catalogue/shared/index.ts:153:8). Add the file extension
  - import "./card-search-contract" without a file extension (src/catalogue/shared/index.ts:160:8). Add the file extension
  - import "./publication-composition-repository" without a file extension (src/catalogue/shared/index.ts:165:8). Add the file extension
  - import "./staging-object-storage" without a file extension (src/catalogue/shared/index.ts:166:59). Add the file extension
  - import "./curated-field-schemas" without a file extension (src/catalogue/shared/index.ts:168:45). Add the file extension
  - import "./curated-field-validation" without a file extension (src/catalogue/shared/index.ts:169:35). Add the file extension
  - import "./source-freshness" without a file extension (src/catalogue/shared/index.ts:178:8). Add the file extension
  - import "./catalogue-store-repository" without a file extension (src/catalogue/shared/administration-guards-repository.ts:1:59). Add the file extension
  - import "./catalogue-candidate-types" without a file extension (src/catalogue/shared/membership-identity.ts:1:36). Add the file extension
  - import "./serialization" without a file extension (src/catalogue/shared/idempotent-identities.ts:2:24). Add the file extension
  - import "./ingestion-reservation-repository" without a file extension (src/catalogue/shared/ingestion-run-event-repository.ts:6:8). Add the file extension
  - import "./catalogue-store-repository" without a file extension (src/catalogue/shared/ingestion-guards-repository.ts:1:59). Add the file extension
  - import "./ingestion-run-state" without a file extension (src/catalogue/shared/ingestion-run-events.ts:6:8). Add the file extension
  - import "./ingestion-run-state" without a file extension (src/catalogue/shared/operational-diagnostics.ts:1:45). Add the file extension
  - import "./catalogue-store-repository" without a file extension (src/catalogue/shared/reconciliation-payload.ts:1:37). Add the file extension
  - import "./catalogue-candidate-types" without a file extension (src/catalogue/shared/source-freshness.ts:1:58). Add the file extension
  - import "./catalogue-candidate-types" without a file extension (src/catalogue/shared/catalogue-draft.ts:1:41). Add the file extension
  - import "./workflow-steps" without a file extension (src/catalogue/shared/workflow-driver.ts:1:92). Add the file extension
  - import "./catalogue-store-repository" without a file extension (src/catalogue/shared/publication-composition-repository.ts:1:59). Add the file extension
  - import "./catalogue-candidate-types" without a file extension (src/catalogue/shared/reconciliation-profile.ts:1:36). Add the file extension
  - import "./catalogue-store-repository" without a file extension (src/catalogue/shared/ingestion-reservation-repository.ts:1:86). Add the file extension
  - import "./catalogue-store-repository" without a file extension (src/catalogue/shared/reconciliation-payload-repository.ts:1:59). Add the file extension
  - import "./curated-field-schemas" without a file extension (src/catalogue/shared/curated-field-validation.ts:2:44). Add the file extension
  - import "./curated-provenance" without a file extension (src/catalogue/shared/catalogue-candidate-types.ts:9:47). Add the file extension
  - import "./catalogue-store-repository" without a file extension (src/catalogue/shared/staging-object-storage.ts:1:37). Add the file extension
  - import "./reconciliation-profile" without a file extension (src/catalogue/shared/curated-field-schemas.ts:1:46). Add the file extension
  - import "./serialization" without a file extension (src/catalogue/shared/membership-identity.ts:2:43). Add the file extension
  - import "./catalogue-store-repository" without a file extension (src/catalogue/shared/ingestion-run-event-repository.ts:7:86). Add the file extension
  - import "./ingestion-run-state" without a file extension (src/catalogue/shared/ingestion-guards-repository.ts:2:67). Add the file extension
  - import "./reconciliation-payload-repository" without a file extension (src/catalogue/shared/reconciliation-payload.ts:6:8). Add the file extension
  - import "./serialization" without a file extension (src/catalogue/shared/source-freshness.ts:2:29). Add the file extension
  - import "./serialization" without a file extension (src/catalogue/shared/reconciliation-profile.ts:2:31). Add the file extension
  - import "./staging-object-repository" without a file extension (src/catalogue/shared/staging-object-storage.ts:7:8). Add the file extension
  - import "./serialization" without a file extension (src/catalogue/shared/curated-field-schemas.ts:2:31). Add the file extension
  - import "./ingestion-run-events" without a file extension (src/catalogue/shared/ingestion-run-event-repository.ts:14:8). Add the file extension
  - import "./serialization" without a file extension (src/catalogue/shared/reconciliation-payload.ts:7:31). Add the file extension
  - import "./reconciliation-payload" without a file extension (src/catalogue/shared/ingestion-run-event-repository.ts:15:28). Add the file extension
  - import "./catalogue-store-repository" without a file extension (src/catalogue/shared/staging-object-repository.ts:1:59). Add the file extension
Set `VITE_CONFIG_NATIVE_IGNORE_WARNING=true` to suppress this warning.

 RUN  v4.1.11 /Users/marcus/Developer/card-keepr

uncaught exception; source = Uncaught (in promise); stack = Error: Engine was never started
    at Engine.getStatus (file:///Users/marcus/Developer/card-keepr/node_modules/.pnpm/miniflare@5.20260908.0-alpha/node_modules/miniflare/dist/src/workers/workflows/binding.worker.js:14493:15)
uncaught exception; source = Uncaught (in promise); stack = Error: Engine was never started
    at Engine.getStatus (file:///Users/marcus/Developer/card-keepr/node_modules/.pnpm/miniflare@5.20260908.0-alpha/node_modules/miniflare/dist/src/workers/workflows/binding.worker.js:14493:15)
uncaught exception; source = Uncaught (in promise); stack = Error: instance.not_found
    at WorkflowBinding.get (file:///Users/marcus/Developer/card-keepr/node_modules/.pnpm/miniflare@5.20260908.0-alpha/node_modules/miniflare/dist/src/workers/workflows/binding.worker.js:15150:13)
uncaught exception; exception = workerd/io/io-context.c++:1642: failed: jsg.Error: The Workers runtime canceled this request because it detected that your Worker's code had hung and would never generate a response. Refer to: https://developers.cloudflare.com/workers/observability/errors/
stack: 101c2137f
uncaught exception; source = Uncaught (in promise); stack = Error: Engine was never started
    at Engine.getStatus (file:///Users/marcus/Developer/card-keepr/node_modules/.pnpm/miniflare@5.20260908.0-alpha/node_modules/miniflare/dist/src/workers/workflows/binding.worker.js:14493:15)
uncaught exception; source = Uncaught (in promise); stack = Error: Engine was never started
    at Engine.getStatus (file:///Users/marcus/Developer/card-keepr/node_modules/.pnpm/miniflare@5.20260908.0-alpha/node_modules/miniflare/dist/src/workers/workflows/binding.worker.js:14493:15)
uncaught exception; source = Uncaught (in promise); stack = Error: Engine was never started
    at Engine.getStatus (file:///Users/marcus/Developer/card-keepr/node_modules/.pnpm/miniflare@5.20260908.0-alpha/node_modules/miniflare/dist/src/workers/workflows/binding.worker.js:14493:15)
uncaught exception; source = Uncaught (in promise); stack = Error: Engine was never started
    at Engine.getStatus (file:///Users/marcus/Developer/card-keepr/node_modules/.pnpm/miniflare@5.20260908.0-alpha/node_modules/miniflare/dist/src/workers/workflows/binding.worker.js:14493:15)
uncaught exception; source = Uncaught (in promise); stack = Error: Engine was never started
    at Engine.getStatus (file:///Users/marcus/Developer/card-keepr/node_modules/.pnpm/miniflare@5.20260908.0-alpha/node_modules/miniflare/dist/src/workers/workflows/binding.worker.js:14493:15)
uncaught exception; source = Uncaught (in promise); stack = Error: Engine was never started
    at Engine.getStatus (file:///Users/marcus/Developer/card-keepr/node_modules/.pnpm/miniflare@5.20260908.0-alpha/node_modules/miniflare/dist/src/workers/workflows/binding.worker.js:14493:15)
uncaught exception; source = Uncaught (in promise); stack = Error: instance.not_found
    at WorkflowBinding.get (file:///Users/marcus/Developer/card-keepr/node_modules/.pnpm/miniflare@5.20260908.0-alpha/node_modules/miniflare/dist/src/workers/workflows/binding.worker.js:15150:13)
uncaught exception; source = Uncaught (in promise); stack = Error: instance.not_found
    at WorkflowBinding.get (file:///Users/marcus/Developer/card-keepr/node_modules/.pnpm/miniflare@5.20260908.0-alpha/node_modules/miniflare/dist/src/workers/workflows/binding.worker.js:15150:13)
uncaught exception; source = Uncaught (in promise); stack = Error: instance.not_found
    at WorkflowBinding.get (file:///Users/marcus/Developer/card-keepr/node_modules/.pnpm/miniflare@5.20260908.0-alpha/node_modules/miniflare/dist/src/workers/workflows/binding.worker.js:15150:13)
uncaught exception; exception = workerd/io/io-context.c++:1642: failed: jsg.Error: The Workers runtime canceled this request because it detected that your Worker's code had hung and would never generate a response. Refer to: https://developers.cloudflare.com/workers/observability/errors/
stack: 101c2137f
An RPC result was not disposed properly. One of the RPC calls you made expects you to call dispose() on the return value, but you didn't do so. You cannot rely on the garbage collector for this because it may take arbitrarily long before actually collecting unreachable objects.
 ✓ apps/ingestion/test/runtime-collection-completion.stress.spec.ts (1 test) 135037ms
   ✓ a single-lineage graph larger than 5,000 requests completes collection through bounded host shards  135037ms
 ✓ apps/ingestion/test/reconciliation-scale.stress.spec.ts (4 tests) 141055ms
   ✓ a 1001-entity reconciliation publishes atomically within bounded D1 statement budgets  42049ms
   ✓ a Product-heavy export publishes bounded verified R2 components  78348ms
   ✓ 128 synthetic images of 100 KiB reconcile and publish as immutable references  14606ms
   ✓ warning-heavy evidence seals bounded warning partitions without copying all warnings into each plan  6051ms
uncaught exception; source = Uncaught (in promise); stack = Error: Engine was never started
    at Engine.getStatus (file:///Users/marcus/Developer/card-keepr/node_modules/.pnpm/miniflare@5.20260908.0-alpha/node_modules/miniflare/dist/src/workers/workflows/binding.worker.js:14493:15)
uncaught exception; source = Uncaught (in promise); stack = Error: Engine was never started
    at Engine.getStatus (file:///Users/marcus/Developer/card-keepr/node_modules/.pnpm/miniflare@5.20260908.0-alpha/node_modules/miniflare/dist/src/workers/workflows/binding.worker.js:14493:15)
uncaught exception; source = Uncaught (in promise); stack = Error: instance.not_found
    at WorkflowBinding.get (file:///Users/marcus/Developer/card-keepr/node_modules/.pnpm/miniflare@5.20260908.0-alpha/node_modules/miniflare/dist/src/workers/workflows/binding.worker.js:15150:13)
uncaught exception; exception = workerd/io/io-context.c++:1642: failed: jsg.Error: The Workers runtime canceled this request because it detected that your Worker's code had hung and would never generate a response. Refer to: https://developers.cloudflare.com/workers/observability/errors/
stack: 10384937f
uncaught exception; source = Uncaught (in promise); stack = Error: Engine was never started
    at Engine.getStatus (file:///Users/marcus/Developer/card-keepr/node_modules/.pnpm/miniflare@5.20260908.0-alpha/node_modules/miniflare/dist/src/workers/workflows/binding.worker.js:14493:15)
uncaught exception; source = Uncaught (in promise); stack = Error: Engine was never started
    at Engine.getStatus (file:///Users/marcus/Developer/card-keepr/node_modules/.pnpm/miniflare@5.20260908.0-alpha/node_modules/miniflare/dist/src/workers/workflows/binding.worker.js:14493:15)
uncaught exception; source = Uncaught (in promise); stack = Error: instance.not_found
    at WorkflowBinding.get (file:///Users/marcus/Developer/card-keepr/node_modules/.pnpm/miniflare@5.20260908.0-alpha/node_modules/miniflare/dist/src/workers/workflows/binding.worker.js:15150:13)
uncaught exception; source = Uncaught (in promise); stack = Error: Engine was never started
    at Engine.getStatus (file:///Users/marcus/Developer/card-keepr/node_modules/.pnpm/miniflare@5.20260908.0-alpha/node_modules/miniflare/dist/src/workers/workflows/binding.worker.js:14493:15)
uncaught exception; source = Uncaught (in promise); stack = Error: Engine was never started
    at Engine.getStatus (file:///Users/marcus/Developer/card-keepr/node_modules/.pnpm/miniflare@5.20260908.0-alpha/node_modules/miniflare/dist/src/workers/workflows/binding.worker.js:14493:15)
uncaught exception; source = Uncaught (in promise); stack = Error: Engine was never started
    at Engine.getStatus (file:///Users/marcus/Developer/card-keepr/node_modules/.pnpm/miniflare@5.20260908.0-alpha/node_modules/miniflare/dist/src/workers/workflows/binding.worker.js:14493:15)
uncaught exception; source = Uncaught (in promise); stack = Error: Engine was never started
    at Engine.getStatus (file:///Users/marcus/Developer/card-keepr/node_modules/.pnpm/miniflare@5.20260908.0-alpha/node_modules/miniflare/dist/src/workers/workflows/binding.worker.js:14493:15)
uncaught exception; source = Uncaught (in promise); stack = Error: Engine was never started
    at Engine.getStatus (file:///Users/marcus/Developer/card-keepr/node_modules/.pnpm/miniflare@5.20260908.0-alpha/node_modules/miniflare/dist/src/workers/workflows/binding.worker.js:14493:15)
uncaught exception; source = Uncaught (in promise); stack = Error: Engine was never started
    at Engine.getStatus (file:///Users/marcus/Developer/card-keepr/node_modules/.pnpm/miniflare@5.20260908.0-alpha/node_modules/miniflare/dist/src/workers/workflows/binding.worker.js:14493:15)
uncaught exception; source = Uncaught (in promise); stack = Error: Engine was never started
    at Engine.getStatus (file:///Users/marcus/Developer/card-keepr/node_modules/.pnpm/miniflare@5.20260908.0-alpha/node_modules/miniflare/dist/src/workers/workflows/binding.worker.js:14493:15)
uncaught exception; source = Uncaught (in promise); stack = Error: Engine was never started
    at Engine.getStatus (file:///Users/marcus/Developer/card-keepr/node_modules/.pnpm/miniflare@5.20260908.0-alpha/node_modules/miniflare/dist/src/workers/workflows/binding.worker.js:14493:15)
uncaught exception; source = Uncaught (in promise); stack = Error: Engine was never started
    at Engine.getStatus (file:///Users/marcus/Developer/card-keepr/node_modules/.pnpm/miniflare@5.20260908.0-alpha/node_modules/miniflare/dist/src/workers/workflows/binding.worker.js:14493:15)
uncaught exception; source = Uncaught (in promise); stack = Error: Engine was never started
    at Engine.getStatus (file:///Users/marcus/Developer/card-keepr/node_modules/.pnpm/miniflare@5.20260908.0-alpha/node_modules/miniflare/dist/src/workers/workflows/binding.worker.js:14493:15)
uncaught exception; source = Uncaught (in promise); stack = Error: Engine was never started
    at Engine.getStatus (file:///Users/marcus/Developer/card-keepr/node_modules/.pnpm/miniflare@5.20260908.0-alpha/node_modules/miniflare/dist/src/workers/workflows/binding.worker.js:14493:15)
uncaught exception; source = Uncaught (in promise); stack = Error: Engine was never started
    at Engine.getStatus (file:///Users/marcus/Developer/card-keepr/node_modules/.pnpm/miniflare@5.20260908.0-alpha/node_modules/miniflare/dist/src/workers/workflows/binding.worker.js:14493:15)
uncaught exception; source = Uncaught (in promise); stack = Error: Engine was never started
    at Engine.getStatus (file:///Users/marcus/Developer/card-keepr/node_modules/.pnpm/miniflare@5.20260908.0-alpha/node_modules/miniflare/dist/src/workers/workflows/binding.worker.js:14493:15)
uncaught exception; source = Uncaught (in promise); stack = Error: Engine was never started
    at Engine.getStatus (file:///Users/marcus/Developer/card-keepr/node_modules/.pnpm/miniflare@5.20260908.0-alpha/node_modules/miniflare/dist/src/workers/workflows/binding.worker.js:14493:15)
uncaught exception; source = Uncaught (in promise); stack = Error: Engine was never started
    at Engine.getStatus (file:///Users/marcus/Developer/card-keepr/node_modules/.pnpm/miniflare@5.20260908.0-alpha/node_modules/miniflare/dist/src/workers/workflows/binding.worker.js:14493:15)
uncaught exception; source = Uncaught (in promise); stack = Error: Engine was never started
    at Engine.getStatus (file:///Users/marcus/Developer/card-keepr/node_modules/.pnpm/miniflare@5.20260908.0-alpha/node_modules/miniflare/dist/src/workers/workflows/binding.worker.js:14493:15)
uncaught exception; source = Uncaught (in promise); stack = Error: Engine was never started
    at Engine.getStatus (file:///Users/marcus/Developer/card-keepr/node_modules/.pnpm/miniflare@5.20260908.0-alpha/node_modules/miniflare/dist/src/workers/workflows/binding.worker.js:14493:15)
uncaught exception; source = Uncaught (in promise); stack = Error: Engine was never started
    at Engine.getStatus (file:///Users/marcus/Developer/card-keepr/node_modules/.pnpm/miniflare@5.20260908.0-alpha/node_modules/miniflare/dist/src/workers/workflows/binding.worker.js:14493:15)
uncaught exception; source = Uncaught (in promise); stack = Error: Engine was never started
    at Engine.getStatus (file:///Users/marcus/Developer/card-keepr/node_modules/.pnpm/miniflare@5.20260908.0-alpha/node_modules/miniflare/dist/src/workers/workflows/binding.worker.js:14493:15)
uncaught exception; source = Uncaught (in promise); stack = Error: Engine was never started
    at Engine.getStatus (file:///Users/marcus/Developer/card-keepr/node_modules/.pnpm/miniflare@5.20260908.0-alpha/node_modules/miniflare/dist/src/workers/workflows/binding.worker.js:14493:15)
uncaught exception; source = Uncaught (in promise); stack = Error: Engine was never started
    at Engine.getStatus (file:///Users/marcus/Developer/card-keepr/node_modules/.pnpm/miniflare@5.20260908.0-alpha/node_modules/miniflare/dist/src/workers/workflows/binding.worker.js:14493:15)
uncaught exception; source = Uncaught (in promise); stack = Error: Engine was never started
    at Engine.getStatus (file:///Users/marcus/Developer/card-keepr/node_modules/.pnpm/miniflare@5.20260908.0-alpha/node_modules/miniflare/dist/src/workers/workflows/binding.worker.js:14493:15)
uncaught exception; source = Uncaught (in promise); stack = Error: Engine was never started
    at Engine.getStatus (file:///Users/marcus/Developer/card-keepr/node_modules/.pnpm/miniflare@5.20260908.0-alpha/node_modules/miniflare/dist/src/workers/workflows/binding.worker.js:14493:15)
uncaught exception; source = Uncaught (in promise); stack = Error: Engine was never started
    at Engine.getStatus (file:///Users/marcus/Developer/card-keepr/node_modules/.pnpm/miniflare@5.20260908.0-alpha/node_modules/miniflare/dist/src/workers/workflows/binding.worker.js:14493:15)
uncaught exception; source = Uncaught (in promise); stack = Error: Engine was never started
    at Engine.getStatus (file:///Users/marcus/Developer/card-keepr/node_modules/.pnpm/miniflare@5.20260908.0-alpha/node_modules/miniflare/dist/src/workers/workflows/binding.worker.js:14493:15)
uncaught exception; source = Uncaught (in promise); stack = Error: Engine was never started
    at Engine.getStatus (file:///Users/marcus/Developer/card-keepr/node_modules/.pnpm/miniflare@5.20260908.0-alpha/node_modules/miniflare/dist/src/workers/workflows/binding.worker.js:14493:15)
uncaught exception; source = Uncaught (in promise); stack = Error: Engine was never started
    at Engine.getStatus (file:///Users/marcus/Developer/card-keepr/node_modules/.pnpm/miniflare@5.20260908.0-alpha/node_modules/miniflare/dist/src/workers/workflows/binding.worker.js:14493:15)
uncaught exception; source = Uncaught (in promise); stack = Error: Engine was never started
    at Engine.getStatus (file:///Users/marcus/Developer/card-keepr/node_modules/.pnpm/miniflare@5.20260908.0-alpha/node_modules/miniflare/dist/src/workers/workflows/binding.worker.js:14493:15)
uncaught exception; source = Uncaught (in promise); stack = Error: Engine was never started
    at Engine.getStatus (file:///Users/marcus/Developer/card-keepr/node_modules/.pnpm/miniflare@5.20260908.0-alpha/node_modules/miniflare/dist/src/workers/workflows/binding.worker.js:14493:15)
uncaught exception; source = Uncaught (in promise); stack = Error: Engine was never started
    at Engine.getStatus (file:///Users/marcus/Developer/card-keepr/node_modules/.pnpm/miniflare@5.20260908.0-alpha/node_modules/miniflare/dist/src/workers/workflows/binding.worker.js:14493:15)
uncaught exception; source = Uncaught (in promise); stack = Error: Engine was never started
    at Engine.getStatus (file:///Users/marcus/Developer/card-keepr/node_modules/.pnpm/miniflare@5.20260908.0-alpha/node_modules/miniflare/dist/src/workers/workflows/binding.worker.js:14493:15)
uncaught exception; source = Uncaught (in promise); stack = Error: Engine was never started
    at Engine.getStatus (file:///Users/marcus/Developer/card-keepr/node_modules/.pnpm/miniflare@5.20260908.0-alpha/node_modules/miniflare/dist/src/workers/workflows/binding.worker.js:14493:15)
uncaught exception; source = Uncaught (in promise); stack = Error: Engine was never started
    at Engine.getStatus (file:///Users/marcus/Developer/card-keepr/node_modules/.pnpm/miniflare@5.20260908.0-alpha/node_modules/miniflare/dist/src/workers/workflows/binding.worker.js:14493:15)
uncaught exception; source = Uncaught (in promise); stack = Error: Engine was never started
    at Engine.getStatus (file:///Users/marcus/Developer/card-keepr/node_modules/.pnpm/miniflare@5.20260908.0-alpha/node_modules/miniflare/dist/src/workers/workflows/binding.worker.js:14493:15)
uncaught exception; source = Uncaught (in promise); stack = Error: Engine was never started
    at Engine.getStatus (file:///Users/marcus/Developer/card-keepr/node_modules/.pnpm/miniflare@5.20260908.0-alpha/node_modules/miniflare/dist/src/workers/workflows/binding.worker.js:14493:15)
uncaught exception; source = Uncaught (in promise); stack = Error: Engine was never started
    at Engine.getStatus (file:///Users/marcus/Developer/card-keepr/node_modules/.pnpm/miniflare@5.20260908.0-alpha/node_modules/miniflare/dist/src/workers/workflows/binding.worker.js:14493:15)
uncaught exception; source = Uncaught (in promise); stack = Error: Engine was never started
    at Engine.getStatus (file:///Users/marcus/Developer/card-keepr/node_modules/.pnpm/miniflare@5.20260908.0-alpha/node_modules/miniflare/dist/src/workers/workflows/binding.worker.js:14493:15)
uncaught exception; source = Uncaught (in promise); stack = Error: Engine was never started
    at Engine.getStatus (file:///Users/marcus/Developer/card-keepr/node_modules/.pnpm/miniflare@5.20260908.0-alpha/node_modules/miniflare/dist/src/workers/workflows/binding.worker.js:14493:15)
uncaught exception; source = Uncaught (in promise); stack = Error: Engine was never started
    at Engine.getStatus (file:///Users/marcus/Developer/card-keepr/node_modules/.pnpm/miniflare@5.20260908.0-alpha/node_modules/miniflare/dist/src/workers/workflows/binding.worker.js:14493:15)
uncaught exception; source = Uncaught (in promise); stack = Error: Engine was never started
    at Engine.getStatus (file:///Users/marcus/Developer/card-keepr/node_modules/.pnpm/miniflare@5.20260908.0-alpha/node_modules/miniflare/dist/src/workers/workflows/binding.worker.js:14493:15)
uncaught exception; source = Uncaught (in promise); stack = Error: Engine was never started
    at Engine.getStatus (file:///Users/marcus/Developer/card-keepr/node_modules/.pnpm/miniflare@5.20260908.0-alpha/node_modules/miniflare/dist/src/workers/workflows/binding.worker.js:14493:15)
uncaught exception; source = Uncaught (in promise); stack = Error: Engine was never started
    at Engine.getStatus (file:///Users/marcus/Developer/card-keepr/node_modules/.pnpm/miniflare@5.20260908.0-alpha/node_modules/miniflare/dist/src/workers/workflows/binding.worker.js:14493:15)
uncaught exception; source = Uncaught (in promise); stack = Error: Engine was never started
    at Engine.getStatus (file:///Users/marcus/Developer/card-keepr/node_modules/.pnpm/miniflare@5.20260908.0-alpha/node_modules/miniflare/dist/src/workers/workflows/binding.worker.js:14493:15)
uncaught exception; source = Uncaught (in promise); stack = Error: Engine was never started
    at Engine.getStatus (file:///Users/marcus/Developer/card-keepr/node_modules/.pnpm/miniflare@5.20260908.0-alpha/node_modules/miniflare/dist/src/workers/workflows/binding.worker.js:14493:15)
uncaught exception; source = Uncaught (in promise); stack = Error: Engine was never started
    at Engine.getStatus (file:///Users/marcus/Developer/card-keepr/node_modules/.pnpm/miniflare@5.20260908.0-alpha/node_modules/miniflare/dist/src/workers/workflows/binding.worker.js:14493:15)
uncaught exception; source = Uncaught (in promise); stack = Error: Engine was never started
    at Engine.getStatus (file:///Users/marcus/Developer/card-keepr/node_modules/.pnpm/miniflare@5.20260908.0-alpha/node_modules/miniflare/dist/src/workers/workflows/binding.worker.js:14493:15)
uncaught exception; source = Uncaught (in promise); stack = Error: Engine was never started
    at Engine.getStatus (file:///Users/marcus/Developer/card-keepr/node_modules/.pnpm/miniflare@5.20260908.0-alpha/node_modules/miniflare/dist/src/workers/workflows/binding.worker.js:14493:15)
uncaught exception; source = Uncaught (in promise); stack = Error: Engine was never started
    at Engine.getStatus (file:///Users/marcus/Developer/card-keepr/node_modules/.pnpm/miniflare@5.20260908.0-alpha/node_modules/miniflare/dist/src/workers/workflows/binding.worker.js:14493:15)
uncaught exception; source = Uncaught (in promise); stack = Error: instance.not_found
    at WorkflowBinding.get (file:///Users/marcus/Developer/card-keepr/node_modules/.pnpm/miniflare@5.20260908.0-alpha/node_modules/miniflare/dist/src/workers/workflows/binding.worker.js:15150:13)
uncaught exception; source = Uncaught (in promise); stack = Error: instance.not_found
    at WorkflowBinding.get (file:///Users/marcus/Developer/card-keepr/node_modules/.pnpm/miniflare@5.20260908.0-alpha/node_modules/miniflare/dist/src/workers/workflows/binding.worker.js:15150:13)
uncaught exception; source = Uncaught (in promise); stack = Error: instance.not_found
    at WorkflowBinding.get (file:///Users/marcus/Developer/card-keepr/node_modules/.pnpm/miniflare@5.20260908.0-alpha/node_modules/miniflare/dist/src/workers/workflows/binding.worker.js:15150:13)
uncaught exception; source = Uncaught (in promise); stack = Error: instance.not_found
    at WorkflowBinding.get (file:///Users/marcus/Developer/card-keepr/node_modules/.pnpm/miniflare@5.20260908.0-alpha/node_modules/miniflare/dist/src/workers/workflows/binding.worker.js:15150:13)
uncaught exception; source = Uncaught (in promise); stack = Error: instance.not_found
    at WorkflowBinding.get (file:///Users/marcus/Developer/card-keepr/node_modules/.pnpm/miniflare@5.20260908.0-alpha/node_modules/miniflare/dist/src/workers/workflows/binding.worker.js:15150:13)
uncaught exception; source = Uncaught (in promise); stack = Error: instance.not_found
    at WorkflowBinding.get (file:///Users/marcus/Developer/card-keepr/node_modules/.pnpm/miniflare@5.20260908.0-alpha/node_modules/miniflare/dist/src/workers/workflows/binding.worker.js:15150:13)
uncaught exception; source = Uncaught (in promise); stack = Error: instance.not_found
    at WorkflowBinding.get (file:///Users/marcus/Developer/card-keepr/node_modules/.pnpm/miniflare@5.20260908.0-alpha/node_modules/miniflare/dist/src/workers/workflows/binding.worker.js:15150:13)
uncaught exception; source = Uncaught (in promise); stack = Error: instance.not_found
    at WorkflowBinding.get (file:///Users/marcus/Developer/card-keepr/node_modules/.pnpm/miniflare@5.20260908.0-alpha/node_modules/miniflare/dist/src/workers/workflows/binding.worker.js:15150:13)
uncaught exception; source = Uncaught (in promise); stack = Error: instance.not_found
    at WorkflowBinding.get (file:///Users/marcus/Developer/card-keepr/node_modules/.pnpm/miniflare@5.20260908.0-alpha/node_modules/miniflare/dist/src/workers/workflows/binding.worker.js:15150:13)
uncaught exception; source = Uncaught (in promise); stack = Error: instance.not_found
    at WorkflowBinding.get (file:///Users/marcus/Developer/card-keepr/node_modules/.pnpm/miniflare@5.20260908.0-alpha/node_modules/miniflare/dist/src/workers/workflows/binding.worker.js:15150:13)
uncaught exception; source = Uncaught (in promise); stack = Error: instance.not_found
    at WorkflowBinding.get (file:///Users/marcus/Developer/card-keepr/node_modules/.pnpm/miniflare@5.20260908.0-alpha/node_modules/miniflare/dist/src/workers/workflows/binding.worker.js:15150:13)
uncaught exception; source = Uncaught (in promise); stack = Error: instance.not_found
    at WorkflowBinding.get (file:///Users/marcus/Developer/card-keepr/node_modules/.pnpm/miniflare@5.20260908.0-alpha/node_modules/miniflare/dist/src/workers/workflows/binding.worker.js:15150:13)
uncaught exception; source = Uncaught (in promise); stack = Error: instance.not_found
    at WorkflowBinding.get (file:///Users/marcus/Developer/card-keepr/node_modules/.pnpm/miniflare@5.20260908.0-alpha/node_modules/miniflare/dist/src/workers/workflows/binding.worker.js:15150:13)
uncaught exception; source = Uncaught (in promise); stack = Error: instance.not_found
    at WorkflowBinding.get (file:///Users/marcus/Developer/card-keepr/node_modules/.pnpm/miniflare@5.20260908.0-alpha/node_modules/miniflare/dist/src/workers/workflows/binding.worker.js:15150:13)
uncaught exception; source = Uncaught (in promise); stack = Error: instance.not_found
    at WorkflowBinding.get (file:///Users/marcus/Developer/card-keepr/node_modules/.pnpm/miniflare@5.20260908.0-alpha/node_modules/miniflare/dist/src/workers/workflows/binding.worker.js:15150:13)
uncaught exception; source = Uncaught (in promise); stack = Error: instance.not_found
    at WorkflowBinding.get (file:///Users/marcus/Developer/card-keepr/node_modules/.pnpm/miniflare@5.20260908.0-alpha/node_modules/miniflare/dist/src/workers/workflows/binding.worker.js:15150:13)
uncaught exception; source = Uncaught (in promise); stack = Error: instance.not_found
    at WorkflowBinding.get (file:///Users/marcus/Developer/card-keepr/node_modules/.pnpm/miniflare@5.20260908.0-alpha/node_modules/miniflare/dist/src/workers/workflows/binding.worker.js:15150:13)
uncaught exception; source = Uncaught (in promise); stack = Error: instance.not_found
    at WorkflowBinding.get (file:///Users/marcus/Developer/card-keepr/node_modules/.pnpm/miniflare@5.20260908.0-alpha/node_modules/miniflare/dist/src/workers/workflows/binding.worker.js:15150:13)
uncaught exception; source = Uncaught (in promise); stack = Error: instance.not_found
    at WorkflowBinding.get (file:///Users/marcus/Developer/card-keepr/node_modules/.pnpm/miniflare@5.20260908.0-alpha/node_modules/miniflare/dist/src/workers/workflows/binding.worker.js:15150:13)
uncaught exception; source = Uncaught (in promise); stack = Error: instance.not_found
    at WorkflowBinding.get (file:///Users/marcus/Developer/card-keepr/node_modules/.pnpm/miniflare@5.20260908.0-alpha/node_modules/miniflare/dist/src/workers/workflows/binding.worker.js:15150:13)
uncaught exception; source = Uncaught (in promise); stack = Error: instance.not_found
    at WorkflowBinding.get (file:///Users/marcus/Developer/card-keepr/node_modules/.pnpm/miniflare@5.20260908.0-alpha/node_modules/miniflare/dist/src/workers/workflows/binding.worker.js:15150:13)
uncaught exception; source = Uncaught (in promise); stack = Error: instance.not_found
    at WorkflowBinding.get (file:///Users/marcus/Developer/card-keepr/node_modules/.pnpm/miniflare@5.20260908.0-alpha/node_modules/miniflare/dist/src/workers/workflows/binding.worker.js:15150:13)
uncaught exception; source = Uncaught (in promise); stack = Error: instance.not_found
    at WorkflowBinding.get (file:///Users/marcus/Developer/card-keepr/node_modules/.pnpm/miniflare@5.20260908.0-alpha/node_modules/miniflare/dist/src/workers/workflows/binding.worker.js:15150:13)
uncaught exception; source = Uncaught (in promise); stack = Error: instance.not_found
    at WorkflowBinding.get (file:///Users/marcus/Developer/card-keepr/node_modules/.pnpm/miniflare@5.20260908.0-alpha/node_modules/miniflare/dist/src/workers/workflows/binding.worker.js:15150:13)
uncaught exception; source = Uncaught (in promise); stack = Error: Engine was never started
    at Engine.getStatus (file:///Users/marcus/Developer/card-keepr/node_modules/.pnpm/miniflare@5.20260908.0-alpha/node_modules/miniflare/dist/src/workers/workflows/binding.worker.js:14493:15)
uncaught exception; source = Uncaught (in promise); stack = Error: Engine was never started
    at Engine.getStatus (file:///Users/marcus/Developer/card-keepr/node_modules/.pnpm/miniflare@5.20260908.0-alpha/node_modules/miniflare/dist/src/workers/workflows/binding.worker.js:14493:15)
uncaught exception; source = Uncaught (in promise); stack = Error: Engine was never started
    at Engine.getStatus (file:///Users/marcus/Developer/card-keepr/node_modules/.pnpm/miniflare@5.20260908.0-alpha/node_modules/miniflare/dist/src/workers/workflows/binding.worker.js:14493:15)
uncaught exception; source = Uncaught (in promise); stack = Error: Engine was never started
    at Engine.getStatus (file:///Users/marcus/Developer/card-keepr/node_modules/.pnpm/miniflare@5.20260908.0-alpha/node_modules/miniflare/dist/src/workers/workflows/binding.worker.js:14493:15)
uncaught exception; source = Uncaught (in promise); stack = Error: Engine was never started
    at Engine.getStatus (file:///Users/marcus/Developer/card-keepr/node_modules/.pnpm/miniflare@5.20260908.0-alpha/node_modules/miniflare/dist/src/workers/workflows/binding.worker.js:14493:15)
uncaught exception; source = Uncaught (in promise); stack = Error: Engine was never started
    at Engine.getStatus (file:///Users/marcus/Developer/card-keepr/node_modules/.pnpm/miniflare@5.20260908.0-alpha/node_modules/miniflare/dist/src/workers/workflows/binding.worker.js:14493:15)
uncaught exception; source = Uncaught (in promise); stack = Error: Engine was never started
    at Engine.getStatus (file:///Users/marcus/Developer/card-keepr/node_modules/.pnpm/miniflare@5.20260908.0-alpha/node_modules/miniflare/dist/src/workers/workflows/binding.worker.js:14493:15)
uncaught exception; source = Uncaught (in promise); stack = Error: Engine was never started
    at Engine.getStatus (file:///Users/marcus/Developer/card-keepr/node_modules/.pnpm/miniflare@5.20260908.0-alpha/node_modules/miniflare/dist/src/workers/workflows/binding.worker.js:14493:15)
uncaught exception; source = Uncaught (in promise); stack = Error: Engine was never started
    at Engine.getStatus (file:///Users/marcus/Developer/card-keepr/node_modules/.pnpm/miniflare@5.20260908.0-alpha/node_modules/miniflare/dist/src/workers/workflows/binding.worker.js:14493:15)
uncaught exception; source = Uncaught (in promise); stack = Error: Engine was never started
    at Engine.getStatus (file:///Users/marcus/Developer/card-keepr/node_modules/.pnpm/miniflare@5.20260908.0-alpha/node_modules/miniflare/dist/src/workers/workflows/binding.worker.js:14493:15)
uncaught exception; source = Uncaught (in promise); stack = Error: Engine was never started
    at Engine.getStatus (file:///Users/marcus/Developer/card-keepr/node_modules/.pnpm/miniflare@5.20260908.0-alpha/node_modules/miniflare/dist/src/workers/workflows/binding.worker.js:14493:15)
uncaught exception; source = Uncaught (in promise); stack = Error: Engine was never started
    at Engine.getStatus (file:///Users/marcus/Developer/card-keepr/node_modules/.pnpm/miniflare@5.20260908.0-alpha/node_modules/miniflare/dist/src/workers/workflows/binding.worker.js:14493:15)
uncaught exception; source = Uncaught (in promise); stack = Error: Engine was never started
    at Engine.getStatus (file:///Users/marcus/Developer/card-keepr/node_modules/.pnpm/miniflare@5.20260908.0-alpha/node_modules/miniflare/dist/src/workers/workflows/binding.worker.js:14493:15)
uncaught exception; source = Uncaught (in promise); stack = Error: Engine was never started
    at Engine.getStatus (file:///Users/marcus/Developer/card-keepr/node_modules/.pnpm/miniflare@5.20260908.0-alpha/node_modules/miniflare/dist/src/workers/workflows/binding.worker.js:14493:15)
uncaught exception; source = Uncaught (in promise); stack = Error: Engine was never started
    at Engine.getStatus (file:///Users/marcus/Developer/card-keepr/node_modules/.pnpm/miniflare@5.20260908.0-alpha/node_modules/miniflare/dist/src/workers/workflows/binding.worker.js:14493:15)
uncaught exception; source = Uncaught (in promise); stack = Error: Engine was never started
    at Engine.getStatus (file:///Users/marcus/Developer/card-keepr/node_modules/.pnpm/miniflare@5.20260908.0-alpha/node_modules/miniflare/dist/src/workers/workflows/binding.worker.js:14493:15)
uncaught exception; source = Uncaught (in promise); stack = Error: Engine was never started
    at Engine.getStatus (file:///Users/marcus/Developer/card-keepr/node_modules/.pnpm/miniflare@5.20260908.0-alpha/node_modules/miniflare/dist/src/workers/workflows/binding.worker.js:14493:15)
uncaught exception; source = Uncaught (in promise); stack = Error: Engine was never started
    at Engine.getStatus (file:///Users/marcus/Developer/card-keepr/node_modules/.pnpm/miniflare@5.20260908.0-alpha/node_modules/miniflare/dist/src/workers/workflows/binding.worker.js:14493:15)
uncaught exception; source = Uncaught (in promise); stack = Error: Engine was never started
    at Engine.getStatus (file:///Users/marcus/Developer/card-keepr/node_modules/.pnpm/miniflare@5.20260908.0-alpha/node_modules/miniflare/dist/src/workers/workflows/binding.worker.js:14493:15)
uncaught exception; source = Uncaught (in promise); stack = Error: Engine was never started
    at Engine.getStatus (file:///Users/marcus/Developer/card-keepr/node_modules/.pnpm/miniflare@5.20260908.0-alpha/node_modules/miniflare/dist/src/workers/workflows/binding.worker.js:14493:15)
uncaught exception; source = Uncaught (in promise); stack = Error: Engine was never started
    at Engine.getStatus (file:///Users/marcus/Developer/card-keepr/node_modules/.pnpm/miniflare@5.20260908.0-alpha/node_modules/miniflare/dist/src/workers/workflows/binding.worker.js:14493:15)
uncaught exception; source = Uncaught (in promise); stack = Error: Engine was never started
    at Engine.getStatus (file:///Users/marcus/Developer/card-keepr/node_modules/.pnpm/miniflare@5.20260908.0-alpha/node_modules/miniflare/dist/src/workers/workflows/binding.worker.js:14493:15)
uncaught exception; source = Uncaught (in promise); stack = Error: Engine was never started
    at Engine.getStatus (file:///Users/marcus/Developer/card-keepr/node_modules/.pnpm/miniflare@5.20260908.0-alpha/node_modules/miniflare/dist/src/workers/workflows/binding.worker.js:14493:15)
uncaught exception; source = Uncaught (in promise); stack = Error: Engine was never started
    at Engine.getStatus (file:///Users/marcus/Developer/card-keepr/node_modules/.pnpm/miniflare@5.20260908.0-alpha/node_modules/miniflare/dist/src/workers/workflows/binding.worker.js:14493:15)
uncaught exception; source = Uncaught (in promise); stack = Error: Engine was never started
    at Engine.getStatus (file:///Users/marcus/Developer/card-keepr/node_modules/.pnpm/miniflare@5.20260908.0-alpha/node_modules/miniflare/dist/src/workers/workflows/binding.worker.js:14493:15)
uncaught exception; source = Uncaught (in promise); stack = Error: Engine was never started
    at Engine.getStatus (file:///Users/marcus/Developer/card-keepr/node_modules/.pnpm/miniflare@5.20260908.0-alpha/node_modules/miniflare/dist/src/workers/workflows/binding.worker.js:14493:15)
uncaught exception; source = Uncaught (in promise); stack = Error: Engine was never started
    at Engine.getStatus (file:///Users/marcus/Developer/card-keepr/node_modules/.pnpm/miniflare@5.20260908.0-alpha/node_modules/miniflare/dist/src/workers/workflows/binding.worker.js:14493:15)
uncaught exception; source = Uncaught (in promise); stack = Error: Engine was never started
    at Engine.getStatus (file:///Users/marcus/Developer/card-keepr/node_modules/.pnpm/miniflare@5.20260908.0-alpha/node_modules/miniflare/dist/src/workers/workflows/binding.worker.js:14493:15)
uncaught exception; source = Uncaught (in promise); stack = Error: Engine was never started
    at Engine.getStatus (file:///Users/marcus/Developer/card-keepr/node_modules/.pnpm/miniflare@5.20260908.0-alpha/node_modules/miniflare/dist/src/workers/workflows/binding.worker.js:14493:15)
uncaught exception; source = Uncaught (in promise); stack = Error: Engine was never started
    at Engine.getStatus (file:///Users/marcus/Developer/card-keepr/node_modules/.pnpm/miniflare@5.20260908.0-alpha/node_modules/miniflare/dist/src/workers/workflows/binding.worker.js:14493:15)
uncaught exception; source = Uncaught (in promise); stack = Error: Engine was never started
    at Engine.getStatus (file:///Users/marcus/Developer/card-keepr/node_modules/.pnpm/miniflare@5.20260908.0-alpha/node_modules/miniflare/dist/src/workers/workflows/binding.worker.js:14493:15)
uncaught exception; source = Uncaught (in promise); stack = Error: Engine was never started
    at Engine.getStatus (file:///Users/marcus/Developer/card-keepr/node_modules/.pnpm/miniflare@5.20260908.0-alpha/node_modules/miniflare/dist/src/workers/workflows/binding.worker.js:14493:15)
uncaught exception; source = Uncaught (in promise); stack = Error: Engine was never started
    at Engine.getStatus (file:///Users/marcus/Developer/card-keepr/node_modules/.pnpm/miniflare@5.20260908.0-alpha/node_modules/miniflare/dist/src/workers/workflows/binding.worker.js:14493:15)
uncaught exception; source = Uncaught (in promise); stack = Error: Engine was never started
    at Engine.getStatus (file:///Users/marcus/Developer/card-keepr/node_modules/.pnpm/miniflare@5.20260908.0-alpha/node_modules/miniflare/dist/src/workers/workflows/binding.worker.js:14493:15)
uncaught exception; source = Uncaught (in promise); stack = Error: Engine was never started
    at Engine.getStatus (file:///Users/marcus/Developer/card-keepr/node_modules/.pnpm/miniflare@5.20260908.0-alpha/node_modules/miniflare/dist/src/workers/workflows/binding.worker.js:14493:15)
uncaught exception; source = Uncaught (in promise); stack = Error: Engine was never started
    at Engine.getStatus (file:///Users/marcus/Developer/card-keepr/node_modules/.pnpm/miniflare@5.20260908.0-alpha/node_modules/miniflare/dist/src/workers/workflows/binding.worker.js:14493:15)
uncaught exception; source = Uncaught (in promise); stack = Error: Engine was never started
    at Engine.getStatus (file:///Users/marcus/Developer/card-keepr/node_modules/.pnpm/miniflare@5.20260908.0-alpha/node_modules/miniflare/dist/src/workers/workflows/binding.worker.js:14493:15)
uncaught exception; source = Uncaught (in promise); stack = Error: Engine was never started
    at Engine.getStatus (file:///Users/marcus/Developer/card-keepr/node_modules/.pnpm/miniflare@5.20260908.0-alpha/node_modules/miniflare/dist/src/workers/workflows/binding.worker.js:14493:15)
uncaught exception; source = Uncaught (in promise); stack = Error: Engine was never started
    at Engine.getStatus (file:///Users/marcus/Developer/card-keepr/node_modules/.pnpm/miniflare@5.20260908.0-alpha/node_modules/miniflare/dist/src/workers/workflows/binding.worker.js:14493:15)
uncaught exception; source = Uncaught (in promise); stack = Error: Engine was never started
    at Engine.getStatus (file:///Users/marcus/Developer/card-keepr/node_modules/.pnpm/miniflare@5.20260908.0-alpha/node_modules/miniflare/dist/src/workers/workflows/binding.worker.js:14493:15)
uncaught exception; source = Uncaught (in promise); stack = Error: Engine was never started
    at Engine.getStatus (file:///Users/marcus/Developer/card-keepr/node_modules/.pnpm/miniflare@5.20260908.0-alpha/node_modules/miniflare/dist/src/workers/workflows/binding.worker.js:14493:15)
uncaught exception; source = Uncaught (in promise); stack = Error: Engine was never started
    at Engine.getStatus (file:///Users/marcus/Developer/card-keepr/node_modules/.pnpm/miniflare@5.20260908.0-alpha/node_modules/miniflare/dist/src/workers/workflows/binding.worker.js:14493:15)
uncaught exception; source = Uncaught (in promise); stack = Error: Engine was never started
    at Engine.getStatus (file:///Users/marcus/Developer/card-keepr/node_modules/.pnpm/miniflare@5.20260908.0-alpha/node_modules/miniflare/dist/src/workers/workflows/binding.worker.js:14493:15)
uncaught exception; source = Uncaught (in promise); stack = Error: Engine was never started
    at Engine.getStatus (file:///Users/marcus/Developer/card-keepr/node_modules/.pnpm/miniflare@5.20260908.0-alpha/node_modules/miniflare/dist/src/workers/workflows/binding.worker.js:14493:15)
uncaught exception; source = Uncaught (in promise); stack = Error: Engine was never started
    at Engine.getStatus (file:///Users/marcus/Developer/card-keepr/node_modules/.pnpm/miniflare@5.20260908.0-alpha/node_modules/miniflare/dist/src/workers/workflows/binding.worker.js:14493:15)
uncaught exception; source = Uncaught (in promise); stack = Error: Engine was never started
    at Engine.getStatus (file:///Users/marcus/Developer/card-keepr/node_modules/.pnpm/miniflare@5.20260908.0-alpha/node_modules/miniflare/dist/src/workers/workflows/binding.worker.js:14493:15)
uncaught exception; source = Uncaught (in promise); stack = Error: Engine was never started
    at Engine.getStatus (file:///Users/marcus/Developer/card-keepr/node_modules/.pnpm/miniflare@5.20260908.0-alpha/node_modules/miniflare/dist/src/workers/workflows/binding.worker.js:14493:15)
uncaught exception; source = Uncaught (in promise); stack = Error: Engine was never started
    at Engine.getStatus (file:///Users/marcus/Developer/card-keepr/node_modules/.pnpm/miniflare@5.20260908.0-alpha/node_modules/miniflare/dist/src/workers/workflows/binding.worker.js:14493:15)
uncaught exception; source = Uncaught (in promise); stack = Error: instance.not_found
    at WorkflowBinding.get (file:///Users/marcus/Developer/card-keepr/node_modules/.pnpm/miniflare@5.20260908.0-alpha/node_modules/miniflare/dist/src/workers/workflows/binding.worker.js:15150:13)
uncaught exception; source = Uncaught (in promise); stack = Error: instance.not_found
    at WorkflowBinding.get (file:///Users/marcus/Developer/card-keepr/node_modules/.pnpm/miniflare@5.20260908.0-alpha/node_modules/miniflare/dist/src/workers/workflows/binding.worker.js:15150:13)
uncaught exception; source = Uncaught (in promise); stack = Error: instance.not_found
    at WorkflowBinding.get (file:///Users/marcus/Developer/card-keepr/node_modules/.pnpm/miniflare@5.20260908.0-alpha/node_modules/miniflare/dist/src/workers/workflows/binding.worker.js:15150:13)
uncaught exception; source = Uncaught (in promise); stack = Error: instance.not_found
    at WorkflowBinding.get (file:///Users/marcus/Developer/card-keepr/node_modules/.pnpm/miniflare@5.20260908.0-alpha/node_modules/miniflare/dist/src/workers/workflows/binding.worker.js:15150:13)
uncaught exception; source = Uncaught (in promise); stack = Error: instance.not_found
    at WorkflowBinding.get (file:///Users/marcus/Developer/card-keepr/node_modules/.pnpm/miniflare@5.20260908.0-alpha/node_modules/miniflare/dist/src/workers/workflows/binding.worker.js:15150:13)
uncaught exception; source = Uncaught (in promise); stack = Error: instance.not_found
    at WorkflowBinding.get (file:///Users/marcus/Developer/card-keepr/node_modules/.pnpm/miniflare@5.20260908.0-alpha/node_modules/miniflare/dist/src/workers/workflows/binding.worker.js:15150:13)
uncaught exception; source = Uncaught (in promise); stack = Error: instance.not_found
    at WorkflowBinding.get (file:///Users/marcus/Developer/card-keepr/node_modules/.pnpm/miniflare@5.20260908.0-alpha/node_modules/miniflare/dist/src/workers/workflows/binding.worker.js:15150:13)
uncaught exception; source = Uncaught (in promise); stack = Error: instance.not_found
    at WorkflowBinding.get (file:///Users/marcus/Developer/card-keepr/node_modules/.pnpm/miniflare@5.20260908.0-alpha/node_modules/miniflare/dist/src/workers/workflows/binding.worker.js:15150:13)
uncaught exception; source = Uncaught (in promise); stack = Error: instance.not_found
    at WorkflowBinding.get (file:///Users/marcus/Developer/card-keepr/node_modules/.pnpm/miniflare@5.20260908.0-alpha/node_modules/miniflare/dist/src/workers/workflows/binding.worker.js:15150:13)
uncaught exception; source = Uncaught (in promise); stack = Error: instance.not_found
    at WorkflowBinding.get (file:///Users/marcus/Developer/card-keepr/node_modules/.pnpm/miniflare@5.20260908.0-alpha/node_modules/miniflare/dist/src/workers/workflows/binding.worker.js:15150:13)
uncaught exception; source = Uncaught (in promise); stack = Error: instance.not_found
    at WorkflowBinding.get (file:///Users/marcus/Developer/card-keepr/node_modules/.pnpm/miniflare@5.20260908.0-alpha/node_modules/miniflare/dist/src/workers/workflows/binding.worker.js:15150:13)
uncaught exception; source = Uncaught (in promise); stack = Error: instance.not_found
    at WorkflowBinding.get (file:///Users/marcus/Developer/card-keepr/node_modules/.pnpm/miniflare@5.20260908.0-alpha/node_modules/miniflare/dist/src/workers/workflows/binding.worker.js:15150:13)
uncaught exception; source = Uncaught (in promise); stack = Error: instance.not_found
    at WorkflowBinding.get (file:///Users/marcus/Developer/card-keepr/node_modules/.pnpm/miniflare@5.20260908.0-alpha/node_modules/miniflare/dist/src/workers/workflows/binding.worker.js:15150:13)
uncaught exception; source = Uncaught (in promise); stack = Error: instance.not_found
    at WorkflowBinding.get (file:///Users/marcus/Developer/card-keepr/node_modules/.pnpm/miniflare@5.20260908.0-alpha/node_modules/miniflare/dist/src/workers/workflows/binding.worker.js:15150:13)
uncaught exception; source = Uncaught (in promise); stack = Error: instance.not_found
    at WorkflowBinding.get (file:///Users/marcus/Developer/card-keepr/node_modules/.pnpm/miniflare@5.20260908.0-alpha/node_modules/miniflare/dist/src/workers/workflows/binding.worker.js:15150:13)
uncaught exception; source = Uncaught (in promise); stack = Error: instance.not_found
    at WorkflowBinding.get (file:///Users/marcus/Developer/card-keepr/node_modules/.pnpm/miniflare@5.20260908.0-alpha/node_modules/miniflare/dist/src/workers/workflows/binding.worker.js:15150:13)
uncaught exception; source = Uncaught (in promise); stack = Error: instance.not_found
    at WorkflowBinding.get (file:///Users/marcus/Developer/card-keepr/node_modules/.pnpm/miniflare@5.20260908.0-alpha/node_modules/miniflare/dist/src/workers/workflows/binding.worker.js:15150:13)
uncaught exception; source = Uncaught (in promise); stack = Error: instance.not_found
    at WorkflowBinding.get (file:///Users/marcus/Developer/card-keepr/node_modules/.pnpm/miniflare@5.20260908.0-alpha/node_modules/miniflare/dist/src/workers/workflows/binding.worker.js:15150:13)
uncaught exception; source = Uncaught (in promise); stack = Error: instance.not_found
    at WorkflowBinding.get (file:///Users/marcus/Developer/card-keepr/node_modules/.pnpm/miniflare@5.20260908.0-alpha/node_modules/miniflare/dist/src/workers/workflows/binding.worker.js:15150:13)
uncaught exception; source = Uncaught (in promise); stack = Error: instance.not_found
    at WorkflowBinding.get (file:///Users/marcus/Developer/card-keepr/node_modules/.pnpm/miniflare@5.20260908.0-alpha/node_modules/miniflare/dist/src/workers/workflows/binding.worker.js:15150:13)
uncaught exception; source = Uncaught (in promise); stack = Error: instance.not_found
    at WorkflowBinding.get (file:///Users/marcus/Developer/card-keepr/node_modules/.pnpm/miniflare@5.20260908.0-alpha/node_modules/miniflare/dist/src/workers/workflows/binding.worker.js:15150:13)
uncaught exception; source = Uncaught (in promise); stack = Error: instance.not_found
    at WorkflowBinding.get (file:///Users/marcus/Developer/card-keepr/node_modules/.pnpm/miniflare@5.20260908.0-alpha/node_modules/miniflare/dist/src/workers/workflows/binding.worker.js:15150:13)
uncaught exception; source = Uncaught (in promise); stack = Error: instance.not_found
    at WorkflowBinding.get (file:///Users/marcus/Developer/card-keepr/node_modules/.pnpm/miniflare@5.20260908.0-alpha/node_modules/miniflare/dist/src/workers/workflows/binding.worker.js:15150:13)
uncaught exception; source = Uncaught (in promise); stack = Error: instance.not_found
    at WorkflowBinding.get (file:///Users/marcus/Developer/card-keepr/node_modules/.pnpm/miniflare@5.20260908.0-alpha/node_modules/miniflare/dist/src/workers/workflows/binding.worker.js:15150:13)
uncaught exception; exception = workerd/api/actor-state.c++:1197: failed: broken.outputGateBroken; jsg.Error: Aborting engine: User called terminate
stack: 10384937f
uncaught exception; exception = workerd/api/actor-state.c++:1197: failed: broken.outputGateBroken; jsg.Error: Aborting engine: User called terminate
stack: 10384937f
uncaught exception; exception = workerd/api/actor-state.c++:1197: failed: broken.outputGateBroken; jsg.Error: Aborting engine: User called terminate
stack: 10384937f
uncaught exception; exception = workerd/api/actor-state.c++:1197: failed: broken.outputGateBroken; jsg.Error: Aborting engine: User called terminate
stack: 10384937f
uncaught exception; exception = workerd/api/actor-state.c++:1197: failed: broken.outputGateBroken; jsg.Error: Aborting engine: User called terminate
stack: 10384937f
uncaught exception; exception = workerd/api/actor-state.c++:1197: failed: broken.outputGateBroken; jsg.Error: Aborting engine: User called terminate
stack: 10384937f
uncaught exception; source = Uncaught (in promise); stack = Error: Engine was never started
    at Engine.getStatus (file:///Users/marcus/Developer/card-keepr/node_modules/.pnpm/miniflare@5.20260908.0-alpha/node_modules/miniflare/dist/src/workers/workflows/binding.worker.js:14493:15)
uncaught exception; source = Uncaught (in promise); stack = Error: Engine was never started
    at Engine.getStatus (file:///Users/marcus/Developer/card-keepr/node_modules/.pnpm/miniflare@5.20260908.0-alpha/node_modules/miniflare/dist/src/workers/workflows/binding.worker.js:14493:15)
uncaught exception; source = Uncaught (in promise); stack = Error: instance.not_found
    at WorkflowBinding.get (file:///Users/marcus/Developer/card-keepr/node_modules/.pnpm/miniflare@5.20260908.0-alpha/node_modules/miniflare/dist/src/workers/workflows/binding.worker.js:15150:13)
uncaught exception; exception = workerd/io/io-context.c++:1642: failed: jsg.Error: The Workers runtime canceled this request because it detected that your Worker's code had hung and would never generate a response. Refer to: https://developers.cloudflare.com/workers/observability/errors/
stack: 10384937f
uncaught exception; source = Uncaught (in promise); stack = Error: Engine was never started
    at Engine.getStatus (file:///Users/marcus/Developer/card-keepr/node_modules/.pnpm/miniflare@5.20260908.0-alpha/node_modules/miniflare/dist/src/workers/workflows/binding.worker.js:14493:15)
uncaught exception; source = Uncaught (in promise); stack = Error: Engine was never started
    at Engine.getStatus (file:///Users/marcus/Developer/card-keepr/node_modules/.pnpm/miniflare@5.20260908.0-alpha/node_modules/miniflare/dist/src/workers/workflows/binding.worker.js:14493:15)
uncaught exception; source = Uncaught (in promise); stack = Error: instance.not_found
    at WorkflowBinding.get (file:///Users/marcus/Developer/card-keepr/node_modules/.pnpm/miniflare@5.20260908.0-alpha/node_modules/miniflare/dist/src/workers/workflows/binding.worker.js:15150:13)
uncaught exception; source = Uncaught (in promise); stack = Error: Engine was never started
    at Engine.getStatus (file:///Users/marcus/Developer/card-keepr/node_modules/.pnpm/miniflare@5.20260908.0-alpha/node_modules/miniflare/dist/src/workers/workflows/binding.worker.js:14493:15)
uncaught exception; source = Uncaught (in promise); stack = Error: Engine was never started
    at Engine.getStatus (file:///Users/marcus/Developer/card-keepr/node_modules/.pnpm/miniflare@5.20260908.0-alpha/node_modules/miniflare/dist/src/workers/workflows/binding.worker.js:14493:15)
uncaught exception; source = Uncaught (in promise); stack = Error: Engine was never started
    at Engine.getStatus (file:///Users/marcus/Developer/card-keepr/node_modules/.pnpm/miniflare@5.20260908.0-alpha/node_modules/miniflare/dist/src/workers/workflows/binding.worker.js:14493:15)
uncaught exception; source = Uncaught (in promise); stack = Error: Engine was never started
    at Engine.getStatus (file:///Users/marcus/Developer/card-keepr/node_modules/.pnpm/miniflare@5.20260908.0-alpha/node_modules/miniflare/dist/src/workers/workflows/binding.worker.js:14493:15)
uncaught exception; source = Uncaught (in promise); stack = Error: Engine was never started
    at Engine.getStatus (file:///Users/marcus/Developer/card-keepr/node_modules/.pnpm/miniflare@5.20260908.0-alpha/node_modules/miniflare/dist/src/workers/workflows/binding.worker.js:14493:15)
uncaught exception; source = Uncaught (in promise); stack = Error: Engine was never started
    at Engine.getStatus (file:///Users/marcus/Developer/card-keepr/node_modules/.pnpm/miniflare@5.20260908.0-alpha/node_modules/miniflare/dist/src/workers/workflows/binding.worker.js:14493:15)
uncaught exception; source = Uncaught (in promise); stack = Error: Engine was never started
    at Engine.getStatus (file:///Users/marcus/Developer/card-keepr/node_modules/.pnpm/miniflare@5.20260908.0-alpha/node_modules/miniflare/dist/src/workers/workflows/binding.worker.js:14493:15)
uncaught exception; source = Uncaught (in promise); stack = Error: Engine was never started
    at Engine.getStatus (file:///Users/marcus/Developer/card-keepr/node_modules/.pnpm/miniflare@5.20260908.0-alpha/node_modules/miniflare/dist/src/workers/workflows/binding.worker.js:14493:15)
uncaught exception; source = Uncaught (in promise); stack = Error: Engine was never started
    at Engine.getStatus (file:///Users/marcus/Developer/card-keepr/node_modules/.pnpm/miniflare@5.20260908.0-alpha/node_modules/miniflare/dist/src/workers/workflows/binding.worker.js:14493:15)
uncaught exception; source = Uncaught (in promise); stack = Error: Engine was never started
    at Engine.getStatus (file:///Users/marcus/Developer/card-keepr/node_modules/.pnpm/miniflare@5.20260908.0-alpha/node_modules/miniflare/dist/src/workers/workflows/binding.worker.js:14493:15)
uncaught exception; source = Uncaught (in promise); stack = Error: Engine was never started
    at Engine.getStatus (file:///Users/marcus/Developer/card-keepr/node_modules/.pnpm/miniflare@5.20260908.0-alpha/node_modules/miniflare/dist/src/workers/workflows/binding.worker.js:14493:15)
uncaught exception; source = Uncaught (in promise); stack = Error: Engine was never started
    at Engine.getStatus (file:///Users/marcus/Developer/card-keepr/node_modules/.pnpm/miniflare@5.20260908.0-alpha/node_modules/miniflare/dist/src/workers/workflows/binding.worker.js:14493:15)
uncaught exception; source = Uncaught (in promise); stack = Error: Engine was never started
    at Engine.getStatus (file:///Users/marcus/Developer/card-keepr/node_modules/.pnpm/miniflare@5.20260908.0-alpha/node_modules/miniflare/dist/src/workers/workflows/binding.worker.js:14493:15)
uncaught exception; source = Uncaught (in promise); stack = Error: Engine was never started
    at Engine.getStatus (file:///Users/marcus/Developer/card-keepr/node_modules/.pnpm/miniflare@5.20260908.0-alpha/node_modules/miniflare/dist/src/workers/workflows/binding.worker.js:14493:15)
uncaught exception; source = Uncaught (in promise); stack = Error: Engine was never started
    at Engine.getStatus (file:///Users/marcus/Developer/card-keepr/node_modules/.pnpm/miniflare@5.20260908.0-alpha/node_modules/miniflare/dist/src/workers/workflows/binding.worker.js:14493:15)
uncaught exception; source = Uncaught (in promise); stack = Error: Engine was never started
    at Engine.getStatus (file:///Users/marcus/Developer/card-keepr/node_modules/.pnpm/miniflare@5.20260908.0-alpha/node_modules/miniflare/dist/src/workers/workflows/binding.worker.js:14493:15)
uncaught exception; source = Uncaught (in promise); stack = Error: Engine was never started
    at Engine.getStatus (file:///Users/marcus/Developer/card-keepr/node_modules/.pnpm/miniflare@5.20260908.0-alpha/node_modules/miniflare/dist/src/workers/workflows/binding.worker.js:14493:15)
uncaught exception; source = Uncaught (in promise); stack = Error: Engine was never started
    at Engine.getStatus (file:///Users/marcus/Developer/card-keepr/node_modules/.pnpm/miniflare@5.20260908.0-alpha/node_modules/miniflare/dist/src/workers/workflows/binding.worker.js:14493:15)
uncaught exception; source = Uncaught (in promise); stack = Error: Engine was never started
    at Engine.getStatus (file:///Users/marcus/Developer/card-keepr/node_modules/.pnpm/miniflare@5.20260908.0-alpha/node_modules/miniflare/dist/src/workers/workflows/binding.worker.js:14493:15)
uncaught exception; source = Uncaught (in promise); stack = Error: Engine was never started
    at Engine.getStatus (file:///Users/marcus/Developer/card-keepr/node_modules/.pnpm/miniflare@5.20260908.0-alpha/node_modules/miniflare/dist/src/workers/workflows/binding.worker.js:14493:15)
uncaught exception; source = Uncaught (in promise); stack = Error: Engine was never started
    at Engine.getStatus (file:///Users/marcus/Developer/card-keepr/node_modules/.pnpm/miniflare@5.20260908.0-alpha/node_modules/miniflare/dist/src/workers/workflows/binding.worker.js:14493:15)
uncaught exception; source = Uncaught (in promise); stack = Error: Engine was never started
    at Engine.getStatus (file:///Users/marcus/Developer/card-keepr/node_modules/.pnpm/miniflare@5.20260908.0-alpha/node_modules/miniflare/dist/src/workers/workflows/binding.worker.js:14493:15)
uncaught exception; source = Uncaught (in promise); stack = Error: Engine was never started
    at Engine.getStatus (file:///Users/marcus/Developer/card-keepr/node_modules/.pnpm/miniflare@5.20260908.0-alpha/node_modules/miniflare/dist/src/workers/workflows/binding.worker.js:14493:15)
uncaught exception; source = Uncaught (in promise); stack = Error: Engine was never started
    at Engine.getStatus (file:///Users/marcus/Developer/card-keepr/node_modules/.pnpm/miniflare@5.20260908.0-alpha/node_modules/miniflare/dist/src/workers/workflows/binding.worker.js:14493:15)
uncaught exception; source = Uncaught (in promise); stack = Error: Engine was never started
    at Engine.getStatus (file:///Users/marcus/Developer/card-keepr/node_modules/.pnpm/miniflare@5.20260908.0-alpha/node_modules/miniflare/dist/src/workers/workflows/binding.worker.js:14493:15)
uncaught exception; source = Uncaught (in promise); stack = Error: Engine was never started
    at Engine.getStatus (file:///Users/marcus/Developer/card-keepr/node_modules/.pnpm/miniflare@5.20260908.0-alpha/node_modules/miniflare/dist/src/workers/workflows/binding.worker.js:14493:15)
uncaught exception; source = Uncaught (in promise); stack = Error: Engine was never started
    at Engine.getStatus (file:///Users/marcus/Developer/card-keepr/node_modules/.pnpm/miniflare@5.20260908.0-alpha/node_modules/miniflare/dist/src/workers/workflows/binding.worker.js:14493:15)
uncaught exception; source = Uncaught (in promise); stack = Error: Engine was never started
    at Engine.getStatus (file:///Users/marcus/Developer/card-keepr/node_modules/.pnpm/miniflare@5.20260908.0-alpha/node_modules/miniflare/dist/src/workers/workflows/binding.worker.js:14493:15)
uncaught exception; source = Uncaught (in promise); stack = Error: Engine was never started
    at Engine.getStatus (file:///Users/marcus/Developer/card-keepr/node_modules/.pnpm/miniflare@5.20260908.0-alpha/node_modules/miniflare/dist/src/workers/workflows/binding.worker.js:14493:15)
uncaught exception; source = Uncaught (in promise); stack = Error: Engine was never started
    at Engine.getStatus (file:///Users/marcus/Developer/card-keepr/node_modules/.pnpm/miniflare@5.20260908.0-alpha/node_modules/miniflare/dist/src/workers/workflows/binding.worker.js:14493:15)
uncaught exception; source = Uncaught (in promise); stack = Error: Engine was never started
    at Engine.getStatus (file:///Users/marcus/Developer/card-keepr/node_modules/.pnpm/miniflare@5.20260908.0-alpha/node_modules/miniflare/dist/src/workers/workflows/binding.worker.js:14493:15)
uncaught exception; source = Uncaught (in promise); stack = Error: Engine was never started
    at Engine.getStatus (file:///Users/marcus/Developer/card-keepr/node_modules/.pnpm/miniflare@5.20260908.0-alpha/node_modules/miniflare/dist/src/workers/workflows/binding.worker.js:14493:15)
uncaught exception; source = Uncaught (in promise); stack = Error: Engine was never started
    at Engine.getStatus (file:///Users/marcus/Developer/card-keepr/node_modules/.pnpm/miniflare@5.20260908.0-alpha/node_modules/miniflare/dist/src/workers/workflows/binding.worker.js:14493:15)
uncaught exception; source = Uncaught (in promise); stack = Error: Engine was never started
    at Engine.getStatus (file:///Users/marcus/Developer/card-keepr/node_modules/.pnpm/miniflare@5.20260908.0-alpha/node_modules/miniflare/dist/src/workers/workflows/binding.worker.js:14493:15)
uncaught exception; source = Uncaught (in promise); stack = Error: Engine was never started
    at Engine.getStatus (file:///Users/marcus/Developer/card-keepr/node_modules/.pnpm/miniflare@5.20260908.0-alpha/node_modules/miniflare/dist/src/workers/workflows/binding.worker.js:14493:15)
uncaught exception; source = Uncaught (in promise); stack = Error: Engine was never started
    at Engine.getStatus (file:///Users/marcus/Developer/card-keepr/node_modules/.pnpm/miniflare@5.20260908.0-alpha/node_modules/miniflare/dist/src/workers/workflows/binding.worker.js:14493:15)
uncaught exception; source = Uncaught (in promise); stack = Error: Engine was never started
    at Engine.getStatus (file:///Users/marcus/Developer/card-keepr/node_modules/.pnpm/miniflare@5.20260908.0-alpha/node_modules/miniflare/dist/src/workers/workflows/binding.worker.js:14493:15)
uncaught exception; source = Uncaught (in promise); stack = Error: Engine was never started
    at Engine.getStatus (file:///Users/marcus/Developer/card-keepr/node_modules/.pnpm/miniflare@5.20260908.0-alpha/node_modules/miniflare/dist/src/workers/workflows/binding.worker.js:14493:15)
uncaught exception; source = Uncaught (in promise); stack = Error: Engine was never started
    at Engine.getStatus (file:///Users/marcus/Developer/card-keepr/node_modules/.pnpm/miniflare@5.20260908.0-alpha/node_modules/miniflare/dist/src/workers/workflows/binding.worker.js:14493:15)
uncaught exception; source = Uncaught (in promise); stack = Error: Engine was never started
    at Engine.getStatus (file:///Users/marcus/Developer/card-keepr/node_modules/.pnpm/miniflare@5.20260908.0-alpha/node_modules/miniflare/dist/src/workers/workflows/binding.worker.js:14493:15)
uncaught exception; source = Uncaught (in promise); stack = Error: Engine was never started
    at Engine.getStatus (file:///Users/marcus/Developer/card-keepr/node_modules/.pnpm/miniflare@5.20260908.0-alpha/node_modules/miniflare/dist/src/workers/workflows/binding.worker.js:14493:15)
uncaught exception; source = Uncaught (in promise); stack = Error: Engine was never started
    at Engine.getStatus (file:///Users/marcus/Developer/card-keepr/node_modules/.pnpm/miniflare@5.20260908.0-alpha/node_modules/miniflare/dist/src/workers/workflows/binding.worker.js:14493:15)
uncaught exception; source = Uncaught (in promise); stack = Error: Engine was never started
    at Engine.getStatus (file:///Users/marcus/Developer/card-keepr/node_modules/.pnpm/miniflare@5.20260908.0-alpha/node_modules/miniflare/dist/src/workers/workflows/binding.worker.js:14493:15)
uncaught exception; source = Uncaught (in promise); stack = Error: Engine was never started
    at Engine.getStatus (file:///Users/marcus/Developer/card-keepr/node_modules/.pnpm/miniflare@5.20260908.0-alpha/node_modules/miniflare/dist/src/workers/workflows/binding.worker.js:14493:15)
uncaught exception; source = Uncaught (in promise); stack = Error: Engine was never started
    at Engine.getStatus (file:///Users/marcus/Developer/card-keepr/node_modules/.pnpm/miniflare@5.20260908.0-alpha/node_modules/miniflare/dist/src/workers/workflows/binding.worker.js:14493:15)
uncaught exception; source = Uncaught (in promise); stack = Error: Engine was never started
    at Engine.getStatus (file:///Users/marcus/Developer/card-keepr/node_modules/.pnpm/miniflare@5.20260908.0-alpha/node_modules/miniflare/dist/src/workers/workflows/binding.worker.js:14493:15)
uncaught exception; source = Uncaught (in promise); stack = Error: Engine was never started
    at Engine.getStatus (file:///Users/marcus/Developer/card-keepr/node_modules/.pnpm/miniflare@5.20260908.0-alpha/node_modules/miniflare/dist/src/workers/workflows/binding.worker.js:14493:15)
uncaught exception; source = Uncaught (in promise); stack = Error: Engine was never started
    at Engine.getStatus (file:///Users/marcus/Developer/card-keepr/node_modules/.pnpm/miniflare@5.20260908.0-alpha/node_modules/miniflare/dist/src/workers/workflows/binding.worker.js:14493:15)
uncaught exception; source = Uncaught (in promise); stack = Error: Engine was never started
    at Engine.getStatus (file:///Users/marcus/Developer/card-keepr/node_modules/.pnpm/miniflare@5.20260908.0-alpha/node_modules/miniflare/dist/src/workers/workflows/binding.worker.js:14493:15)
uncaught exception; source = Uncaught (in promise); stack = Error: Engine was never started
    at Engine.getStatus (file:///Users/marcus/Developer/card-keepr/node_modules/.pnpm/miniflare@5.20260908.0-alpha/node_modules/miniflare/dist/src/workers/workflows/binding.worker.js:14493:15)
uncaught exception; source = Uncaught (in promise); stack = Error: Engine was never started
    at Engine.getStatus (file:///Users/marcus/Developer/card-keepr/node_modules/.pnpm/miniflare@5.20260908.0-alpha/node_modules/miniflare/dist/src/workers/workflows/binding.worker.js:14493:15)
uncaught exception; source = Uncaught (in promise); stack = Error: Engine was never started
    at Engine.getStatus (file:///Users/marcus/Developer/card-keepr/node_modules/.pnpm/miniflare@5.20260908.0-alpha/node_modules/miniflare/dist/src/workers/workflows/binding.worker.js:14493:15)
uncaught exception; source = Uncaught (in promise); stack = Error: Engine was never started
    at Engine.getStatus (file:///Users/marcus/Developer/card-keepr/node_modules/.pnpm/miniflare@5.20260908.0-alpha/node_modules/miniflare/dist/src/workers/workflows/binding.worker.js:14493:15)
uncaught exception; source = Uncaught (in promise); stack = Error: Engine was never started
    at Engine.getStatus (file:///Users/marcus/Developer/card-keepr/node_modules/.pnpm/miniflare@5.20260908.0-alpha/node_modules/miniflare/dist/src/workers/workflows/binding.worker.js:14493:15)
uncaught exception; source = Uncaught (in promise); stack = Error: Engine was never started
    at Engine.getStatus (file:///Users/marcus/Developer/card-keepr/node_modules/.pnpm/miniflare@5.20260908.0-alpha/node_modules/miniflare/dist/src/workers/workflows/binding.worker.js:14493:15)
uncaught exception; source = Uncaught (in promise); stack = Error: Engine was never started
    at Engine.getStatus (file:///Users/marcus/Developer/card-keepr/node_modules/.pnpm/miniflare@5.20260908.0-alpha/node_modules/miniflare/dist/src/workers/workflows/binding.worker.js:14493:15)
uncaught exception; source = Uncaught (in promise); stack = Error: Engine was never started
    at Engine.getStatus (file:///Users/marcus/Developer/card-keepr/node_modules/.pnpm/miniflare@5.20260908.0-alpha/node_modules/miniflare/dist/src/workers/workflows/binding.worker.js:14493:15)
uncaught exception; source = Uncaught (in promise); stack = Error: Engine was never started
    at Engine.getStatus (file:///Users/marcus/Developer/card-keepr/node_modules/.pnpm/miniflare@5.20260908.0-alpha/node_modules/miniflare/dist/src/workers/workflows/binding.worker.js:14493:15)
uncaught exception; source = Uncaught (in promise); stack = Error: Engine was never started
    at Engine.getStatus (file:///Users/marcus/Developer/card-keepr/node_modules/.pnpm/miniflare@5.20260908.0-alpha/node_modules/miniflare/dist/src/workers/workflows/binding.worker.js:14493:15)
uncaught exception; source = Uncaught (in promise); stack = Error: Engine was never started
    at Engine.getStatus (file:///Users/marcus/Developer/card-keepr/node_modules/.pnpm/miniflare@5.20260908.0-alpha/node_modules/miniflare/dist/src/workers/workflows/binding.worker.js:14493:15)
uncaught exception; source = Uncaught (in promise); stack = Error: instance.not_found
    at WorkflowBinding.get (file:///Users/marcus/Developer/card-keepr/node_modules/.pnpm/miniflare@5.20260908.0-alpha/node_modules/miniflare/dist/src/workers/workflows/binding.worker.js:15150:13)
uncaught exception; source = Uncaught (in promise); stack = Error: instance.not_found
    at WorkflowBinding.get (file:///Users/marcus/Developer/card-keepr/node_modules/.pnpm/miniflare@5.20260908.0-alpha/node_modules/miniflare/dist/src/workers/workflows/binding.worker.js:15150:13)
uncaught exception; source = Uncaught (in promise); stack = Error: instance.not_found
    at WorkflowBinding.get (file:///Users/marcus/Developer/card-keepr/node_modules/.pnpm/miniflare@5.20260908.0-alpha/node_modules/miniflare/dist/src/workers/workflows/binding.worker.js:15150:13)
uncaught exception; source = Uncaught (in promise); stack = Error: instance.not_found
    at WorkflowBinding.get (file:///Users/marcus/Developer/card-keepr/node_modules/.pnpm/miniflare@5.20260908.0-alpha/node_modules/miniflare/dist/src/workers/workflows/binding.worker.js:15150:13)
uncaught exception; source = Uncaught (in promise); stack = Error: instance.not_found
    at WorkflowBinding.get (file:///Users/marcus/Developer/card-keepr/node_modules/.pnpm/miniflare@5.20260908.0-alpha/node_modules/miniflare/dist/src/workers/workflows/binding.worker.js:15150:13)
uncaught exception; source = Uncaught (in promise); stack = Error: instance.not_found
    at WorkflowBinding.get (file:///Users/marcus/Developer/card-keepr/node_modules/.pnpm/miniflare@5.20260908.0-alpha/node_modules/miniflare/dist/src/workers/workflows/binding.worker.js:15150:13)
uncaught exception; source = Uncaught (in promise); stack = Error: instance.not_found
    at WorkflowBinding.get (file:///Users/marcus/Developer/card-keepr/node_modules/.pnpm/miniflare@5.20260908.0-alpha/node_modules/miniflare/dist/src/workers/workflows/binding.worker.js:15150:13)
uncaught exception; source = Uncaught (in promise); stack = Error: instance.not_found
    at WorkflowBinding.get (file:///Users/marcus/Developer/card-keepr/node_modules/.pnpm/miniflare@5.20260908.0-alpha/node_modules/miniflare/dist/src/workers/workflows/binding.worker.js:15150:13)
uncaught exception; source = Uncaught (in promise); stack = Error: instance.not_found
    at WorkflowBinding.get (file:///Users/marcus/Developer/card-keepr/node_modules/.pnpm/miniflare@5.20260908.0-alpha/node_modules/miniflare/dist/src/workers/workflows/binding.worker.js:15150:13)
uncaught exception; source = Uncaught (in promise); stack = Error: instance.not_found
    at WorkflowBinding.get (file:///Users/marcus/Developer/card-keepr/node_modules/.pnpm/miniflare@5.20260908.0-alpha/node_modules/miniflare/dist/src/workers/workflows/binding.worker.js:15150:13)
uncaught exception; source = Uncaught (in promise); stack = Error: instance.not_found
    at WorkflowBinding.get (file:///Users/marcus/Developer/card-keepr/node_modules/.pnpm/miniflare@5.20260908.0-alpha/node_modules/miniflare/dist/src/workers/workflows/binding.worker.js:15150:13)
uncaught exception; source = Uncaught (in promise); stack = Error: instance.not_found
    at WorkflowBinding.get (file:///Users/marcus/Developer/card-keepr/node_modules/.pnpm/miniflare@5.20260908.0-alpha/node_modules/miniflare/dist/src/workers/workflows/binding.worker.js:15150:13)
uncaught exception; source = Uncaught (in promise); stack = Error: instance.not_found
    at WorkflowBinding.get (file:///Users/marcus/Developer/card-keepr/node_modules/.pnpm/miniflare@5.20260908.0-alpha/node_modules/miniflare/dist/src/workers/workflows/binding.worker.js:15150:13)
uncaught exception; source = Uncaught (in promise); stack = Error: instance.not_found
    at WorkflowBinding.get (file:///Users/marcus/Developer/card-keepr/node_modules/.pnpm/miniflare@5.20260908.0-alpha/node_modules/miniflare/dist/src/workers/workflows/binding.worker.js:15150:13)
uncaught exception; source = Uncaught (in promise); stack = Error: instance.not_found
    at WorkflowBinding.get (file:///Users/marcus/Developer/card-keepr/node_modules/.pnpm/miniflare@5.20260908.0-alpha/node_modules/miniflare/dist/src/workers/workflows/binding.worker.js:15150:13)
uncaught exception; source = Uncaught (in promise); stack = Error: instance.not_found
    at WorkflowBinding.get (file:///Users/marcus/Developer/card-keepr/node_modules/.pnpm/miniflare@5.20260908.0-alpha/node_modules/miniflare/dist/src/workers/workflows/binding.worker.js:15150:13)
uncaught exception; source = Uncaught (in promise); stack = Error: instance.not_found
    at WorkflowBinding.get (file:///Users/marcus/Developer/card-keepr/node_modules/.pnpm/miniflare@5.20260908.0-alpha/node_modules/miniflare/dist/src/workers/workflows/binding.worker.js:15150:13)
uncaught exception; source = Uncaught (in promise); stack = Error: instance.not_found
    at WorkflowBinding.get (file:///Users/marcus/Developer/card-keepr/node_modules/.pnpm/miniflare@5.20260908.0-alpha/node_modules/miniflare/dist/src/workers/workflows/binding.worker.js:15150:13)
uncaught exception; source = Uncaught (in promise); stack = Error: instance.not_found
    at WorkflowBinding.get (file:///Users/marcus/Developer/card-keepr/node_modules/.pnpm/miniflare@5.20260908.0-alpha/node_modules/miniflare/dist/src/workers/workflows/binding.worker.js:15150:13)
uncaught exception; source = Uncaught (in promise); stack = Error: instance.not_found
    at WorkflowBinding.get (file:///Users/marcus/Developer/card-keepr/node_modules/.pnpm/miniflare@5.20260908.0-alpha/node_modules/miniflare/dist/src/workers/workflows/binding.worker.js:15150:13)
uncaught exception; source = Uncaught (in promise); stack = Error: instance.not_found
    at WorkflowBinding.get (file:///Users/marcus/Developer/card-keepr/node_modules/.pnpm/miniflare@5.20260908.0-alpha/node_modules/miniflare/dist/src/workers/workflows/binding.worker.js:15150:13)
uncaught exception; source = Uncaught (in promise); stack = Error: instance.not_found
    at WorkflowBinding.get (file:///Users/marcus/Developer/card-keepr/node_modules/.pnpm/miniflare@5.20260908.0-alpha/node_modules/miniflare/dist/src/workers/workflows/binding.worker.js:15150:13)
uncaught exception; source = Uncaught (in promise); stack = Error: instance.not_found
    at WorkflowBinding.get (file:///Users/marcus/Developer/card-keepr/node_modules/.pnpm/miniflare@5.20260908.0-alpha/node_modules/miniflare/dist/src/workers/workflows/binding.worker.js:15150:13)
uncaught exception; source = Uncaught (in promise); stack = Error: instance.not_found
    at WorkflowBinding.get (file:///Users/marcus/Developer/card-keepr/node_modules/.pnpm/miniflare@5.20260908.0-alpha/node_modules/miniflare/dist/src/workers/workflows/binding.worker.js:15150:13)
uncaught exception; source = Uncaught (in promise); stack = Error: instance.not_found
    at WorkflowBinding.get (file:///Users/marcus/Developer/card-keepr/node_modules/.pnpm/miniflare@5.20260908.0-alpha/node_modules/miniflare/dist/src/workers/workflows/binding.worker.js:15150:13)
uncaught exception; source = Uncaught (in promise); stack = Error: instance.not_found
    at WorkflowBinding.get (file:///Users/marcus/Developer/card-keepr/node_modules/.pnpm/miniflare@5.20260908.0-alpha/node_modules/miniflare/dist/src/workers/workflows/binding.worker.js:15150:13)
uncaught exception; source = Uncaught (in promise); stack = Error: instance.not_found
    at WorkflowBinding.get (file:///Users/marcus/Developer/card-keepr/node_modules/.pnpm/miniflare@5.20260908.0-alpha/node_modules/miniflare/dist/src/workers/workflows/binding.worker.js:15150:13)
uncaught exception; source = Uncaught (in promise); stack = Error: instance.not_found
    at WorkflowBinding.get (file:///Users/marcus/Developer/card-keepr/node_modules/.pnpm/miniflare@5.20260908.0-alpha/node_modules/miniflare/dist/src/workers/workflows/binding.worker.js:15150:13)
uncaught exception; source = Uncaught (in promise); stack = Error: instance.not_found
    at WorkflowBinding.get (file:///Users/marcus/Developer/card-keepr/node_modules/.pnpm/miniflare@5.20260908.0-alpha/node_modules/miniflare/dist/src/workers/workflows/binding.worker.js:15150:13)
uncaught exception; source = Uncaught (in promise); stack = Error: instance.not_found
    at WorkflowBinding.get (file:///Users/marcus/Developer/card-keepr/node_modules/.pnpm/miniflare@5.20260908.0-alpha/node_modules/miniflare/dist/src/workers/workflows/binding.worker.js:15150:13)
uncaught exception; source = Uncaught (in promise); stack = Error: Engine was never started
    at Engine.getStatus (file:///Users/marcus/Developer/card-keepr/node_modules/.pnpm/miniflare@5.20260908.0-alpha/node_modules/miniflare/dist/src/workers/workflows/binding.worker.js:14493:15)
uncaught exception; source = Uncaught (in promise); stack = Error: Engine was never started
    at Engine.getStatus (file:///Users/marcus/Developer/card-keepr/node_modules/.pnpm/miniflare@5.20260908.0-alpha/node_modules/miniflare/dist/src/workers/workflows/binding.worker.js:14493:15)
uncaught exception; source = Uncaught (in promise); stack = Error: Engine was never started
    at Engine.getStatus (file:///Users/marcus/Developer/card-keepr/node_modules/.pnpm/miniflare@5.20260908.0-alpha/node_modules/miniflare/dist/src/workers/workflows/binding.worker.js:14493:15)
uncaught exception; source = Uncaught (in promise); stack = Error: Engine was never started
    at Engine.getStatus (file:///Users/marcus/Developer/card-keepr/node_modules/.pnpm/miniflare@5.20260908.0-alpha/node_modules/miniflare/dist/src/workers/workflows/binding.worker.js:14493:15)
uncaught exception; source = Uncaught (in promise); stack = Error: Engine was never started
    at Engine.getStatus (file:///Users/marcus/Developer/card-keepr/node_modules/.pnpm/miniflare@5.20260908.0-alpha/node_modules/miniflare/dist/src/workers/workflows/binding.worker.js:14493:15)
uncaught exception; source = Uncaught (in promise); stack = Error: Engine was never started
    at Engine.getStatus (file:///Users/marcus/Developer/card-keepr/node_modules/.pnpm/miniflare@5.20260908.0-alpha/node_modules/miniflare/dist/src/workers/workflows/binding.worker.js:14493:15)
uncaught exception; source = Uncaught (in promise); stack = Error: Engine was never started
    at Engine.getStatus (file:///Users/marcus/Developer/card-keepr/node_modules/.pnpm/miniflare@5.20260908.0-alpha/node_modules/miniflare/dist/src/workers/workflows/binding.worker.js:14493:15)
uncaught exception; source = Uncaught (in promise); stack = Error: Engine was never started
    at Engine.getStatus (file:///Users/marcus/Developer/card-keepr/node_modules/.pnpm/miniflare@5.20260908.0-alpha/node_modules/miniflare/dist/src/workers/workflows/binding.worker.js:14493:15)
uncaught exception; source = Uncaught (in promise); stack = Error: Engine was never started
    at Engine.getStatus (file:///Users/marcus/Developer/card-keepr/node_modules/.pnpm/miniflare@5.20260908.0-alpha/node_modules/miniflare/dist/src/workers/workflows/binding.worker.js:14493:15)
uncaught exception; source = Uncaught (in promise); stack = Error: Engine was never started
    at Engine.getStatus (file:///Users/marcus/Developer/card-keepr/node_modules/.pnpm/miniflare@5.20260908.0-alpha/node_modules/miniflare/dist/src/workers/workflows/binding.worker.js:14493:15)
uncaught exception; source = Uncaught (in promise); stack = Error: Engine was never started
    at Engine.getStatus (file:///Users/marcus/Developer/card-keepr/node_modules/.pnpm/miniflare@5.20260908.0-alpha/node_modules/miniflare/dist/src/workers/workflows/binding.worker.js:14493:15)
uncaught exception; source = Uncaught (in promise); stack = Error: Engine was never started
    at Engine.getStatus (file:///Users/marcus/Developer/card-keepr/node_modules/.pnpm/miniflare@5.20260908.0-alpha/node_modules/miniflare/dist/src/workers/workflows/binding.worker.js:14493:15)
uncaught exception; source = Uncaught (in promise); stack = Error: Engine was never started
    at Engine.getStatus (file:///Users/marcus/Developer/card-keepr/node_modules/.pnpm/miniflare@5.20260908.0-alpha/node_modules/miniflare/dist/src/workers/workflows/binding.worker.js:14493:15)
uncaught exception; source = Uncaught (in promise); stack = Error: Engine was never started
    at Engine.getStatus (file:///Users/marcus/Developer/card-keepr/node_modules/.pnpm/miniflare@5.20260908.0-alpha/node_modules/miniflare/dist/src/workers/workflows/binding.worker.js:14493:15)
uncaught exception; source = Uncaught (in promise); stack = Error: Engine was never started
    at Engine.getStatus (file:///Users/marcus/Developer/card-keepr/node_modules/.pnpm/miniflare@5.20260908.0-alpha/node_modules/miniflare/dist/src/workers/workflows/binding.worker.js:14493:15)
uncaught exception; source = Uncaught (in promise); stack = Error: Engine was never started
    at Engine.getStatus (file:///Users/marcus/Developer/card-keepr/node_modules/.pnpm/miniflare@5.20260908.0-alpha/node_modules/miniflare/dist/src/workers/workflows/binding.worker.js:14493:15)
uncaught exception; source = Uncaught (in promise); stack = Error: Engine was never started
    at Engine.getStatus (file:///Users/marcus/Developer/card-keepr/node_modules/.pnpm/miniflare@5.20260908.0-alpha/node_modules/miniflare/dist/src/workers/workflows/binding.worker.js:14493:15)
uncaught exception; source = Uncaught (in promise); stack = Error: Engine was never started
    at Engine.getStatus (file:///Users/marcus/Developer/card-keepr/node_modules/.pnpm/miniflare@5.20260908.0-alpha/node_modules/miniflare/dist/src/workers/workflows/binding.worker.js:14493:15)
uncaught exception; source = Uncaught (in promise); stack = Error: Engine was never started
    at Engine.getStatus (file:///Users/marcus/Developer/card-keepr/node_modules/.pnpm/miniflare@5.20260908.0-alpha/node_modules/miniflare/dist/src/workers/workflows/binding.worker.js:14493:15)
uncaught exception; source = Uncaught (in promise); stack = Error: Engine was never started
    at Engine.getStatus (file:///Users/marcus/Developer/card-keepr/node_modules/.pnpm/miniflare@5.20260908.0-alpha/node_modules/miniflare/dist/src/workers/workflows/binding.worker.js:14493:15)
uncaught exception; source = Uncaught (in promise); stack = Error: Engine was never started
    at Engine.getStatus (file:///Users/marcus/Developer/card-keepr/node_modules/.pnpm/miniflare@5.20260908.0-alpha/node_modules/miniflare/dist/src/workers/workflows/binding.worker.js:14493:15)
uncaught exception; source = Uncaught (in promise); stack = Error: Engine was never started
    at Engine.getStatus (file:///Users/marcus/Developer/card-keepr/node_modules/.pnpm/miniflare@5.20260908.0-alpha/node_modules/miniflare/dist/src/workers/workflows/binding.worker.js:14493:15)
uncaught exception; source = Uncaught (in promise); stack = Error: Engine was never started
    at Engine.getStatus (file:///Users/marcus/Developer/card-keepr/node_modules/.pnpm/miniflare@5.20260908.0-alpha/node_modules/miniflare/dist/src/workers/workflows/binding.worker.js:14493:15)
uncaught exception; source = Uncaught (in promise); stack = Error: Engine was never started
    at Engine.getStatus (file:///Users/marcus/Developer/card-keepr/node_modules/.pnpm/miniflare@5.20260908.0-alpha/node_modules/miniflare/dist/src/workers/workflows/binding.worker.js:14493:15)
uncaught exception; source = Uncaught (in promise); stack = Error: Engine was never started
    at Engine.getStatus (file:///Users/marcus/Developer/card-keepr/node_modules/.pnpm/miniflare@5.20260908.0-alpha/node_modules/miniflare/dist/src/workers/workflows/binding.worker.js:14493:15)
uncaught exception; source = Uncaught (in promise); stack = Error: Engine was never started
    at Engine.getStatus (file:///Users/marcus/Developer/card-keepr/node_modules/.pnpm/miniflare@5.20260908.0-alpha/node_modules/miniflare/dist/src/workers/workflows/binding.worker.js:14493:15)
uncaught exception; source = Uncaught (in promise); stack = Error: Engine was never started
    at Engine.getStatus (file:///Users/marcus/Developer/card-keepr/node_modules/.pnpm/miniflare@5.20260908.0-alpha/node_modules/miniflare/dist/src/workers/workflows/binding.worker.js:14493:15)
uncaught exception; source = Uncaught (in promise); stack = Error: Engine was never started
    at Engine.getStatus (file:///Users/marcus/Developer/card-keepr/node_modules/.pnpm/miniflare@5.20260908.0-alpha/node_modules/miniflare/dist/src/workers/workflows/binding.worker.js:14493:15)
uncaught exception; source = Uncaught (in promise); stack = Error: Engine was never started
    at Engine.getStatus (file:///Users/marcus/Developer/card-keepr/node_modules/.pnpm/miniflare@5.20260908.0-alpha/node_modules/miniflare/dist/src/workers/workflows/binding.worker.js:14493:15)
uncaught exception; source = Uncaught (in promise); stack = Error: Engine was never started
    at Engine.getStatus (file:///Users/marcus/Developer/card-keepr/node_modules/.pnpm/miniflare@5.20260908.0-alpha/node_modules/miniflare/dist/src/workers/workflows/binding.worker.js:14493:15)
uncaught exception; source = Uncaught (in promise); stack = Error: Engine was never started
    at Engine.getStatus (file:///Users/marcus/Developer/card-keepr/node_modules/.pnpm/miniflare@5.20260908.0-alpha/node_modules/miniflare/dist/src/workers/workflows/binding.worker.js:14493:15)
uncaught exception; source = Uncaught (in promise); stack = Error: Engine was never started
    at Engine.getStatus (file:///Users/marcus/Developer/card-keepr/node_modules/.pnpm/miniflare@5.20260908.0-alpha/node_modules/miniflare/dist/src/workers/workflows/binding.worker.js:14493:15)
uncaught exception; source = Uncaught (in promise); stack = Error: Engine was never started
    at Engine.getStatus (file:///Users/marcus/Developer/card-keepr/node_modules/.pnpm/miniflare@5.20260908.0-alpha/node_modules/miniflare/dist/src/workers/workflows/binding.worker.js:14493:15)
uncaught exception; source = Uncaught (in promise); stack = Error: Engine was never started
    at Engine.getStatus (file:///Users/marcus/Developer/card-keepr/node_modules/.pnpm/miniflare@5.20260908.0-alpha/node_modules/miniflare/dist/src/workers/workflows/binding.worker.js:14493:15)
uncaught exception; source = Uncaught (in promise); stack = Error: Engine was never started
    at Engine.getStatus (file:///Users/marcus/Developer/card-keepr/node_modules/.pnpm/miniflare@5.20260908.0-alpha/node_modules/miniflare/dist/src/workers/workflows/binding.worker.js:14493:15)
uncaught exception; source = Uncaught (in promise); stack = Error: Engine was never started
    at Engine.getStatus (file:///Users/marcus/Developer/card-keepr/node_modules/.pnpm/miniflare@5.20260908.0-alpha/node_modules/miniflare/dist/src/workers/workflows/binding.worker.js:14493:15)
uncaught exception; source = Uncaught (in promise); stack = Error: Engine was never started
    at Engine.getStatus (file:///Users/marcus/Developer/card-keepr/node_modules/.pnpm/miniflare@5.20260908.0-alpha/node_modules/miniflare/dist/src/workers/workflows/binding.worker.js:14493:15)
uncaught exception; source = Uncaught (in promise); stack = Error: Engine was never started
    at Engine.getStatus (file:///Users/marcus/Developer/card-keepr/node_modules/.pnpm/miniflare@5.20260908.0-alpha/node_modules/miniflare/dist/src/workers/workflows/binding.worker.js:14493:15)
uncaught exception; source = Uncaught (in promise); stack = Error: Engine was never started
    at Engine.getStatus (file:///Users/marcus/Developer/card-keepr/node_modules/.pnpm/miniflare@5.20260908.0-alpha/node_modules/miniflare/dist/src/workers/workflows/binding.worker.js:14493:15)
uncaught exception; source = Uncaught (in promise); stack = Error: Engine was never started
    at Engine.getStatus (file:///Users/marcus/Developer/card-keepr/node_modules/.pnpm/miniflare@5.20260908.0-alpha/node_modules/miniflare/dist/src/workers/workflows/binding.worker.js:14493:15)
uncaught exception; source = Uncaught (in promise); stack = Error: Engine was never started
    at Engine.getStatus (file:///Users/marcus/Developer/card-keepr/node_modules/.pnpm/miniflare@5.20260908.0-alpha/node_modules/miniflare/dist/src/workers/workflows/binding.worker.js:14493:15)
uncaught exception; source = Uncaught (in promise); stack = Error: Engine was never started
    at Engine.getStatus (file:///Users/marcus/Developer/card-keepr/node_modules/.pnpm/miniflare@5.20260908.0-alpha/node_modules/miniflare/dist/src/workers/workflows/binding.worker.js:14493:15)
uncaught exception; source = Uncaught (in promise); stack = Error: Engine was never started
    at Engine.getStatus (file:///Users/marcus/Developer/card-keepr/node_modules/.pnpm/miniflare@5.20260908.0-alpha/node_modules/miniflare/dist/src/workers/workflows/binding.worker.js:14493:15)
uncaught exception; source = Uncaught (in promise); stack = Error: Engine was never started
    at Engine.getStatus (file:///Users/marcus/Developer/card-keepr/node_modules/.pnpm/miniflare@5.20260908.0-alpha/node_modules/miniflare/dist/src/workers/workflows/binding.worker.js:14493:15)
uncaught exception; source = Uncaught (in promise); stack = Error: Engine was never started
    at Engine.getStatus (file:///Users/marcus/Developer/card-keepr/node_modules/.pnpm/miniflare@5.20260908.0-alpha/node_modules/miniflare/dist/src/workers/workflows/binding.worker.js:14493:15)
uncaught exception; source = Uncaught (in promise); stack = Error: Engine was never started
    at Engine.getStatus (file:///Users/marcus/Developer/card-keepr/node_modules/.pnpm/miniflare@5.20260908.0-alpha/node_modules/miniflare/dist/src/workers/workflows/binding.worker.js:14493:15)
uncaught exception; source = Uncaught (in promise); stack = Error: Engine was never started
    at Engine.getStatus (file:///Users/marcus/Developer/card-keepr/node_modules/.pnpm/miniflare@5.20260908.0-alpha/node_modules/miniflare/dist/src/workers/workflows/binding.worker.js:14493:15)
uncaught exception; source = Uncaught (in promise); stack = Error: Engine was never started
    at Engine.getStatus (file:///Users/marcus/Developer/card-keepr/node_modules/.pnpm/miniflare@5.20260908.0-alpha/node_modules/miniflare/dist/src/workers/workflows/binding.worker.js:14493:15)
uncaught exception; source = Uncaught (in promise); stack = Error: Engine was never started
    at Engine.getStatus (file:///Users/marcus/Developer/card-keepr/node_modules/.pnpm/miniflare@5.20260908.0-alpha/node_modules/miniflare/dist/src/workers/workflows/binding.worker.js:14493:15)
uncaught exception; source = Uncaught (in promise); stack = Error: Engine was never started
    at Engine.getStatus (file:///Users/marcus/Developer/card-keepr/node_modules/.pnpm/miniflare@5.20260908.0-alpha/node_modules/miniflare/dist/src/workers/workflows/binding.worker.js:14493:15)
uncaught exception; source = Uncaught (in promise); stack = Error: Engine was never started
    at Engine.getStatus (file:///Users/marcus/Developer/card-keepr/node_modules/.pnpm/miniflare@5.20260908.0-alpha/node_modules/miniflare/dist/src/workers/workflows/binding.worker.js:14493:15)
uncaught exception; source = Uncaught (in promise); stack = Error: Engine was never started
    at Engine.getStatus (file:///Users/marcus/Developer/card-keepr/node_modules/.pnpm/miniflare@5.20260908.0-alpha/node_modules/miniflare/dist/src/workers/workflows/binding.worker.js:14493:15)
uncaught exception; source = Uncaught (in promise); stack = Error: Engine was never started
    at Engine.getStatus (file:///Users/marcus/Developer/card-keepr/node_modules/.pnpm/miniflare@5.20260908.0-alpha/node_modules/miniflare/dist/src/workers/workflows/binding.worker.js:14493:15)
uncaught exception; source = Uncaught (in promise); stack = Error: Engine was never started
    at Engine.getStatus (file:///Users/marcus/Developer/card-keepr/node_modules/.pnpm/miniflare@5.20260908.0-alpha/node_modules/miniflare/dist/src/workers/workflows/binding.worker.js:14493:15)
uncaught exception; source = Uncaught (in promise); stack = Error: Engine was never started
    at Engine.getStatus (file:///Users/marcus/Developer/card-keepr/node_modules/.pnpm/miniflare@5.20260908.0-alpha/node_modules/miniflare/dist/src/workers/workflows/binding.worker.js:14493:15)
uncaught exception; source = Uncaught (in promise); stack = Error: Engine was never started
    at Engine.getStatus (file:///Users/marcus/Developer/card-keepr/node_modules/.pnpm/miniflare@5.20260908.0-alpha/node_modules/miniflare/dist/src/workers/workflows/binding.worker.js:14493:15)
uncaught exception; source = Uncaught (in promise); stack = Error: Engine was never started
    at Engine.getStatus (file:///Users/marcus/Developer/card-keepr/node_modules/.pnpm/miniflare@5.20260908.0-alpha/node_modules/miniflare/dist/src/workers/workflows/binding.worker.js:14493:15)
uncaught exception; source = Uncaught (in promise); stack = Error: Engine was never started
    at Engine.getStatus (file:///Users/marcus/Developer/card-keepr/node_modules/.pnpm/miniflare@5.20260908.0-alpha/node_modules/miniflare/dist/src/workers/workflows/binding.worker.js:14493:15)
uncaught exception; source = Uncaught (in promise); stack = Error: Engine was never started
    at Engine.getStatus (file:///Users/marcus/Developer/card-keepr/node_modules/.pnpm/miniflare@5.20260908.0-alpha/node_modules/miniflare/dist/src/workers/workflows/binding.worker.js:14493:15)
uncaught exception; source = Uncaught (in promise); stack = Error: Engine was never started
    at Engine.getStatus (file:///Users/marcus/Developer/card-keepr/node_modules/.pnpm/miniflare@5.20260908.0-alpha/node_modules/miniflare/dist/src/workers/workflows/binding.worker.js:14493:15)
uncaught exception; source = Uncaught (in promise); stack = Error: instance.not_found
    at WorkflowBinding.get (file:///Users/marcus/Developer/card-keepr/node_modules/.pnpm/miniflare@5.20260908.0-alpha/node_modules/miniflare/dist/src/workers/workflows/binding.worker.js:15150:13)
uncaught exception; source = Uncaught (in promise); stack = Error: instance.not_found
    at WorkflowBinding.get (file:///Users/marcus/Developer/card-keepr/node_modules/.pnpm/miniflare@5.20260908.0-alpha/node_modules/miniflare/dist/src/workers/workflows/binding.worker.js:15150:13)
uncaught exception; source = Uncaught (in promise); stack = Error: instance.not_found
    at WorkflowBinding.get (file:///Users/marcus/Developer/card-keepr/node_modules/.pnpm/miniflare@5.20260908.0-alpha/node_modules/miniflare/dist/src/workers/workflows/binding.worker.js:15150:13)
uncaught exception; source = Uncaught (in promise); stack = Error: instance.not_found
    at WorkflowBinding.get (file:///Users/marcus/Developer/card-keepr/node_modules/.pnpm/miniflare@5.20260908.0-alpha/node_modules/miniflare/dist/src/workers/workflows/binding.worker.js:15150:13)
uncaught exception; source = Uncaught (in promise); stack = Error: instance.not_found
    at WorkflowBinding.get (file:///Users/marcus/Developer/card-keepr/node_modules/.pnpm/miniflare@5.20260908.0-alpha/node_modules/miniflare/dist/src/workers/workflows/binding.worker.js:15150:13)
uncaught exception; source = Uncaught (in promise); stack = Error: instance.not_found
    at WorkflowBinding.get (file:///Users/marcus/Developer/card-keepr/node_modules/.pnpm/miniflare@5.20260908.0-alpha/node_modules/miniflare/dist/src/workers/workflows/binding.worker.js:15150:13)
uncaught exception; source = Uncaught (in promise); stack = Error: instance.not_found
    at WorkflowBinding.get (file:///Users/marcus/Developer/card-keepr/node_modules/.pnpm/miniflare@5.20260908.0-alpha/node_modules/miniflare/dist/src/workers/workflows/binding.worker.js:15150:13)
uncaught exception; source = Uncaught (in promise); stack = Error: instance.not_found
    at WorkflowBinding.get (file:///Users/marcus/Developer/card-keepr/node_modules/.pnpm/miniflare@5.20260908.0-alpha/node_modules/miniflare/dist/src/workers/workflows/binding.worker.js:15150:13)
uncaught exception; source = Uncaught (in promise); stack = Error: instance.not_found
    at WorkflowBinding.get (file:///Users/marcus/Developer/card-keepr/node_modules/.pnpm/miniflare@5.20260908.0-alpha/node_modules/miniflare/dist/src/workers/workflows/binding.worker.js:15150:13)
uncaught exception; source = Uncaught (in promise); stack = Error: instance.not_found
    at WorkflowBinding.get (file:///Users/marcus/Developer/card-keepr/node_modules/.pnpm/miniflare@5.20260908.0-alpha/node_modules/miniflare/dist/src/workers/workflows/binding.worker.js:15150:13)
uncaught exception; source = Uncaught (in promise); stack = Error: instance.not_found
    at WorkflowBinding.get (file:///Users/marcus/Developer/card-keepr/node_modules/.pnpm/miniflare@5.20260908.0-alpha/node_modules/miniflare/dist/src/workers/workflows/binding.worker.js:15150:13)
uncaught exception; source = Uncaught (in promise); stack = Error: instance.not_found
    at WorkflowBinding.get (file:///Users/marcus/Developer/card-keepr/node_modules/.pnpm/miniflare@5.20260908.0-alpha/node_modules/miniflare/dist/src/workers/workflows/binding.worker.js:15150:13)
uncaught exception; source = Uncaught (in promise); stack = Error: instance.not_found
    at WorkflowBinding.get (file:///Users/marcus/Developer/card-keepr/node_modules/.pnpm/miniflare@5.20260908.0-alpha/node_modules/miniflare/dist/src/workers/workflows/binding.worker.js:15150:13)
uncaught exception; source = Uncaught (in promise); stack = Error: instance.not_found
    at WorkflowBinding.get (file:///Users/marcus/Developer/card-keepr/node_modules/.pnpm/miniflare@5.20260908.0-alpha/node_modules/miniflare/dist/src/workers/workflows/binding.worker.js:15150:13)
uncaught exception; source = Uncaught (in promise); stack = Error: instance.not_found
    at WorkflowBinding.get (file:///Users/marcus/Developer/card-keepr/node_modules/.pnpm/miniflare@5.20260908.0-alpha/node_modules/miniflare/dist/src/workers/workflows/binding.worker.js:15150:13)
uncaught exception; source = Uncaught (in promise); stack = Error: instance.not_found
    at WorkflowBinding.get (file:///Users/marcus/Developer/card-keepr/node_modules/.pnpm/miniflare@5.20260908.0-alpha/node_modules/miniflare/dist/src/workers/workflows/binding.worker.js:15150:13)
uncaught exception; source = Uncaught (in promise); stack = Error: instance.not_found
    at WorkflowBinding.get (file:///Users/marcus/Developer/card-keepr/node_modules/.pnpm/miniflare@5.20260908.0-alpha/node_modules/miniflare/dist/src/workers/workflows/binding.worker.js:15150:13)
uncaught exception; source = Uncaught (in promise); stack = Error: instance.not_found
    at WorkflowBinding.get (file:///Users/marcus/Developer/card-keepr/node_modules/.pnpm/miniflare@5.20260908.0-alpha/node_modules/miniflare/dist/src/workers/workflows/binding.worker.js:15150:13)
uncaught exception; source = Uncaught (in promise); stack = Error: instance.not_found
    at WorkflowBinding.get (file:///Users/marcus/Developer/card-keepr/node_modules/.pnpm/miniflare@5.20260908.0-alpha/node_modules/miniflare/dist/src/workers/workflows/binding.worker.js:15150:13)
uncaught exception; source = Uncaught (in promise); stack = Error: instance.not_found
    at WorkflowBinding.get (file:///Users/marcus/Developer/card-keepr/node_modules/.pnpm/miniflare@5.20260908.0-alpha/node_modules/miniflare/dist/src/workers/workflows/binding.worker.js:15150:13)
uncaught exception; source = Uncaught (in promise); stack = Error: instance.not_found
    at WorkflowBinding.get (file:///Users/marcus/Developer/card-keepr/node_modules/.pnpm/miniflare@5.20260908.0-alpha/node_modules/miniflare/dist/src/workers/workflows/binding.worker.js:15150:13)
uncaught exception; source = Uncaught (in promise); stack = Error: instance.not_found
    at WorkflowBinding.get (file:///Users/marcus/Developer/card-keepr/node_modules/.pnpm/miniflare@5.20260908.0-alpha/node_modules/miniflare/dist/src/workers/workflows/binding.worker.js:15150:13)
uncaught exception; source = Uncaught (in promise); stack = Error: instance.not_found
    at WorkflowBinding.get (file:///Users/marcus/Developer/card-keepr/node_modules/.pnpm/miniflare@5.20260908.0-alpha/node_modules/miniflare/dist/src/workers/workflows/binding.worker.js:15150:13)
uncaught exception; source = Uncaught (in promise); stack = Error: instance.not_found
    at WorkflowBinding.get (file:///Users/marcus/Developer/card-keepr/node_modules/.pnpm/miniflare@5.20260908.0-alpha/node_modules/miniflare/dist/src/workers/workflows/binding.worker.js:15150:13)
uncaught exception; source = Uncaught (in promise); stack = Error: instance.not_found
    at WorkflowBinding.get (file:///Users/marcus/Developer/card-keepr/node_modules/.pnpm/miniflare@5.20260908.0-alpha/node_modules/miniflare/dist/src/workers/workflows/binding.worker.js:15150:13)
uncaught exception; source = Uncaught (in promise); stack = Error: instance.not_found
    at WorkflowBinding.get (file:///Users/marcus/Developer/card-keepr/node_modules/.pnpm/miniflare@5.20260908.0-alpha/node_modules/miniflare/dist/src/workers/workflows/binding.worker.js:15150:13)
uncaught exception; source = Uncaught (in promise); stack = Error: instance.not_found
    at WorkflowBinding.get (file:///Users/marcus/Developer/card-keepr/node_modules/.pnpm/miniflare@5.20260908.0-alpha/node_modules/miniflare/dist/src/workers/workflows/binding.worker.js:15150:13)
uncaught exception; source = Uncaught (in promise); stack = Error: instance.not_found
    at WorkflowBinding.get (file:///Users/marcus/Developer/card-keepr/node_modules/.pnpm/miniflare@5.20260908.0-alpha/node_modules/miniflare/dist/src/workers/workflows/binding.worker.js:15150:13)
uncaught exception; source = Uncaught (in promise); stack = Error: instance.not_found
    at WorkflowBinding.get (file:///Users/marcus/Developer/card-keepr/node_modules/.pnpm/miniflare@5.20260908.0-alpha/node_modules/miniflare/dist/src/workers/workflows/binding.worker.js:15150:13)
uncaught exception; source = Uncaught (in promise); stack = Error: instance.not_found
    at WorkflowBinding.get (file:///Users/marcus/Developer/card-keepr/node_modules/.pnpm/miniflare@5.20260908.0-alpha/node_modules/miniflare/dist/src/workers/workflows/binding.worker.js:15150:13)
uncaught exception; exception = workerd/api/actor-state.c++:1197: failed: broken.outputGateBroken; jsg.Error: Aborting engine: User called terminate
stack: 10384937f
uncaught exception; exception = workerd/api/actor-state.c++:1197: failed: broken.outputGateBroken; jsg.Error: Aborting engine: User called terminate
stack: 10384937f
uncaught exception; exception = workerd/api/actor-state.c++:1197: failed: broken.outputGateBroken; jsg.Error: Aborting engine: User called terminate
stack: 10384937f
uncaught exception; exception = workerd/api/actor-state.c++:1197: failed: broken.outputGateBroken; jsg.Error: Aborting engine: User called terminate
stack: 10384937f
uncaught exception; exception = workerd/api/actor-state.c++:1197: failed: broken.outputGateBroken; jsg.Error: Aborting engine: User called terminate
stack: 10384937f
uncaught exception; exception = workerd/api/actor-state.c++:1197: failed: broken.outputGateBroken; jsg.Error: Aborting engine: User called terminate
stack: 10384937f
 ✓ apps/ingestion/test/runtime-discovery-scale.stress.spec.ts (7 tests) 50062ms
   ✓ dynamic discovery durably plans and replays 2,500 requests within D1 limits  7352ms
   ✓ dynamic discovery scopes each Source Adapter Version capacity to its owning Evidence Plan  13634ms
   ✓ dynamic discovery rejects one request beyond the exact adapter capacity  414ms
   ✓ the authenticated Workflow shards a 5,000-request host plan into bounded child workloads  10088ms
   ✓ concurrent discovery batches cannot overrun the adapter capacity together  3725ms
   ✓ a production-shaped Fusion World graph larger than 5,000 requests is admitted into bounded host shards  14312ms
   ✓ a Fusion World batch beyond the fusion-world-en@9 capacity is rejected deterministically  537ms
uncaught exception; source = Uncaught (in promise); stack = Error: Engine was never started
    at Engine.getStatus (file:///Users/marcus/Developer/card-keepr/node_modules/.pnpm/miniflare@5.20260908.0-alpha/node_modules/miniflare/dist/src/workers/workflows/binding.worker.js:14493:15)
uncaught exception; source = Uncaught (in promise); stack = Error: Engine was never started
    at Engine.getStatus (file:///Users/marcus/Developer/card-keepr/node_modules/.pnpm/miniflare@5.20260908.0-alpha/node_modules/miniflare/dist/src/workers/workflows/binding.worker.js:14493:15)
uncaught exception; source = Uncaught (in promise); stack = Error: instance.not_found
    at WorkflowBinding.get (file:///Users/marcus/Developer/card-keepr/node_modules/.pnpm/miniflare@5.20260908.0-alpha/node_modules/miniflare/dist/src/workers/workflows/binding.worker.js:15150:13)
uncaught exception; exception = workerd/io/io-context.c++:1642: failed: jsg.Error: The Workers runtime canceled this request because it detected that your Worker's code had hung and would never generate a response. Refer to: https://developers.cloudflare.com/workers/observability/errors/
stack: 105d8537f
uncaught exception; source = Uncaught (in promise); stack = Error: Engine was never started
    at Engine.getStatus (file:///Users/marcus/Developer/card-keepr/node_modules/.pnpm/miniflare@5.20260908.0-alpha/node_modules/miniflare/dist/src/workers/workflows/binding.worker.js:14493:15)
uncaught exception; source = Uncaught (in promise); stack = Error: Engine was never started
    at Engine.getStatus (file:///Users/marcus/Developer/card-keepr/node_modules/.pnpm/miniflare@5.20260908.0-alpha/node_modules/miniflare/dist/src/workers/workflows/binding.worker.js:14493:15)
uncaught exception; source = Uncaught (in promise); stack = Error: instance.not_found
    at WorkflowBinding.get (file:///Users/marcus/Developer/card-keepr/node_modules/.pnpm/miniflare@5.20260908.0-alpha/node_modules/miniflare/dist/src/workers/workflows/binding.worker.js:15150:13)
 ✓ apps/ingestion/test/runtime-collection-throughput.stress.spec.ts (1 test) 35260ms
   ✓ a single-host collection spends close to the pacing interval per Source Request  35260ms
 ✓ apps/ingestion/test/native-printing-images.stress.spec.ts (1 test) 12603ms
   ✓ 128 native images retain their streaming, publication and serving contracts at volume  12603ms
 ✓ apps/ingestion/test/reconciliation-evidence-volume.stress.spec.ts (1 test) 10169ms
   ✓ individually valid Source documents above 32 MiB in total seal into bounded game partitions  10169ms
 ✓ apps/ingestion/test/game-reconciliation-scale.stress.spec.ts (1 test) 8932ms
   ✓ a 1001-Product native candidate stays within the D1/R2 callback budget  8931ms
uncaught exception; source = Uncaught (in promise); stack = Error: Engine was never started
    at Engine.getStatus (file:///Users/marcus/Developer/card-keepr/node_modules/.pnpm/miniflare@5.20260908.0-alpha/node_modules/miniflare/dist/src/workers/workflows/binding.worker.js:14493:15)
uncaught exception; source = Uncaught (in promise); stack = Error: Engine was never started
    at Engine.getStatus (file:///Users/marcus/Developer/card-keepr/node_modules/.pnpm/miniflare@5.20260908.0-alpha/node_modules/miniflare/dist/src/workers/workflows/binding.worker.js:14493:15)
uncaught exception; source = Uncaught (in promise); stack = Error: instance.not_found
    at WorkflowBinding.get (file:///Users/marcus/Developer/card-keepr/node_modules/.pnpm/miniflare@5.20260908.0-alpha/node_modules/miniflare/dist/src/workers/workflows/binding.worker.js:15150:13)
uncaught exception; exception = workerd/io/io-context.c++:1642: failed: jsg.Error: The Workers runtime canceled this request because it detected that your Worker's code had hung and would never generate a response. Refer to: https://developers.cloudflare.com/workers/observability/errors/
stack: 1030cd37f
uncaught exception; source = Uncaught (in promise); stack = Error: Engine was never started
    at Engine.getStatus (file:///Users/marcus/Developer/card-keepr/node_modules/.pnpm/miniflare@5.20260908.0-alpha/node_modules/miniflare/dist/src/workers/workflows/binding.worker.js:14493:15)
uncaught exception; source = Uncaught (in promise); stack = Error: Engine was never started
    at Engine.getStatus (file:///Users/marcus/Developer/card-keepr/node_modules/.pnpm/miniflare@5.20260908.0-alpha/node_modules/miniflare/dist/src/workers/workflows/binding.worker.js:14493:15)
uncaught exception; source = Uncaught (in promise); stack = Error: Engine was never started
    at Engine.getStatus (file:///Users/marcus/Developer/card-keepr/node_modules/.pnpm/miniflare@5.20260908.0-alpha/node_modules/miniflare/dist/src/workers/workflows/binding.worker.js:14493:15)
uncaught exception; source = Uncaught (in promise); stack = Error: Engine was never started
    at Engine.getStatus (file:///Users/marcus/Developer/card-keepr/node_modules/.pnpm/miniflare@5.20260908.0-alpha/node_modules/miniflare/dist/src/workers/workflows/binding.worker.js:14493:15)
uncaught exception; source = Uncaught (in promise); stack = Error: instance.not_found
    at WorkflowBinding.get (file:///Users/marcus/Developer/card-keepr/node_modules/.pnpm/miniflare@5.20260908.0-alpha/node_modules/miniflare/dist/src/workers/workflows/binding.worker.js:15150:13)
uncaught exception; source = Uncaught (in promise); stack = Error: instance.not_found
    at WorkflowBinding.get (file:///Users/marcus/Developer/card-keepr/node_modules/.pnpm/miniflare@5.20260908.0-alpha/node_modules/miniflare/dist/src/workers/workflows/binding.worker.js:15150:13)
uncaught exception; exception = workerd/io/io-context.c++:1642: failed: jsg.Error: The Workers runtime canceled this request because it detected that your Worker's code had hung and would never generate a response. Refer to: https://developers.cloudflare.com/workers/observability/errors/
stack: 1030cd37f
uncaught exception; source = Uncaught (in promise); stack = Error: Engine was never started
    at Engine.getStatus (file:///Users/marcus/Developer/card-keepr/node_modules/.pnpm/miniflare@5.20260908.0-alpha/node_modules/miniflare/dist/src/workers/workflows/binding.worker.js:14493:15)
uncaught exception; source = Uncaught (in promise); stack = Error: Engine was never started
    at Engine.getStatus (file:///Users/marcus/Developer/card-keepr/node_modules/.pnpm/miniflare@5.20260908.0-alpha/node_modules/miniflare/dist/src/workers/workflows/binding.worker.js:14493:15)
uncaught exception; source = Uncaught (in promise); stack = Error: instance.not_found
    at WorkflowBinding.get (file:///Users/marcus/Developer/card-keepr/node_modules/.pnpm/miniflare@5.20260908.0-alpha/node_modules/miniflare/dist/src/workers/workflows/binding.worker.js:15150:13)
uncaught exception; source = Uncaught (in promise); stack = Error: Engine was never started
    at Engine.getStatus (file:///Users/marcus/Developer/card-keepr/node_modules/.pnpm/miniflare@5.20260908.0-alpha/node_modules/miniflare/dist/src/workers/workflows/binding.worker.js:14493:15)
uncaught exception; source = Uncaught (in promise); stack = Error: Engine was never started
    at Engine.getStatus (file:///Users/marcus/Developer/card-keepr/node_modules/.pnpm/miniflare@5.20260908.0-alpha/node_modules/miniflare/dist/src/workers/workflows/binding.worker.js:14493:15)
uncaught exception; source = Uncaught (in promise); stack = Error: instance.not_found
    at WorkflowBinding.get (file:///Users/marcus/Developer/card-keepr/node_modules/.pnpm/miniflare@5.20260908.0-alpha/node_modules/miniflare/dist/src/workers/workflows/binding.worker.js:15150:13)
uncaught exception; source = Uncaught (in promise); stack = Error: Engine was never started
    at Engine.getStatus (file:///Users/marcus/Developer/card-keepr/node_modules/.pnpm/miniflare@5.20260908.0-alpha/node_modules/miniflare/dist/src/workers/workflows/binding.worker.js:14493:15)
uncaught exception; source = Uncaught (in promise); stack = Error: Engine was never started
    at Engine.getStatus (file:///Users/marcus/Developer/card-keepr/node_modules/.pnpm/miniflare@5.20260908.0-alpha/node_modules/miniflare/dist/src/workers/workflows/binding.worker.js:14493:15)
uncaught exception; source = Uncaught (in promise); stack = Error: instance.not_found
    at WorkflowBinding.get (file:///Users/marcus/Developer/card-keepr/node_modules/.pnpm/miniflare@5.20260908.0-alpha/node_modules/miniflare/dist/src/workers/workflows/binding.worker.js:15150:13)
uncaught exception; source = Uncaught (in promise); stack = Error: Engine was never started
    at Engine.getStatus (file:///Users/marcus/Developer/card-keepr/node_modules/.pnpm/miniflare@5.20260908.0-alpha/node_modules/miniflare/dist/src/workers/workflows/binding.worker.js:14493:15)
uncaught exception; source = Uncaught (in promise); stack = Error: Engine was never started
    at Engine.getStatus (file:///Users/marcus/Developer/card-keepr/node_modules/.pnpm/miniflare@5.20260908.0-alpha/node_modules/miniflare/dist/src/workers/workflows/binding.worker.js:14493:15)
uncaught exception; source = Uncaught (in promise); stack = Error: instance.not_found
    at WorkflowBinding.get (file:///Users/marcus/Developer/card-keepr/node_modules/.pnpm/miniflare@5.20260908.0-alpha/node_modules/miniflare/dist/src/workers/workflows/binding.worker.js:15150:13)
uncaught exception; source = Uncaught (in promise); stack = Error: Engine was never started
    at Engine.getStatus (file:///Users/marcus/Developer/card-keepr/node_modules/.pnpm/miniflare@5.20260908.0-alpha/node_modules/miniflare/dist/src/workers/workflows/binding.worker.js:14493:15)
uncaught exception; source = Uncaught (in promise); stack = Error: Engine was never started
    at Engine.getStatus (file:///Users/marcus/Developer/card-keepr/node_modules/.pnpm/miniflare@5.20260908.0-alpha/node_modules/miniflare/dist/src/workers/workflows/binding.worker.js:14493:15)
uncaught exception; source = Uncaught (in promise); stack = Error: instance.not_found
    at WorkflowBinding.get (file:///Users/marcus/Developer/card-keepr/node_modules/.pnpm/miniflare@5.20260908.0-alpha/node_modules/miniflare/dist/src/workers/workflows/binding.worker.js:15150:13)
uncaught exception; source = Uncaught (in promise); stack = Error: Engine was never started
    at Engine.getStatus (file:///Users/marcus/Developer/card-keepr/node_modules/.pnpm/miniflare@5.20260908.0-alpha/node_modules/miniflare/dist/src/workers/workflows/binding.worker.js:14493:15)
uncaught exception; source = Uncaught (in promise); stack = Error: Engine was never started
    at Engine.getStatus (file:///Users/marcus/Developer/card-keepr/node_modules/.pnpm/miniflare@5.20260908.0-alpha/node_modules/miniflare/dist/src/workers/workflows/binding.worker.js:14493:15)
uncaught exception; source = Uncaught (in promise); stack = Error: instance.not_found
    at WorkflowBinding.get (file:///Users/marcus/Developer/card-keepr/node_modules/.pnpm/miniflare@5.20260908.0-alpha/node_modules/miniflare/dist/src/workers/workflows/binding.worker.js:15150:13)
uncaught exception; source = Uncaught (in promise); stack = Error: Engine was never started
    at Engine.getStatus (file:///Users/marcus/Developer/card-keepr/node_modules/.pnpm/miniflare@5.20260908.0-alpha/node_modules/miniflare/dist/src/workers/workflows/binding.worker.js:14493:15)
uncaught exception; source = Uncaught (in promise); stack = Error: Engine was never started
    at Engine.getStatus (file:///Users/marcus/Developer/card-keepr/node_modules/.pnpm/miniflare@5.20260908.0-alpha/node_modules/miniflare/dist/src/workers/workflows/binding.worker.js:14493:15)
uncaught exception; source = Uncaught (in promise); stack = Error: instance.not_found
    at WorkflowBinding.get (file:///Users/marcus/Developer/card-keepr/node_modules/.pnpm/miniflare@5.20260908.0-alpha/node_modules/miniflare/dist/src/workers/workflows/binding.worker.js:15150:13)
uncaught exception; source = Uncaught (in promise); stack = Error: Engine was never started
    at Engine.getStatus (file:///Users/marcus/Developer/card-keepr/node_modules/.pnpm/miniflare@5.20260908.0-alpha/node_modules/miniflare/dist/src/workers/workflows/binding.worker.js:14493:15)
uncaught exception; source = Uncaught (in promise); stack = Error: Engine was never started
    at Engine.getStatus (file:///Users/marcus/Developer/card-keepr/node_modules/.pnpm/miniflare@5.20260908.0-alpha/node_modules/miniflare/dist/src/workers/workflows/binding.worker.js:14493:15)
uncaught exception; source = Uncaught (in promise); stack = Error: instance.not_found
    at WorkflowBinding.get (file:///Users/marcus/Developer/card-keepr/node_modules/.pnpm/miniflare@5.20260908.0-alpha/node_modules/miniflare/dist/src/workers/workflows/binding.worker.js:15150:13)
uncaught exception; source = Uncaught (in promise); stack = Error: Engine was never started
    at Engine.getStatus (file:///Users/marcus/Developer/card-keepr/node_modules/.pnpm/miniflare@5.20260908.0-alpha/node_modules/miniflare/dist/src/workers/workflows/binding.worker.js:14493:15)
uncaught exception; source = Uncaught (in promise); stack = Error: Engine was never started
    at Engine.getStatus (file:///Users/marcus/Developer/card-keepr/node_modules/.pnpm/miniflare@5.20260908.0-alpha/node_modules/miniflare/dist/src/workers/workflows/binding.worker.js:14493:15)
uncaught exception; source = Uncaught (in promise); stack = Error: instance.not_found
    at WorkflowBinding.get (file:///Users/marcus/Developer/card-keepr/node_modules/.pnpm/miniflare@5.20260908.0-alpha/node_modules/miniflare/dist/src/workers/workflows/binding.worker.js:15150:13)
uncaught exception; source = Uncaught (in promise); stack = Error: Engine was never started
    at Engine.getStatus (file:///Users/marcus/Developer/card-keepr/node_modules/.pnpm/miniflare@5.20260908.0-alpha/node_modules/miniflare/dist/src/workers/workflows/binding.worker.js:14493:15)
uncaught exception; source = Uncaught (in promise); stack = Error: Engine was never started
    at Engine.getStatus (file:///Users/marcus/Developer/card-keepr/node_modules/.pnpm/miniflare@5.20260908.0-alpha/node_modules/miniflare/dist/src/workers/workflows/binding.worker.js:14493:15)
uncaught exception; source = Uncaught (in promise); stack = Error: instance.not_found
    at WorkflowBinding.get (file:///Users/marcus/Developer/card-keepr/node_modules/.pnpm/miniflare@5.20260908.0-alpha/node_modules/miniflare/dist/src/workers/workflows/binding.worker.js:15150:13)
uncaught exception; source = Uncaught (in promise); stack = Error: Engine was never started
    at Engine.getStatus (file:///Users/marcus/Developer/card-keepr/node_modules/.pnpm/miniflare@5.20260908.0-alpha/node_modules/miniflare/dist/src/workers/workflows/binding.worker.js:14493:15)
uncaught exception; source = Uncaught (in promise); stack = Error: Engine was never started
    at Engine.getStatus (file:///Users/marcus/Developer/card-keepr/node_modules/.pnpm/miniflare@5.20260908.0-alpha/node_modules/miniflare/dist/src/workers/workflows/binding.worker.js:14493:15)
uncaught exception; source = Uncaught (in promise); stack = Error: instance.not_found
    at WorkflowBinding.get (file:///Users/marcus/Developer/card-keepr/node_modules/.pnpm/miniflare@5.20260908.0-alpha/node_modules/miniflare/dist/src/workers/workflows/binding.worker.js:15150:13)
uncaught exception; source = Uncaught (in promise); stack = Error: Engine was never started
    at Engine.getStatus (file:///Users/marcus/Developer/card-keepr/node_modules/.pnpm/miniflare@5.20260908.0-alpha/node_modules/miniflare/dist/src/workers/workflows/binding.worker.js:14493:15)
uncaught exception; source = Uncaught (in promise); stack = Error: Engine was never started
    at Engine.getStatus (file:///Users/marcus/Developer/card-keepr/node_modules/.pnpm/miniflare@5.20260908.0-alpha/node_modules/miniflare/dist/src/workers/workflows/binding.worker.js:14493:15)
uncaught exception; source = Uncaught (in promise); stack = Error: instance.not_found
    at WorkflowBinding.get (file:///Users/marcus/Developer/card-keepr/node_modules/.pnpm/miniflare@5.20260908.0-alpha/node_modules/miniflare/dist/src/workers/workflows/binding.worker.js:15150:13)
uncaught exception; source = Uncaught (in promise); stack = Error: Engine was never started
    at Engine.getStatus (file:///Users/marcus/Developer/card-keepr/node_modules/.pnpm/miniflare@5.20260908.0-alpha/node_modules/miniflare/dist/src/workers/workflows/binding.worker.js:14493:15)
uncaught exception; source = Uncaught (in promise); stack = Error: Engine was never started
    at Engine.getStatus (file:///Users/marcus/Developer/card-keepr/node_modules/.pnpm/miniflare@5.20260908.0-alpha/node_modules/miniflare/dist/src/workers/workflows/binding.worker.js:14493:15)
uncaught exception; source = Uncaught (in promise); stack = Error: instance.not_found
    at WorkflowBinding.get (file:///Users/marcus/Developer/card-keepr/node_modules/.pnpm/miniflare@5.20260908.0-alpha/node_modules/miniflare/dist/src/workers/workflows/binding.worker.js:15150:13)
uncaught exception; source = Uncaught (in promise); stack = Error: Engine was never started
    at Engine.getStatus (file:///Users/marcus/Developer/card-keepr/node_modules/.pnpm/miniflare@5.20260908.0-alpha/node_modules/miniflare/dist/src/workers/workflows/binding.worker.js:14493:15)
uncaught exception; source = Uncaught (in promise); stack = Error: Engine was never started
    at Engine.getStatus (file:///Users/marcus/Developer/card-keepr/node_modules/.pnpm/miniflare@5.20260908.0-alpha/node_modules/miniflare/dist/src/workers/workflows/binding.worker.js:14493:15)
uncaught exception; source = Uncaught (in promise); stack = Error: instance.not_found
    at WorkflowBinding.get (file:///Users/marcus/Developer/card-keepr/node_modules/.pnpm/miniflare@5.20260908.0-alpha/node_modules/miniflare/dist/src/workers/workflows/binding.worker.js:15150:13)
uncaught exception; source = Uncaught (in promise); stack = Error: Engine was never started
    at Engine.getStatus (file:///Users/marcus/Developer/card-keepr/node_modules/.pnpm/miniflare@5.20260908.0-alpha/node_modules/miniflare/dist/src/workers/workflows/binding.worker.js:14493:15)
uncaught exception; source = Uncaught (in promise); stack = Error: Engine was never started
    at Engine.getStatus (file:///Users/marcus/Developer/card-keepr/node_modules/.pnpm/miniflare@5.20260908.0-alpha/node_modules/miniflare/dist/src/workers/workflows/binding.worker.js:14493:15)
uncaught exception; source = Uncaught (in promise); stack = Error: instance.not_found
    at WorkflowBinding.get (file:///Users/marcus/Developer/card-keepr/node_modules/.pnpm/miniflare@5.20260908.0-alpha/node_modules/miniflare/dist/src/workers/workflows/binding.worker.js:15150:13)
uncaught exception; source = Uncaught (in promise); stack = Error: Engine was never started
    at Engine.getStatus (file:///Users/marcus/Developer/card-keepr/node_modules/.pnpm/miniflare@5.20260908.0-alpha/node_modules/miniflare/dist/src/workers/workflows/binding.worker.js:14493:15)
uncaught exception; source = Uncaught (in promise); stack = Error: Engine was never started
    at Engine.getStatus (file:///Users/marcus/Developer/card-keepr/node_modules/.pnpm/miniflare@5.20260908.0-alpha/node_modules/miniflare/dist/src/workers/workflows/binding.worker.js:14493:15)
uncaught exception; source = Uncaught (in promise); stack = Error: instance.not_found
    at WorkflowBinding.get (file:///Users/marcus/Developer/card-keepr/node_modules/.pnpm/miniflare@5.20260908.0-alpha/node_modules/miniflare/dist/src/workers/workflows/binding.worker.js:15150:13)
uncaught exception; source = Uncaught (in promise); stack = Error: Engine was never started
    at Engine.getStatus (file:///Users/marcus/Developer/card-keepr/node_modules/.pnpm/miniflare@5.20260908.0-alpha/node_modules/miniflare/dist/src/workers/workflows/binding.worker.js:14493:15)
uncaught exception; source = Uncaught (in promise); stack = Error: Engine was never started
    at Engine.getStatus (file:///Users/marcus/Developer/card-keepr/node_modules/.pnpm/miniflare@5.20260908.0-alpha/node_modules/miniflare/dist/src/workers/workflows/binding.worker.js:14493:15)
uncaught exception; source = Uncaught (in promise); stack = Error: instance.not_found
    at WorkflowBinding.get (file:///Users/marcus/Developer/card-keepr/node_modules/.pnpm/miniflare@5.20260908.0-alpha/node_modules/miniflare/dist/src/workers/workflows/binding.worker.js:15150:13)
uncaught exception; source = Uncaught (in promise); stack = Error: Engine was never started
    at Engine.getStatus (file:///Users/marcus/Developer/card-keepr/node_modules/.pnpm/miniflare@5.20260908.0-alpha/node_modules/miniflare/dist/src/workers/workflows/binding.worker.js:14493:15)
uncaught exception; source = Uncaught (in promise); stack = Error: Engine was never started
    at Engine.getStatus (file:///Users/marcus/Developer/card-keepr/node_modules/.pnpm/miniflare@5.20260908.0-alpha/node_modules/miniflare/dist/src/workers/workflows/binding.worker.js:14493:15)
uncaught exception; source = Uncaught (in promise); stack = Error: instance.not_found
    at WorkflowBinding.get (file:///Users/marcus/Developer/card-keepr/node_modules/.pnpm/miniflare@5.20260908.0-alpha/node_modules/miniflare/dist/src/workers/workflows/binding.worker.js:15150:13)
uncaught exception; source = Uncaught (in promise); stack = Error: Engine was never started
    at Engine.getStatus (file:///Users/marcus/Developer/card-keepr/node_modules/.pnpm/miniflare@5.20260908.0-alpha/node_modules/miniflare/dist/src/workers/workflows/binding.worker.js:14493:15)
uncaught exception; source = Uncaught (in promise); stack = Error: Engine was never started
    at Engine.getStatus (file:///Users/marcus/Developer/card-keepr/node_modules/.pnpm/miniflare@5.20260908.0-alpha/node_modules/miniflare/dist/src/workers/workflows/binding.worker.js:14493:15)
uncaught exception; source = Uncaught (in promise); stack = Error: instance.not_found
    at WorkflowBinding.get (file:///Users/marcus/Developer/card-keepr/node_modules/.pnpm/miniflare@5.20260908.0-alpha/node_modules/miniflare/dist/src/workers/workflows/binding.worker.js:15150:13)
uncaught exception; source = Uncaught (in promise); stack = Error: Engine was never started
    at Engine.getStatus (file:///Users/marcus/Developer/card-keepr/node_modules/.pnpm/miniflare@5.20260908.0-alpha/node_modules/miniflare/dist/src/workers/workflows/binding.worker.js:14493:15)
uncaught exception; source = Uncaught (in promise); stack = Error: Engine was never started
    at Engine.getStatus (file:///Users/marcus/Developer/card-keepr/node_modules/.pnpm/miniflare@5.20260908.0-alpha/node_modules/miniflare/dist/src/workers/workflows/binding.worker.js:14493:15)
uncaught exception; source = Uncaught (in promise); stack = Error: instance.not_found
    at WorkflowBinding.get (file:///Users/marcus/Developer/card-keepr/node_modules/.pnpm/miniflare@5.20260908.0-alpha/node_modules/miniflare/dist/src/workers/workflows/binding.worker.js:15150:13)
uncaught exception; source = Uncaught (in promise); stack = Error: Engine was never started
    at Engine.getStatus (file:///Users/marcus/Developer/card-keepr/node_modules/.pnpm/miniflare@5.20260908.0-alpha/node_modules/miniflare/dist/src/workers/workflows/binding.worker.js:14493:15)
uncaught exception; source = Uncaught (in promise); stack = Error: Engine was never started
    at Engine.getStatus (file:///Users/marcus/Developer/card-keepr/node_modules/.pnpm/miniflare@5.20260908.0-alpha/node_modules/miniflare/dist/src/workers/workflows/binding.worker.js:14493:15)
uncaught exception; source = Uncaught (in promise); stack = Error: instance.not_found
    at WorkflowBinding.get (file:///Users/marcus/Developer/card-keepr/node_modules/.pnpm/miniflare@5.20260908.0-alpha/node_modules/miniflare/dist/src/workers/workflows/binding.worker.js:15150:13)
uncaught exception; exception = workerd/api/actor-state.c++:1197: failed: broken.outputGateBroken; jsg.Error: Aborting engine: User called terminate
stack: 1030cd37f
uncaught exception; exception = workerd/api/actor-state.c++:1197: failed: broken.outputGateBroken; jsg.Error: Aborting engine: User called terminate
stack: 1030cd37f
uncaught exception; exception = workerd/api/actor-state.c++:1197: failed: broken.outputGateBroken; jsg.Error: Aborting engine: User called terminate
stack: 1030cd37f
uncaught exception; exception = workerd/api/actor-state.c++:1197: failed: broken.outputGateBroken; jsg.Error: Aborting engine: User called terminate
stack: 1030cd37f
uncaught exception; exception = workerd/api/actor-state.c++:1197: failed: broken.outputGateBroken; jsg.Error: Aborting engine: User called terminate
stack: 1030cd37f
uncaught exception; exception = workerd/api/actor-state.c++:1197: failed: broken.outputGateBroken; jsg.Error: Aborting engine: User called terminate
stack: 1030cd37f
uncaught exception; source = Uncaught (in promise); stack = WorkflowError: (instance.cannot_terminate) Cannot terminate instance since its on a finite state
    at createWorkflowError (file:///Users/marcus/Developer/card-keepr/node_modules/.pnpm/miniflare@5.20260908.0-alpha/node_modules/miniflare/dist/src/workers/workflows/binding.worker.js:1374:10)
    at Engine.changeInstanceStatus (file:///Users/marcus/Developer/card-keepr/node_modules/.pnpm/miniflare@5.20260908.0-alpha/node_modules/miniflare/dist/src/workers/workflows/binding.worker.js:14752:17)
uncaught exception; source = Uncaught (in promise); stack = Error: WorkflowError: (instance.cannot_terminate) Cannot terminate instance since its on a finite state
    at async WorkflowHandle.terminate (file:///Users/marcus/Developer/card-keepr/node_modules/.pnpm/miniflare@5.20260908.0-alpha/node_modules/miniflare/dist/src/workers/workflows/binding.worker.js:15318:7)
uncaught exception; exception = workerd/io/io-context.c++:1642: failed: jsg.Error: The Workers runtime canceled this request because it detected that your Worker's code had hung and would never generate a response. Refer to: https://developers.cloudflare.com/workers/observability/errors/
stack: 1030cd37f
 ✓ apps/ingestion/test/runtime-capacity-resume.stress.spec.ts (1 test) 1673ms
   ✓ an extended production-shaped run resumes into bounded host shards without refetching  1673ms
uncaught exception; source = Uncaught (in promise); stack = Error: Engine was never started
    at Engine.getStatus (file:///Users/marcus/Developer/card-keepr/node_modules/.pnpm/miniflare@5.20260908.0-alpha/node_modules/miniflare/dist/src/workers/workflows/binding.worker.js:14493:15)
uncaught exception; source = Uncaught (in promise); stack = Error: Engine was never started
    at Engine.getStatus (file:///Users/marcus/Developer/card-keepr/node_modules/.pnpm/miniflare@5.20260908.0-alpha/node_modules/miniflare/dist/src/workers/workflows/binding.worker.js:14493:15)
uncaught exception; source = Uncaught (in promise); stack = Error: instance.not_found
    at WorkflowBinding.get (file:///Users/marcus/Developer/card-keepr/node_modules/.pnpm/miniflare@5.20260908.0-alpha/node_modules/miniflare/dist/src/workers/workflows/binding.worker.js:15150:13)
uncaught exception; exception = workerd/io/io-context.c++:1642: failed: jsg.Error: The Workers runtime canceled this request because it detected that your Worker's code had hung and would never generate a response. Refer to: https://developers.cloudflare.com/workers/observability/errors/
stack: 101cad37f
uncaught exception; source = Uncaught (in promise); stack = Error: Engine was never started
    at Engine.getStatus (file:///Users/marcus/Developer/card-keepr/node_modules/.pnpm/miniflare@5.20260908.0-alpha/node_modules/miniflare/dist/src/workers/workflows/binding.worker.js:14493:15)
uncaught exception; source = Uncaught (in promise); stack = Error: Engine was never started
    at Engine.getStatus (file:///Users/marcus/Developer/card-keepr/node_modules/.pnpm/miniflare@5.20260908.0-alpha/node_modules/miniflare/dist/src/workers/workflows/binding.worker.js:14493:15)
uncaught exception; source = Uncaught (in promise); stack = Error: Engine was never started
    at Engine.getStatus (file:///Users/marcus/Developer/card-keepr/node_modules/.pnpm/miniflare@5.20260908.0-alpha/node_modules/miniflare/dist/src/workers/workflows/binding.worker.js:14493:15)
uncaught exception; source = Uncaught (in promise); stack = Error: Engine was never started
    at Engine.getStatus (file:///Users/marcus/Developer/card-keepr/node_modules/.pnpm/miniflare@5.20260908.0-alpha/node_modules/miniflare/dist/src/workers/workflows/binding.worker.js:14493:15)
uncaught exception; source = Uncaught (in promise); stack = Error: instance.not_found
    at WorkflowBinding.get (file:///Users/marcus/Developer/card-keepr/node_modules/.pnpm/miniflare@5.20260908.0-alpha/node_modules/miniflare/dist/src/workers/workflows/binding.worker.js:15150:13)
uncaught exception; source = Uncaught (in promise); stack = Error: instance.not_found
    at WorkflowBinding.get (file:///Users/marcus/Developer/card-keepr/node_modules/.pnpm/miniflare@5.20260908.0-alpha/node_modules/miniflare/dist/src/workers/workflows/binding.worker.js:15150:13)
 ✓ apps/ingestion/test/runtime-host-pacing.stress.spec.ts (1 test) 1560ms
   ✓ collection is sequential per hostname and different hostnames progress concurrently  1559ms
 ✓ apps/ingestion/test/capacity-tier-admission.stress.spec.ts (2 tests) 959ms
   ✓ 'tier-1' records its actual request-graph admission outcome  524ms
   ✓ 'tier-2' records its actual request-graph admission outcome  435ms

 Test Files  10 passed (10)
      Tests  20 passed (20)
   Start at  15:04:25
   Duration  410.00s (transform 937ms, setup 0ms, import 7.49s, tests 397.31s, environment 0ms)

JSON report written to /Users/marcus/Developer/card-keepr/docs/reviews/evidence/publication-253-fixes-20260912/full-stress.json
