$ vitest run --config apps/ingestion/vitest.config.ts apps/ingestion/test/publication-caller-retirement.spec.ts apps/ingestion/test/publication-preparation.spec.ts apps/ingestion/test/evidence-cleanup.spec.ts apps/ingestion/test/reconciliation-resource-budget.spec.ts --maxWorkers=1 --silent=passed-only --reporter=default --reporter=json --outputFile.json=docs/reviews/evidence/publication-253-fixes-20260912/publication-focused.json
(!) Your Vite config uses features that are unsupported by `configLoader: 'native'`, which is planned to become the default in a future major version of Vite:
  - import "../../test/support/source-adapters/migration" without a file extension (apps/ingestion/vitest.config.ts:13:49). Add the file extension
  - import "./index" without a file extension (test/support/source-adapters/migration.ts:1:47). Add the file extension
  - import "./capacity" without a file extension (test/support/source-adapters/index.ts:1:39). Add the file extension
  - import "../../../src/catalogue/adapters/source-adapters" without a file extension (test/support/source-adapters/index.ts:5:8). Add the file extension
  - import "./riftbound-source-adapter" without a file extension (src/catalogue/adapters/source-adapters.ts:1:52). Add the file extension
  - import "../../../src/catalogue/adapters/source-adapter-registration-types" without a file extension (test/support/source-adapters/capacity.ts:4:8). Add the file extension
  - import "./one-piece-adapter" without a file extension (src/catalogue/adapters/source-adapters.ts:2:43). Add the file extension
  - import "../fake-publisher/capacity-workloads" without a file extension (test/support/source-adapters/capacity.ts:11:8). Add the file extension
  - import "./limitless-one-piece-source-adapter" without a file extension (src/catalogue/adapters/source-adapters.ts:3:60). Add the file extension
  - import "./source-registry" without a file extension (src/catalogue/adapters/source-adapters.ts:4:32). Add the file extension
  - import "../shared" resolves to a directory index (src/catalogue/adapters/source-adapters.ts:5:59). Import the index file directly
  - import "./adapter-parse-failure" without a file extension (src/catalogue/adapters/source-adapters.ts:6:49). Add the file extension
  - import "./source-adapter-registration-types" without a file extension (src/catalogue/adapters/source-adapters.ts:10:72). Add the file extension
  - import "./source-adapter-registration-types" without a file extension (src/catalogue/adapters/source-adapters.ts:11:72). Add the file extension
  - import "./missing-object-error" without a file extension (src/catalogue/shared/index.ts:1:36). Add the file extension
  - import "./adapter-contract" without a file extension (src/catalogue/adapters/one-piece-adapter.ts:1:43). Add the file extension
  - import "../shared" resolves to a directory index (src/catalogue/adapters/source-registry.ts:1:83). Import the index file directly
  - import "./adapter-parse-failure" without a file extension (src/catalogue/adapters/one-piece-official-errata-html.ts:1:37). Add the file extension
  - import "./source-adapter-registration-types" without a file extension (src/catalogue/adapters/limitless-one-piece-source-adapter.ts:1:48). Add the file extension
  - import "./adapter-parse-failure" without a file extension (src/catalogue/adapters/product-release-source-adapters.ts:1:37). Add the file extension
  - import "./adapter-object-members" without a file extension (src/catalogue/adapters/riftbound-source-adapter.ts:1:38). Add the file extension
  - import "./membership-identity" without a file extension (src/catalogue/shared/index.ts:6:75). Add the file extension
  - import "./adapter-html" without a file extension (src/catalogue/adapters/one-piece-adapter.ts:15:8). Add the file extension
  - import "./adapter-parse-failure" without a file extension (src/catalogue/adapters/limitless-one-piece-source-adapter.ts:2:68). Add the file extension
  - import "./one-piece-adapter" without a file extension (src/catalogue/adapters/product-release-source-adapters.ts:2:33). Add the file extension
  - import "./official-artwork-identity" without a file extension (src/catalogue/adapters/riftbound-source-adapter.ts:4:44). Add the file extension
  - import "./fusion-world-adapter" without a file extension (src/catalogue/adapters/product-release-source-adapters.ts:3:36). Add the file extension
  - import "./adapter-parse-failure" without a file extension (src/catalogue/adapters/riftbound-source-adapter.ts:5:93). Add the file extension
  - import "./administration-guards-repository" without a file extension (src/catalogue/shared/index.ts:10:8). Add the file extension
  - import "./adapter-normalization" without a file extension (src/catalogue/adapters/one-piece-adapter.ts:30:8). Add the file extension
  - import "./adapter-html" without a file extension (src/catalogue/adapters/limitless-one-piece-source-adapter.ts:3:62). Add the file extension
  - import "./digimon-adapter" without a file extension (src/catalogue/adapters/product-release-source-adapters.ts:4:32). Add the file extension
  - import "./source-adapter-registration-types" without a file extension (src/catalogue/adapters/riftbound-source-adapter.ts:6:48). Add the file extension
  - import "./administration-problem" without a file extension (src/catalogue/shared/index.ts:11:39). Add the file extension
  - import "./adapter-observations" without a file extension (src/catalogue/adapters/one-piece-adapter.ts:31:49). Add the file extension
  - import "./one-piece-source-adapter" without a file extension (src/catalogue/adapters/limitless-one-piece-source-adapter.ts:4:43). Add the file extension
  - import "./gundam-adapter" without a file extension (src/catalogue/adapters/product-release-source-adapters.ts:5:32). Add the file extension
  - import "./calendar-date" without a file extension (src/catalogue/shared/index.ts:12:35). Add the file extension
  - import "./official-artwork-identity" without a file extension (src/catalogue/adapters/limitless-one-piece-source-adapter.ts:5:44). Add the file extension
  - import "./catalogue-candidate-types" without a file extension (src/catalogue/shared/index.ts:37:8). Add the file extension
  - import "./adapter-parse-failure" without a file extension (src/catalogue/adapters/one-piece-adapter.ts:32:68). Add the file extension
  - import "./adapter-contract" without a file extension (src/catalogue/adapters/product-release-source-adapters.ts:6:49). Add the file extension
  - import "./riftbound-errata" without a file extension (src/catalogue/adapters/riftbound-source-adapter.ts:7:67). Add the file extension
  - import "./catalogue-store-repository" without a file extension (src/catalogue/shared/index.ts:45:8). Add the file extension
  - import "./adapter-product-html" without a file extension (src/catalogue/adapters/one-piece-adapter.ts:33:36). Add the file extension
  - import "./adapter-contract" without a file extension (src/catalogue/adapters/product-release-source-adapters.ts:7:49). Add the file extension
  - import "./riftbound-products" without a file extension (src/catalogue/adapters/riftbound-source-adapter.ts:8:66). Add the file extension
  - import "./consumer-content" without a file extension (src/catalogue/shared/index.ts:46:33). Add the file extension
  - import "./bandai-adapter-runtime" without a file extension (src/catalogue/adapters/one-piece-adapter.ts:34:37). Add the file extension
  - import "./curated-provenance" without a file extension (src/catalogue/shared/index.ts:53:8). Add the file extension
  - import "./official-artwork-identity" without a file extension (src/catalogue/adapters/one-piece-adapter.ts:35:44). Add the file extension
  - import "./document-decoder" without a file extension (src/catalogue/shared/index.ts:54:53). Add the file extension
  - import "./official-source-authority" without a file extension (src/catalogue/adapters/one-piece-adapter.ts:36:56). Add the file extension
  - import "./export-compression" without a file extension (src/catalogue/shared/index.ts:55:60). Add the file extension
  - import "./one-piece-source-adapter" without a file extension (src/catalogue/adapters/one-piece-adapter.ts:37:69). Add the file extension
  - import "./export-limits" without a file extension (src/catalogue/shared/index.ts:62:8). Add the file extension
  - import "./adapter-observations" without a file extension (src/catalogue/adapters/one-piece-source-adapter.ts:1:43). Add the file extension
  - import "./adapter-contract" without a file extension (src/catalogue/adapters/fusion-world-adapter.ts:1:43). Add the file extension
  - import "./adapter-parse-failure" without a file extension (src/catalogue/adapters/official-artwork-identity.ts:1:37). Add the file extension
  - import "./adapter-contract" without a file extension (src/catalogue/adapters/digimon-adapter.ts:1:43). Add the file extension
  - import "./adapter-contract" without a file extension (src/catalogue/adapters/adapter-html.ts:1:40). Add the file extension
  - import "./adapter-contract" without a file extension (src/catalogue/adapters/gundam-adapter.ts:1:43). Add the file extension
  - import "./idempotent-identities" without a file extension (src/catalogue/shared/index.ts:63:80). Add the file extension
  - import "./adapter-parse-failure" without a file extension (src/catalogue/adapters/riftbound-products.ts:1:37). Add the file extension
  - import "../shared" resolves to a directory index (src/catalogue/adapters/adapter-object-members.ts:1:66). Import the index file directly
  - import "./adapter-parse-failure" without a file extension (src/catalogue/adapters/riftbound-errata.ts:1:37). Add the file extension
  - import "./adapter-observations" without a file extension (src/catalogue/adapters/adapter-normalization.ts:1:55). Add the file extension
  - import "./adapter-contract" without a file extension (src/catalogue/adapters/bandai-adapter-runtime.ts:8:8). Add the file extension
  - import "./adapter-html" without a file extension (src/catalogue/adapters/adapter-product-html.ts:16:8). Add the file extension
  - import "./adapter-parse-failure" without a file extension (src/catalogue/adapters/one-piece-source-adapter.ts:2:37). Add the file extension
  - import "./adapter-html" without a file extension (src/catalogue/adapters/fusion-world-adapter.ts:20:8). Add the file extension
  - import "./adapter-html" without a file extension (src/catalogue/adapters/digimon-adapter.ts:15:8). Add the file extension
  - import "./adapter-normalization" without a file extension (src/catalogue/adapters/adapter-html.ts:2:75). Add the file extension
  - import "./adapter-html" without a file extension (src/catalogue/adapters/gundam-adapter.ts:18:8). Add the file extension
  - import "./ingestion-guards-repository" without a file extension (src/catalogue/shared/index.ts:64:69). Add the file extension
  - import "./riftbound-article" without a file extension (src/catalogue/adapters/riftbound-products.ts:2:53). Add the file extension
  - import "./adapter-parse-failure" without a file extension (src/catalogue/adapters/adapter-object-members.ts:2:37). Add the file extension
  - import "./riftbound-article" without a file extension (src/catalogue/adapters/riftbound-errata.ts:2:53). Add the file extension
  - import "./adapter-parse-failure" without a file extension (src/catalogue/adapters/adapter-normalization.ts:2:37). Add the file extension
  - import "./adapter-html" without a file extension (src/catalogue/adapters/bandai-adapter-runtime.ts:34:8). Add the file extension
  - import "./adapter-observations" without a file extension (src/catalogue/adapters/adapter-product-html.ts:17:43). Add the file extension
  - import "./adapter-normalization" without a file extension (src/catalogue/adapters/fusion-world-adapter.ts:36:8). Add the file extension
  - import "./adapter-normalization" without a file extension (src/catalogue/adapters/digimon-adapter.ts:29:8). Add the file extension
  - import "./adapter-observations" without a file extension (src/catalogue/adapters/adapter-html.ts:3:87). Add the file extension
  - import "./adapter-normalization" without a file extension (src/catalogue/adapters/gundam-adapter.ts:33:8). Add the file extension
  - import "./ingestion-run-event-repository" without a file extension (src/catalogue/shared/index.ts:76:8). Add the file extension
  - import "./official-artwork-identity" without a file extension (src/catalogue/adapters/adapter-normalization.ts:3:44). Add the file extension
  - import "./adapter-normalization" without a file extension (src/catalogue/adapters/bandai-adapter-runtime.ts:46:8). Add the file extension
  - import "./adapter-parse-failure" without a file extension (src/catalogue/adapters/adapter-product-html.ts:18:49). Add the file extension
  - import "./adapter-observations" without a file extension (src/catalogue/adapters/fusion-world-adapter.ts:37:71). Add the file extension
  - import "./adapter-observations" without a file extension (src/catalogue/adapters/digimon-adapter.ts:30:71). Add the file extension
  - import "./adapter-parse-failure" without a file extension (src/catalogue/adapters/adapter-html.ts:4:49). Add the file extension
  - import "./adapter-observations" without a file extension (src/catalogue/adapters/gundam-adapter.ts:38:8). Add the file extension
  - import "./ingestion-run-events" without a file extension (src/catalogue/shared/index.ts:83:8). Add the file extension
  - import "./adapter-parse-failure" without a file extension (src/catalogue/adapters/riftbound-article.ts:2:81). Add the file extension
  - import "./adapter-observations" without a file extension (src/catalogue/adapters/bandai-adapter-runtime.ts:47:70). Add the file extension
  - import "./official-source-release-normalization" without a file extension (src/catalogue/adapters/adapter-product-html.ts:24:8). Add the file extension
  - import "./adapter-parse-failure" without a file extension (src/catalogue/adapters/fusion-world-adapter.ts:38:49). Add the file extension
  - import "./adapter-parse-failure" without a file extension (src/catalogue/adapters/digimon-adapter.ts:31:49). Add the file extension
  - import "./official-source-field-coverage" without a file extension (src/catalogue/adapters/adapter-html.ts:5:47). Add the file extension
  - import "./adapter-parse-failure" without a file extension (src/catalogue/adapters/gundam-adapter.ts:39:49). Add the file extension
  - import "./ingestion-run-state" without a file extension (src/catalogue/shared/index.ts:97:8). Add the file extension
  - import "./adapter-parse-failure" without a file extension (src/catalogue/adapters/bandai-adapter-runtime.ts:48:74). Add the file extension
  - import "./adapter-product-html" without a file extension (src/catalogue/adapters/fusion-world-adapter.ts:39:36). Add the file extension
  - import "./adapter-product-html" without a file extension (src/catalogue/adapters/digimon-adapter.ts:32:36). Add the file extension
  - import "./adapter-product-html" without a file extension (src/catalogue/adapters/gundam-adapter.ts:40:36). Add the file extension
  - import "./operational-diagnostics" without a file extension (src/catalogue/shared/index.ts:98:40). Add the file extension
  - import "./adapter-product-html" without a file extension (src/catalogue/adapters/bandai-adapter-runtime.ts:49:41). Add the file extension
  - import "./bandai-adapter-runtime" without a file extension (src/catalogue/adapters/fusion-world-adapter.ts:40:37). Add the file extension
  - import "./bandai-adapter-runtime" without a file extension (src/catalogue/adapters/digimon-adapter.ts:33:37). Add the file extension
  - import "./bandai-adapter-runtime" without a file extension (src/catalogue/adapters/gundam-adapter.ts:41:37). Add the file extension
  - import "./reconciliation-payload" without a file extension (src/catalogue/shared/index.ts:108:8). Add the file extension
  - import "./official-source-authority" without a file extension (src/catalogue/adapters/bandai-adapter-runtime.ts:51:29). Add the file extension
  - import "./official-artwork-identity" without a file extension (src/catalogue/adapters/fusion-world-adapter.ts:41:44). Add the file extension
  - import "./official-source-authority" without a file extension (src/catalogue/adapters/digimon-adapter.ts:34:56). Add the file extension
  - import "./official-source-authority" without a file extension (src/catalogue/adapters/gundam-adapter.ts:42:56). Add the file extension
  - import "./reconciliation-profile" without a file extension (src/catalogue/shared/index.ts:121:8). Add the file extension
  - import "./adapter-parse-failure" without a file extension (src/catalogue/adapters/official-source-release-normalization.ts:1:37). Add the file extension
  - import "./official-source-authority" without a file extension (src/catalogue/adapters/fusion-world-adapter.ts:42:56). Add the file extension
  - import "./serialization" without a file extension (src/catalogue/shared/index.ts:123:87). Add the file extension
  - import "./official-source-release-normalization" without a file extension (src/catalogue/adapters/fusion-world-adapter.ts:43:47). Add the file extension
  - import "./streaming-sha256" without a file extension (src/catalogue/shared/index.ts:125:60). Add the file extension
  - import "./workflow-driver" without a file extension (src/catalogue/shared/index.ts:131:8). Add the file extension
  - import "./workflow-progress" without a file extension (src/catalogue/shared/index.ts:132:64). Add the file extension
  - import "./workflow-steps" without a file extension (src/catalogue/shared/index.ts:133:96). Add the file extension
  - import "./ingestion-reservation-repository" without a file extension (src/catalogue/shared/index.ts:138:8). Add the file extension
  - import "./reconciliation-payload-repository" without a file extension (src/catalogue/shared/index.ts:140:60). Add the file extension
  - import "./streamed-object-members" without a file extension (src/catalogue/shared/index.ts:147:8). Add the file extension
  - import "./catalogue-draft" without a file extension (src/catalogue/shared/index.ts:153:8). Add the file extension
  - import "./card-search-contract" without a file extension (src/catalogue/shared/index.ts:160:8). Add the file extension
  - import "./publication-composition-repository" without a file extension (src/catalogue/shared/index.ts:165:8). Add the file extension
  - import "./staging-object-storage" without a file extension (src/catalogue/shared/index.ts:166:59). Add the file extension
  - import "./curated-field-schemas" without a file extension (src/catalogue/shared/index.ts:168:45). Add the file extension
  - import "./curated-field-validation" without a file extension (src/catalogue/shared/index.ts:169:35). Add the file extension
  - import "./source-freshness" without a file extension (src/catalogue/shared/index.ts:178:8). Add the file extension
  - import "./catalogue-store-repository" without a file extension (src/catalogue/shared/administration-guards-repository.ts:1:59). Add the file extension
  - import "./catalogue-candidate-types" without a file extension (src/catalogue/shared/membership-identity.ts:1:36). Add the file extension
  - import "./curated-provenance" without a file extension (src/catalogue/shared/catalogue-candidate-types.ts:9:47). Add the file extension
  - import "./serialization" without a file extension (src/catalogue/shared/idempotent-identities.ts:2:24). Add the file extension
  - import "./ingestion-reservation-repository" without a file extension (src/catalogue/shared/ingestion-run-event-repository.ts:6:8). Add the file extension
  - import "./ingestion-run-state" without a file extension (src/catalogue/shared/ingestion-run-events.ts:6:8). Add the file extension
  - import "./catalogue-candidate-types" without a file extension (src/catalogue/shared/source-freshness.ts:1:58). Add the file extension
  - import "./ingestion-run-state" without a file extension (src/catalogue/shared/operational-diagnostics.ts:1:45). Add the file extension
  - import "./catalogue-store-repository" without a file extension (src/catalogue/shared/ingestion-reservation-repository.ts:1:86). Add the file extension
  - import "./catalogue-store-repository" without a file extension (src/catalogue/shared/reconciliation-payload-repository.ts:1:59). Add the file extension
  - import "./catalogue-store-repository" without a file extension (src/catalogue/shared/reconciliation-payload.ts:1:37). Add the file extension
  - import "./catalogue-candidate-types" without a file extension (src/catalogue/shared/catalogue-draft.ts:1:41). Add the file extension
  - import "./catalogue-store-repository" without a file extension (src/catalogue/shared/ingestion-guards-repository.ts:1:59). Add the file extension
  - import "./catalogue-candidate-types" without a file extension (src/catalogue/shared/reconciliation-profile.ts:1:36). Add the file extension
  - import "./catalogue-store-repository" without a file extension (src/catalogue/shared/staging-object-storage.ts:1:37). Add the file extension
  - import "./reconciliation-profile" without a file extension (src/catalogue/shared/curated-field-schemas.ts:1:46). Add the file extension
  - import "./curated-field-schemas" without a file extension (src/catalogue/shared/curated-field-validation.ts:2:44). Add the file extension
  - import "./workflow-steps" without a file extension (src/catalogue/shared/workflow-driver.ts:1:92). Add the file extension
  - import "./catalogue-store-repository" without a file extension (src/catalogue/shared/publication-composition-repository.ts:1:59). Add the file extension
  - import "./serialization" without a file extension (src/catalogue/shared/membership-identity.ts:2:43). Add the file extension
  - import "./catalogue-store-repository" without a file extension (src/catalogue/shared/ingestion-run-event-repository.ts:7:86). Add the file extension
  - import "./serialization" without a file extension (src/catalogue/shared/source-freshness.ts:2:29). Add the file extension
  - import "./reconciliation-payload-repository" without a file extension (src/catalogue/shared/reconciliation-payload.ts:6:8). Add the file extension
  - import "./ingestion-run-state" without a file extension (src/catalogue/shared/ingestion-guards-repository.ts:2:67). Add the file extension
  - import "./serialization" without a file extension (src/catalogue/shared/reconciliation-profile.ts:2:31). Add the file extension
  - import "./staging-object-repository" without a file extension (src/catalogue/shared/staging-object-storage.ts:7:8). Add the file extension
  - import "./serialization" without a file extension (src/catalogue/shared/curated-field-schemas.ts:2:31). Add the file extension
  - import "./ingestion-run-events" without a file extension (src/catalogue/shared/ingestion-run-event-repository.ts:14:8). Add the file extension
  - import "./serialization" without a file extension (src/catalogue/shared/reconciliation-payload.ts:7:31). Add the file extension
  - import "./reconciliation-payload" without a file extension (src/catalogue/shared/ingestion-run-event-repository.ts:15:28). Add the file extension
  - import "./catalogue-store-repository" without a file extension (src/catalogue/shared/staging-object-repository.ts:1:59). Add the file extension
Set `VITE_CONFIG_NATIVE_IGNORE_WARNING=true` to suppress this warning.

 RUN  v4.1.11 /Users/marcus/Developer/card-keepr

An RPC stub was not disposed properly. You must call dispose() on all stubs in order to let the other side know that you are no longer using them. You cannot rely on the garbage collector for this because it may take arbitrarily long before actually collecting unreachable objects. As a shortcut, calling dispose() on the result of an RPC call disposes all stubs within it.
 ✓ apps/ingestion/test/publication-preparation.spec.ts (21 tests) 19257ms
   ✓ an owner prepares immutable game artifacts in bounded steps and replays a lost response  925ms
   ✓ one owner start drives durable publication preparation to verification independently of the request  832ms
   ✓ partial object staging exhausts bounded retry and resumes without replacing verified work  876ms
   ✓ corrupt immutable image bytes fail distinctly and cannot be resumed  772ms
   ✓ a stale sequence, changed manifest, abandoned owner and original deadline fence artifact preparation  801ms
   ✓ large text is promoted as verified bounded components and hierarchical references  1260ms
   ✓ a bounded composition references independently verified games without re-uploading their components  1357ms
   ✓ verified query and search batches expose the same prepared facts to the owner  817ms
   ✓ an empty complete game seals a verified empty composition  708ms
   ✓ projections recovers partial staging and a lost transaction response  848ms
   ✓ composition recovers partial staging and a lost transaction response  836ms
   ✓ exhausted prepare publication artifacts steps retain a retry pause  820ms
   ✓ exhausted dispatch publication preparation successor steps retain a retry pause  1375ms
   ✓ initial Workflow dispatch exhaustion is retained and resumes from the same candidate  822ms
   ✓ projections rejects corrupted staged bytes without replacing them  788ms
   ✓ composition rejects corrupted staged bytes without replacing them  891ms
   ✓ a fresh candidate reuses unchanged fact components while retaining a distinct bound root  1285ms
   ✓ an exhausted stale Workflow cannot pause a newer owner's sequence  837ms
   ✓ a lost old start replay cannot pause newer work when its original dispatch fails  856ms
   ✓ publication preparation verifies retained inspection metadata as part of the whole manifest  795ms
   ✓ publication preparation verifies retained inspection_summary metadata as part of the whole manifest  755ms
uncaught exception; exception = workerd/io/io-context.c++:1642: failed: jsg.Error: The Workers runtime canceled this request because it detected that your Worker's code had hung and would never generate a response. Refer to: https://developers.cloudflare.com/workers/observability/errors/
stack: 10324537f
uncaught exception; source = Uncaught (in promise); stack = SyntaxError: Unexpected token 'E', "Error: ENO"... is not valid JSON
    at cloudflareD1Request (/Users/marcus/Developer/card-keepr/src/catalogue/backup-recovery/backup-recovery.ts:1185:20)
    at Object.exportSql (/Users/marcus/Developer/card-keepr/src/catalogue/backup-recovery/backup-recovery.ts:1017:22)
    at withCardSearchPreparedForD1Export (/Users/marcus/Developer/card-keepr/src/catalogue/backup-recovery/card-search-recovery.ts:41:12)
    at createVerifiedCatalogueBackup (/Users/marcus/Developer/card-keepr/src/catalogue/backup-recovery/backup-recovery.ts:596:22)
    at wrapped (/Users/marcus/Developer/card-keepr/src/http/operational-log.ts:176:20)
uncaught exception; source = Uncaught (in promise); stack = SyntaxError: Unexpected token 'E', "Error: ENO"... is not valid JSON
    at cloudflareD1Request (/Users/marcus/Developer/card-keepr/src/catalogue/backup-recovery/backup-recovery.ts:1185:20)
    at Object.exportSql (/Users/marcus/Developer/card-keepr/src/catalogue/backup-recovery/backup-recovery.ts:1017:22)
    at withCardSearchPreparedForD1Export (/Users/marcus/Developer/card-keepr/src/catalogue/backup-recovery/card-search-recovery.ts:41:12)
    at createVerifiedCatalogueBackup (/Users/marcus/Developer/card-keepr/src/catalogue/backup-recovery/backup-recovery.ts:596:22)
    at wrapped (/Users/marcus/Developer/card-keepr/src/http/operational-log.ts:176:20)
uncaught exception; source = Uncaught (in promise); stack = SyntaxError: Unexpected token 'E', "Error: ENO"... is not valid JSON
    at cloudflareD1Request (/Users/marcus/Developer/card-keepr/src/catalogue/backup-recovery/backup-recovery.ts:1185:20)
    at Object.exportSql (/Users/marcus/Developer/card-keepr/src/catalogue/backup-recovery/backup-recovery.ts:1017:22)
    at withCardSearchPreparedForD1Export (/Users/marcus/Developer/card-keepr/src/catalogue/backup-recovery/card-search-recovery.ts:41:12)
    at createVerifiedCatalogueBackup (/Users/marcus/Developer/card-keepr/src/catalogue/backup-recovery/backup-recovery.ts:596:22)
    at wrapped (/Users/marcus/Developer/card-keepr/src/http/operational-log.ts:176:20)
uncaught exception; source = Uncaught (in promise); stack = SyntaxError: Unexpected token 'E', "Error: ENO"... is not valid JSON
    at cloudflareD1Request (/Users/marcus/Developer/card-keepr/src/catalogue/backup-recovery/backup-recovery.ts:1185:20)
    at Object.exportSql (/Users/marcus/Developer/card-keepr/src/catalogue/backup-recovery/backup-recovery.ts:1017:22)
    at withCardSearchPreparedForD1Export (/Users/marcus/Developer/card-keepr/src/catalogue/backup-recovery/card-search-recovery.ts:41:12)
    at createVerifiedCatalogueBackup (/Users/marcus/Developer/card-keepr/src/catalogue/backup-recovery/backup-recovery.ts:596:22)
    at wrapped (/Users/marcus/Developer/card-keepr/src/http/operational-log.ts:176:20)
uncaught exception; source = Uncaught (in promise); stack = SyntaxError: Unexpected token 'E', "Error: ENO"... is not valid JSON
    at async doWrapper (file:///Users/marcus/Developer/card-keepr/node_modules/.pnpm/miniflare@5.20260908.0-alpha/node_modules/miniflare/dist/src/workers/workflows/binding.worker.js:13525:53)
    at async Context.do (file:///Users/marcus/Developer/card-keepr/node_modules/.pnpm/miniflare@5.20260908.0-alpha/node_modules/miniflare/dist/src/workers/workflows/binding.worker.js:13789:17)
stdout | apps/ingestion/test/publication-caller-retirement.spec.ts > a collected source publishes through exact native owner operations after run approval is retired
{"contract":"card-keepr-operational-log@1","event":"request.completed","runtime":"ingestion","request":{"id":"eb1e297e-d32f-4611-bcad-c069c7aaa8c0","method":"GET","route":"/v1/ingestion-runs/:ref"},"status":200,"duration_ms":6,"workflow":{"step":null},"retry":{"count":0,"classification":"not_applicable"},"cache":{"status":"unknown"},"d1":{"prepared_statements":26,"batch_calls":0,"batch_statements":0}}

stdout | apps/ingestion/test/publication-caller-retirement.spec.ts > a collected source publishes through exact native owner operations after run approval is retired
{"contract":"card-keepr-operational-log@1","event":"request.completed","runtime":"ingestion","request":{"id":"6cfc2876-2b63-4577-a54b-59af20afcb28","method":"POST","route":"/v1/ingestion-runs/:ref/approval"},"status":410,"duration_ms":2,"workflow":{"step":null},"retry":{"count":0,"classification":"non_retryable"},"cache":{"status":"unknown"},"d1":{"prepared_statements":6,"batch_calls":0,"batch_statements":0}}

stdout | apps/ingestion/test/publication-caller-retirement.spec.ts > a collected source publishes through exact native owner operations after run approval is retired
{"contract":"card-keepr-operational-log@1","event":"request.completed","runtime":"ingestion","request":{"id":"9e030788-73fc-4614-86c7-f0a24e225e56","method":"POST","route":"/v1/game-candidates"},"status":201,"duration_ms":7,"workflow":{"step":null},"retry":{"count":0,"classification":"not_applicable"},"cache":{"status":"unknown"},"d1":{"prepared_statements":25,"batch_calls":1,"batch_statements":15}}

stdout | apps/ingestion/test/publication-caller-retirement.spec.ts > a collected source publishes through exact native owner operations after run approval is retired
{"contract":"card-keepr-operational-log@1","event":"workflow.step.completed","runtime":"ingestion","request":{"id":"game-reconcile-550dda20bc5fcd33b8db772a11213685420b175d385feb49a6bb496f0d830579","method":"WORKFLOW","route":"/workflows/card-keepr-reconciliation"},"status":200,"duration_ms":1,"workflow":{"step":"initialize reconciliation operation","step_count":1},"retry":{"count":0,"classification":"not_applicable"},"cache":{"status":"unknown"},"d1":{"prepared_statements":1,"batch_calls":0,"batch_statements":0}}

stdout | apps/ingestion/test/publication-caller-retirement.spec.ts > a collected source publishes through exact native owner operations after run approval is retired
{"contract":"card-keepr-operational-log@1","event":"workflow.step.completed","runtime":"ingestion","request":{"id":"game-reconcile-550dda20bc5fcd33b8db772a11213685420b175d385feb49a6bb496f0d830579","method":"WORKFLOW","route":"/workflows/card-keepr-reconciliation"},"status":200,"duration_ms":0,"workflow":{"step":"read reconciliation dispatch","step_count":1},"retry":{"count":0,"classification":"not_applicable"},"cache":{"status":"unknown"},"d1":{"prepared_statements":2,"batch_calls":0,"batch_statements":0}}

stdout | apps/ingestion/test/publication-caller-retirement.spec.ts > a collected source publishes through exact native owner operations after run approval is retired
{"contract":"card-keepr-operational-log@1","event":"workflow.step.completed","runtime":"ingestion","request":{"id":"game-reconcile-550dda20bc5fcd33b8db772a11213685420b175d385feb49a6bb496f0d830579","method":"WORKFLOW","route":"/workflows/card-keepr-reconciliation"},"status":200,"duration_ms":6,"workflow":{"step":"reconcile retained Card, Printing, and Erratum evidence","step_count":1},"retry":{"count":0,"classification":"not_applicable"},"cache":{"status":"unknown"},"d1":{"prepared_statements":17,"batch_calls":3,"batch_statements":11}}

stdout | apps/ingestion/test/publication-caller-retirement.spec.ts > a collected source publishes through exact native owner operations after run approval is retired
{"contract":"card-keepr-operational-log@1","event":"workflow.step.completed","runtime":"ingestion","request":{"id":"game-reconcile-550dda20bc5fcd33b8db772a11213685420b175d385feb49a6bb496f0d830579","method":"WORKFLOW","route":"/workflows/card-keepr-reconciliation"},"status":200,"duration_ms":2,"workflow":{"step":"reconcile retained Card, Printing, and Erratum evidence-unit-1","step_count":1},"retry":{"count":0,"classification":"not_applicable"},"cache":{"status":"unknown"},"d1":{"prepared_statements":17,"batch_calls":3,"batch_statements":11}}

stdout | apps/ingestion/test/publication-caller-retirement.spec.ts > a collected source publishes through exact native owner operations after run approval is retired
{"contract":"card-keepr-operational-log@1","event":"workflow.step.completed","runtime":"ingestion","request":{"id":"game-reconcile-550dda20bc5fcd33b8db772a11213685420b175d385feb49a6bb496f0d830579","method":"WORKFLOW","route":"/workflows/card-keepr-reconciliation"},"status":200,"duration_ms":2,"workflow":{"step":"reconcile retained Card, Printing, and Erratum evidence-unit-2","step_count":1},"retry":{"count":0,"classification":"not_applicable"},"cache":{"status":"unknown"},"d1":{"prepared_statements":16,"batch_calls":3,"batch_statements":11}}

stdout | apps/ingestion/test/publication-caller-retirement.spec.ts > a collected source publishes through exact native owner operations after run approval is retired
{"contract":"card-keepr-operational-log@1","event":"workflow.step.completed","runtime":"ingestion","request":{"id":"game-reconcile-550dda20bc5fcd33b8db772a11213685420b175d385feb49a6bb496f0d830579","method":"WORKFLOW","route":"/workflows/card-keepr-reconciliation"},"status":200,"duration_ms":2,"workflow":{"step":"reconcile retained Card, Printing, and Erratum evidence-unit-3","step_count":1},"retry":{"count":0,"classification":"not_applicable"},"cache":{"status":"unknown"},"d1":{"prepared_statements":18,"batch_calls":4,"batch_statements":13}}

stdout | apps/ingestion/test/publication-caller-retirement.spec.ts > a collected source publishes through exact native owner operations after run approval is retired
{"contract":"card-keepr-operational-log@1","event":"workflow.step.completed","runtime":"ingestion","request":{"id":"game-reconcile-550dda20bc5fcd33b8db772a11213685420b175d385feb49a6bb496f0d830579","method":"WORKFLOW","route":"/workflows/card-keepr-reconciliation"},"status":200,"duration_ms":2,"workflow":{"step":"reconcile retained Card, Printing, and Erratum evidence-unit-4","step_count":1},"retry":{"count":0,"classification":"not_applicable"},"cache":{"status":"unknown"},"d1":{"prepared_statements":16,"batch_calls":3,"batch_statements":11}}

stdout | apps/ingestion/test/publication-caller-retirement.spec.ts > a collected source publishes through exact native owner operations after run approval is retired
{"contract":"card-keepr-operational-log@1","event":"workflow.step.completed","runtime":"ingestion","request":{"id":"game-reconcile-550dda20bc5fcd33b8db772a11213685420b175d385feb49a6bb496f0d830579","method":"WORKFLOW","route":"/workflows/card-keepr-reconciliation"},"status":200,"duration_ms":2,"workflow":{"step":"reconcile retained Card, Printing, and Erratum evidence-unit-5","step_count":1},"retry":{"count":0,"classification":"not_applicable"},"cache":{"status":"unknown"},"d1":{"prepared_statements":16,"batch_calls":3,"batch_statements":11}}

stdout | apps/ingestion/test/publication-caller-retirement.spec.ts > a collected source publishes through exact native owner operations after run approval is retired
{"contract":"card-keepr-operational-log@1","event":"workflow.step.completed","runtime":"ingestion","request":{"id":"game-reconcile-550dda20bc5fcd33b8db772a11213685420b175d385feb49a6bb496f0d830579","method":"WORKFLOW","route":"/workflows/card-keepr-reconciliation"},"status":200,"duration_ms":2,"workflow":{"step":"reconcile retained Card, Printing, and Erratum evidence-unit-6","step_count":1},"retry":{"count":0,"classification":"not_applicable"},"cache":{"status":"unknown"},"d1":{"prepared_statements":20,"batch_calls":4,"batch_statements":13}}

stdout | apps/ingestion/test/publication-caller-retirement.spec.ts > a collected source publishes through exact native owner operations after run approval is retired
{"contract":"card-keepr-operational-log@1","event":"workflow.step.completed","runtime":"ingestion","request":{"id":"game-reconcile-550dda20bc5fcd33b8db772a11213685420b175d385feb49a6bb496f0d830579","method":"WORKFLOW","route":"/workflows/card-keepr-reconciliation"},"status":200,"duration_ms":2,"workflow":{"step":"reconcile retained Card, Printing, and Erratum evidence-unit-7","step_count":1},"retry":{"count":0,"classification":"not_applicable"},"cache":{"status":"unknown"},"d1":{"prepared_statements":18,"batch_calls":3,"batch_statements":11}}

stdout | apps/ingestion/test/publication-caller-retirement.spec.ts > a collected source publishes through exact native owner operations after run approval is retired
{"contract":"card-keepr-operational-log@1","event":"workflow.step.completed","runtime":"ingestion","request":{"id":"game-reconcile-550dda20bc5fcd33b8db772a11213685420b175d385feb49a6bb496f0d830579","method":"WORKFLOW","route":"/workflows/card-keepr-reconciliation"},"status":200,"duration_ms":3,"workflow":{"step":"reconcile retained Card, Printing, and Erratum evidence-unit-8","step_count":1},"retry":{"count":0,"classification":"not_applicable"},"cache":{"status":"unknown"},"d1":{"prepared_statements":22,"batch_calls":4,"batch_statements":13}}

stdout | apps/ingestion/test/publication-caller-retirement.spec.ts > a collected source publishes through exact native owner operations after run approval is retired
{"contract":"card-keepr-operational-log@1","event":"workflow.step.completed","runtime":"ingestion","request":{"id":"game-reconcile-550dda20bc5fcd33b8db772a11213685420b175d385feb49a6bb496f0d830579","method":"WORKFLOW","route":"/workflows/card-keepr-reconciliation"},"status":200,"duration_ms":2,"workflow":{"step":"reconcile retained Card, Printing, and Erratum evidence-unit-9","step_count":1},"retry":{"count":0,"classification":"not_applicable"},"cache":{"status":"unknown"},"d1":{"prepared_statements":15,"batch_calls":3,"batch_statements":11}}

stdout | apps/ingestion/test/publication-caller-retirement.spec.ts > a collected source publishes through exact native owner operations after run approval is retired
{"contract":"card-keepr-operational-log@1","event":"workflow.step.completed","runtime":"ingestion","request":{"id":"game-reconcile-550dda20bc5fcd33b8db772a11213685420b175d385feb49a6bb496f0d830579","method":"WORKFLOW","route":"/workflows/card-keepr-reconciliation"},"status":200,"duration_ms":2,"workflow":{"step":"reconcile retained Card, Printing, and Erratum evidence-unit-10","step_count":1},"retry":{"count":0,"classification":"not_applicable"},"cache":{"status":"unknown"},"d1":{"prepared_statements":15,"batch_calls":3,"batch_statements":11}}

stdout | apps/ingestion/test/publication-caller-retirement.spec.ts > a collected source publishes through exact native owner operations after run approval is retired
{"contract":"card-keepr-operational-log@1","event":"workflow.step.completed","runtime":"ingestion","request":{"id":"game-reconcile-550dda20bc5fcd33b8db772a11213685420b175d385feb49a6bb496f0d830579","method":"WORKFLOW","route":"/workflows/card-keepr-reconciliation"},"status":200,"duration_ms":4,"workflow":{"step":"reconcile retained Card, Printing, and Erratum evidence-unit-11","step_count":1},"retry":{"count":0,"classification":"not_applicable"},"cache":{"status":"unknown"},"d1":{"prepared_statements":20,"batch_calls":3,"batch_statements":11}}

stdout | apps/ingestion/test/publication-caller-retirement.spec.ts > a collected source publishes through exact native owner operations after run approval is retired
{"contract":"card-keepr-operational-log@1","event":"workflow.step.completed","runtime":"ingestion","request":{"id":"game-reconcile-550dda20bc5fcd33b8db772a11213685420b175d385feb49a6bb496f0d830579","method":"WORKFLOW","route":"/workflows/card-keepr-reconciliation"},"status":200,"duration_ms":2,"workflow":{"step":"reconcile retained Card, Printing, and Erratum evidence-unit-12","step_count":1},"retry":{"count":0,"classification":"not_applicable"},"cache":{"status":"unknown"},"d1":{"prepared_statements":23,"batch_calls":4,"batch_statements":13}}

stdout | apps/ingestion/test/publication-caller-retirement.spec.ts > a collected source publishes through exact native owner operations after run approval is retired
{"contract":"card-keepr-operational-log@1","event":"workflow.step.completed","runtime":"ingestion","request":{"id":"game-reconcile-550dda20bc5fcd33b8db772a11213685420b175d385feb49a6bb496f0d830579","method":"WORKFLOW","route":"/workflows/card-keepr-reconciliation"},"status":200,"duration_ms":2,"workflow":{"step":"reconcile retained Card, Printing, and Erratum evidence-unit-13","step_count":1},"retry":{"count":0,"classification":"not_applicable"},"cache":{"status":"unknown"},"d1":{"prepared_statements":21,"batch_calls":3,"batch_statements":11}}

stdout | apps/ingestion/test/publication-caller-retirement.spec.ts > a collected source publishes through exact native owner operations after run approval is retired
{"contract":"card-keepr-operational-log@1","event":"workflow.step.completed","runtime":"ingestion","request":{"id":"game-reconcile-550dda20bc5fcd33b8db772a11213685420b175d385feb49a6bb496f0d830579","method":"WORKFLOW","route":"/workflows/card-keepr-reconciliation"},"status":200,"duration_ms":4,"workflow":{"step":"reconcile retained Card, Printing, and Erratum evidence-unit-14","step_count":1},"retry":{"count":0,"classification":"not_applicable"},"cache":{"status":"unknown"},"d1":{"prepared_statements":21,"batch_calls":4,"batch_statements":13}}

stdout | apps/ingestion/test/publication-caller-retirement.spec.ts > a collected source publishes through exact native owner operations after run approval is retired
{"contract":"card-keepr-operational-log@1","event":"workflow.step.completed","runtime":"ingestion","request":{"id":"game-reconcile-550dda20bc5fcd33b8db772a11213685420b175d385feb49a6bb496f0d830579","method":"WORKFLOW","route":"/workflows/card-keepr-reconciliation"},"status":200,"duration_ms":3,"workflow":{"step":"reconcile retained Card, Printing, and Erratum evidence-unit-15","step_count":1},"retry":{"count":0,"classification":"not_applicable"},"cache":{"status":"unknown"},"d1":{"prepared_statements":22,"batch_calls":3,"batch_statements":11}}

stdout | apps/ingestion/test/publication-caller-retirement.spec.ts > a collected source publishes through exact native owner operations after run approval is retired
{"contract":"card-keepr-operational-log@1","event":"workflow.step.completed","runtime":"ingestion","request":{"id":"game-reconcile-550dda20bc5fcd33b8db772a11213685420b175d385feb49a6bb496f0d830579","method":"WORKFLOW","route":"/workflows/card-keepr-reconciliation"},"status":200,"duration_ms":2,"workflow":{"step":"reconcile retained Card, Printing, and Erratum evidence-unit-16","step_count":1},"retry":{"count":0,"classification":"not_applicable"},"cache":{"status":"unknown"},"d1":{"prepared_statements":19,"batch_calls":3,"batch_statements":11}}

stdout | apps/ingestion/test/publication-caller-retirement.spec.ts > a collected source publishes through exact native owner operations after run approval is retired
{"contract":"card-keepr-operational-log@1","event":"workflow.step.completed","runtime":"ingestion","request":{"id":"game-reconcile-550dda20bc5fcd33b8db772a11213685420b175d385feb49a6bb496f0d830579","method":"WORKFLOW","route":"/workflows/card-keepr-reconciliation"},"status":200,"duration_ms":2,"workflow":{"step":"reconcile retained Card, Printing, and Erratum evidence-unit-17","step_count":1},"retry":{"count":0,"classification":"not_applicable"},"cache":{"status":"unknown"},"d1":{"prepared_statements":19,"batch_calls":3,"batch_statements":11}}

stdout | apps/ingestion/test/publication-caller-retirement.spec.ts > a collected source publishes through exact native owner operations after run approval is retired
{"contract":"card-keepr-operational-log@1","event":"workflow.step.completed","runtime":"ingestion","request":{"id":"game-reconcile-550dda20bc5fcd33b8db772a11213685420b175d385feb49a6bb496f0d830579","method":"WORKFLOW","route":"/workflows/card-keepr-reconciliation"},"status":200,"duration_ms":2,"workflow":{"step":"reconcile retained Card, Printing, and Erratum evidence-unit-18","step_count":1},"retry":{"count":0,"classification":"not_applicable"},"cache":{"status":"unknown"},"d1":{"prepared_statements":19,"batch_calls":3,"batch_statements":11}}

stdout | apps/ingestion/test/publication-caller-retirement.spec.ts > a collected source publishes through exact native owner operations after run approval is retired
{"contract":"card-keepr-operational-log@1","event":"workflow.step.completed","runtime":"ingestion","request":{"id":"game-reconcile-550dda20bc5fcd33b8db772a11213685420b175d385feb49a6bb496f0d830579","method":"WORKFLOW","route":"/workflows/card-keepr-reconciliation"},"status":200,"duration_ms":2,"workflow":{"step":"reconcile retained Card, Printing, and Erratum evidence-unit-19","step_count":1},"retry":{"count":0,"classification":"not_applicable"},"cache":{"status":"unknown"},"d1":{"prepared_statements":19,"batch_calls":3,"batch_statements":11}}

stdout | apps/ingestion/test/publication-caller-retirement.spec.ts > a collected source publishes through exact native owner operations after run approval is retired
{"contract":"card-keepr-operational-log@1","event":"workflow.step.completed","runtime":"ingestion","request":{"id":"game-reconcile-550dda20bc5fcd33b8db772a11213685420b175d385feb49a6bb496f0d830579","method":"WORKFLOW","route":"/workflows/card-keepr-reconciliation"},"status":200,"duration_ms":8,"workflow":{"step":"reconcile retained Card, Printing, and Erratum evidence-unit-20","step_count":1},"retry":{"count":0,"classification":"not_applicable"},"cache":{"status":"unknown"},"d1":{"prepared_statements":31,"batch_calls":7,"batch_statements":21}}

stdout | apps/ingestion/test/publication-caller-retirement.spec.ts > a collected source publishes through exact native owner operations after run approval is retired
{"contract":"card-keepr-operational-log@1","event":"workflow.step.completed","runtime":"ingestion","request":{"id":"game-reconcile-550dda20bc5fcd33b8db772a11213685420b175d385feb49a6bb496f0d830579","method":"WORKFLOW","route":"/workflows/card-keepr-reconciliation"},"status":200,"duration_ms":3,"workflow":{"step":"reconcile retained Card, Printing, and Erratum evidence-unit-21","step_count":1},"retry":{"count":0,"classification":"not_applicable"},"cache":{"status":"unknown"},"d1":{"prepared_statements":23,"batch_calls":4,"batch_statements":13}}

stdout | apps/ingestion/test/publication-caller-retirement.spec.ts > a collected source publishes through exact native owner operations after run approval is retired
{"contract":"card-keepr-operational-log@1","event":"workflow.step.completed","runtime":"ingestion","request":{"id":"game-reconcile-550dda20bc5fcd33b8db772a11213685420b175d385feb49a6bb496f0d830579","method":"WORKFLOW","route":"/workflows/card-keepr-reconciliation"},"status":200,"duration_ms":3,"workflow":{"step":"reconcile retained Card, Printing, and Erratum evidence-unit-22","step_count":1},"retry":{"count":0,"classification":"not_applicable"},"cache":{"status":"unknown"},"d1":{"prepared_statements":23,"batch_calls":3,"batch_statements":11}}

stdout | apps/ingestion/test/publication-caller-retirement.spec.ts > a collected source publishes through exact native owner operations after run approval is retired
{"contract":"card-keepr-operational-log@1","event":"workflow.step.completed","runtime":"ingestion","request":{"id":"game-reconcile-550dda20bc5fcd33b8db772a11213685420b175d385feb49a6bb496f0d830579","method":"WORKFLOW","route":"/workflows/card-keepr-reconciliation"},"status":200,"duration_ms":3,"workflow":{"step":"reconcile retained Card, Printing, and Erratum evidence-unit-23","step_count":1},"retry":{"count":0,"classification":"not_applicable"},"cache":{"status":"unknown"},"d1":{"prepared_statements":22,"batch_calls":3,"batch_statements":11}}

stdout | apps/ingestion/test/publication-caller-retirement.spec.ts > a collected source publishes through exact native owner operations after run approval is retired
{"contract":"card-keepr-operational-log@1","event":"workflow.step.completed","runtime":"ingestion","request":{"id":"game-reconcile-550dda20bc5fcd33b8db772a11213685420b175d385feb49a6bb496f0d830579","method":"WORKFLOW","route":"/workflows/card-keepr-reconciliation"},"status":200,"duration_ms":4,"workflow":{"step":"reconcile retained Card, Printing, and Erratum evidence-unit-24","step_count":1},"retry":{"count":0,"classification":"not_applicable"},"cache":{"status":"unknown"},"d1":{"prepared_statements":25,"batch_calls":4,"batch_statements":13}}

stdout | apps/ingestion/test/publication-caller-retirement.spec.ts > a collected source publishes through exact native owner operations after run approval is retired
{"contract":"card-keepr-operational-log@1","event":"workflow.step.completed","runtime":"ingestion","request":{"id":"game-reconcile-550dda20bc5fcd33b8db772a11213685420b175d385feb49a6bb496f0d830579","method":"WORKFLOW","route":"/workflows/card-keepr-reconciliation"},"status":200,"duration_ms":3,"workflow":{"step":"reconcile retained Card, Printing, and Erratum evidence-unit-25","step_count":1},"retry":{"count":0,"classification":"not_applicable"},"cache":{"status":"unknown"},"d1":{"prepared_statements":23,"batch_calls":4,"batch_statements":13}}

stdout | apps/ingestion/test/publication-caller-retirement.spec.ts > a collected source publishes through exact native owner operations after run approval is retired
{"contract":"card-keepr-operational-log@1","event":"workflow.step.completed","runtime":"ingestion","request":{"id":"game-reconcile-550dda20bc5fcd33b8db772a11213685420b175d385feb49a6bb496f0d830579","method":"WORKFLOW","route":"/workflows/card-keepr-reconciliation"},"status":200,"duration_ms":3,"workflow":{"step":"reconcile retained Card, Printing, and Erratum evidence-unit-26","step_count":1},"retry":{"count":0,"classification":"not_applicable"},"cache":{"status":"unknown"},"d1":{"prepared_statements":25,"batch_calls":5,"batch_statements":15}}

stdout | apps/ingestion/test/publication-caller-retirement.spec.ts > a collected source publishes through exact native owner operations after run approval is retired
{"contract":"card-keepr-operational-log@1","event":"workflow.step.completed","runtime":"ingestion","request":{"id":"game-reconcile-550dda20bc5fcd33b8db772a11213685420b175d385feb49a6bb496f0d830579","method":"WORKFLOW","route":"/workflows/card-keepr-reconciliation"},"status":200,"duration_ms":4,"workflow":{"step":"reconcile retained Card, Printing, and Erratum evidence-unit-27","step_count":1},"retry":{"count":0,"classification":"not_applicable"},"cache":{"status":"unknown"},"d1":{"prepared_statements":22,"batch_calls":4,"batch_statements":13}}

stdout | apps/ingestion/test/publication-caller-retirement.spec.ts > a collected source publishes through exact native owner operations after run approval is retired
{"contract":"card-keepr-operational-log@1","event":"workflow.step.completed","runtime":"ingestion","request":{"id":"game-reconcile-550dda20bc5fcd33b8db772a11213685420b175d385feb49a6bb496f0d830579","method":"WORKFLOW","route":"/workflows/card-keepr-reconciliation"},"status":200,"duration_ms":2,"workflow":{"step":"reconcile retained Card, Printing, and Erratum evidence-unit-28","step_count":1},"retry":{"count":0,"classification":"not_applicable"},"cache":{"status":"unknown"},"d1":{"prepared_statements":22,"batch_calls":4,"batch_statements":13}}

stdout | apps/ingestion/test/publication-caller-retirement.spec.ts > a collected source publishes through exact native owner operations after run approval is retired
{"contract":"card-keepr-operational-log@1","event":"workflow.step.completed","runtime":"ingestion","request":{"id":"game-reconcile-550dda20bc5fcd33b8db772a11213685420b175d385feb49a6bb496f0d830579","method":"WORKFLOW","route":"/workflows/card-keepr-reconciliation"},"status":200,"duration_ms":1,"workflow":{"step":"reconcile retained Card, Printing, and Erratum evidence-unit-29","step_count":1},"retry":{"count":0,"classification":"not_applicable"},"cache":{"status":"unknown"},"d1":{"prepared_statements":14,"batch_calls":3,"batch_statements":11}}

stdout | apps/ingestion/test/publication-caller-retirement.spec.ts > a collected source publishes through exact native owner operations after run approval is retired
{"contract":"card-keepr-operational-log@1","event":"workflow.step.completed","runtime":"ingestion","request":{"id":"game-reconcile-550dda20bc5fcd33b8db772a11213685420b175d385feb49a6bb496f0d830579","method":"WORKFLOW","route":"/workflows/card-keepr-reconciliation"},"status":200,"duration_ms":1,"workflow":{"step":"reconcile retained Card, Printing, and Erratum evidence-unit-30","step_count":1},"retry":{"count":0,"classification":"not_applicable"},"cache":{"status":"unknown"},"d1":{"prepared_statements":14,"batch_calls":3,"batch_statements":11}}

stdout | apps/ingestion/test/publication-caller-retirement.spec.ts > a collected source publishes through exact native owner operations after run approval is retired
{"contract":"card-keepr-operational-log@1","event":"workflow.step.completed","runtime":"ingestion","request":{"id":"game-reconcile-550dda20bc5fcd33b8db772a11213685420b175d385feb49a6bb496f0d830579","method":"WORKFLOW","route":"/workflows/card-keepr-reconciliation"},"status":200,"duration_ms":2,"workflow":{"step":"reconcile retained Card, Printing, and Erratum evidence-unit-31","step_count":1},"retry":{"count":0,"classification":"not_applicable"},"cache":{"status":"unknown"},"d1":{"prepared_statements":14,"batch_calls":3,"batch_statements":11}}

stdout | apps/ingestion/test/publication-caller-retirement.spec.ts > a collected source publishes through exact native owner operations after run approval is retired
{"contract":"card-keepr-operational-log@1","event":"workflow.step.completed","runtime":"ingestion","request":{"id":"game-reconcile-550dda20bc5fcd33b8db772a11213685420b175d385feb49a6bb496f0d830579","method":"WORKFLOW","route":"/workflows/card-keepr-reconciliation"},"status":200,"duration_ms":2,"workflow":{"step":"reconcile retained Card, Printing, and Erratum evidence-unit-32","step_count":1},"retry":{"count":0,"classification":"not_applicable"},"cache":{"status":"unknown"},"d1":{"prepared_statements":14,"batch_calls":3,"batch_statements":11}}

stdout | apps/ingestion/test/publication-caller-retirement.spec.ts > a collected source publishes through exact native owner operations after run approval is retired
{"contract":"card-keepr-operational-log@1","event":"workflow.step.completed","runtime":"ingestion","request":{"id":"game-reconcile-550dda20bc5fcd33b8db772a11213685420b175d385feb49a6bb496f0d830579","method":"WORKFLOW","route":"/workflows/card-keepr-reconciliation"},"status":200,"duration_ms":2,"workflow":{"step":"reconcile retained Card, Printing, and Erratum evidence-unit-33","step_count":1},"retry":{"count":0,"classification":"not_applicable"},"cache":{"status":"unknown"},"d1":{"prepared_statements":14,"batch_calls":3,"batch_statements":11}}

stdout | apps/ingestion/test/publication-caller-retirement.spec.ts > a collected source publishes through exact native owner operations after run approval is retired
{"contract":"card-keepr-operational-log@1","event":"workflow.step.completed","runtime":"ingestion","request":{"id":"game-reconcile-550dda20bc5fcd33b8db772a11213685420b175d385feb49a6bb496f0d830579","method":"WORKFLOW","route":"/workflows/card-keepr-reconciliation"},"status":200,"duration_ms":4,"workflow":{"step":"reconcile retained Card, Printing, and Erratum evidence-unit-34","step_count":1},"retry":{"count":0,"classification":"not_applicable"},"cache":{"status":"unknown"},"d1":{"prepared_statements":16,"batch_calls":3,"batch_statements":11}}

stdout | apps/ingestion/test/publication-caller-retirement.spec.ts > a collected source publishes through exact native owner operations after run approval is retired
{"contract":"card-keepr-operational-log@1","event":"workflow.step.completed","runtime":"ingestion","request":{"id":"game-reconcile-550dda20bc5fcd33b8db772a11213685420b175d385feb49a6bb496f0d830579","method":"WORKFLOW","route":"/workflows/card-keepr-reconciliation"},"status":200,"duration_ms":6,"workflow":{"step":"reconcile retained Card, Printing, and Erratum evidence-unit-35","step_count":1},"retry":{"count":0,"classification":"not_applicable"},"cache":{"status":"unknown"},"d1":{"prepared_statements":19,"batch_calls":3,"batch_statements":11}}

stdout | apps/ingestion/test/publication-caller-retirement.spec.ts > a collected source publishes through exact native owner operations after run approval is retired
{"contract":"card-keepr-operational-log@1","event":"workflow.step.completed","runtime":"ingestion","request":{"id":"game-reconcile-550dda20bc5fcd33b8db772a11213685420b175d385feb49a6bb496f0d830579","method":"WORKFLOW","route":"/workflows/card-keepr-reconciliation"},"status":200,"duration_ms":3,"workflow":{"step":"reconcile retained Card, Printing, and Erratum evidence-unit-36","step_count":1},"retry":{"count":0,"classification":"not_applicable"},"cache":{"status":"unknown"},"d1":{"prepared_statements":23,"batch_calls":3,"batch_statements":11}}

stdout | apps/ingestion/test/publication-caller-retirement.spec.ts > a collected source publishes through exact native owner operations after run approval is retired
{"contract":"card-keepr-operational-log@1","event":"workflow.step.completed","runtime":"ingestion","request":{"id":"game-reconcile-550dda20bc5fcd33b8db772a11213685420b175d385feb49a6bb496f0d830579","method":"WORKFLOW","route":"/workflows/card-keepr-reconciliation"},"status":200,"duration_ms":5,"workflow":{"step":"reconcile retained Card, Printing, and Erratum evidence-unit-37","step_count":1},"retry":{"count":0,"classification":"not_applicable"},"cache":{"status":"unknown"},"d1":{"prepared_statements":24,"batch_calls":3,"batch_statements":11}}

stdout | apps/ingestion/test/publication-caller-retirement.spec.ts > a collected source publishes through exact native owner operations after run approval is retired
{"contract":"card-keepr-operational-log@1","event":"workflow.step.completed","runtime":"ingestion","request":{"id":"game-reconcile-550dda20bc5fcd33b8db772a11213685420b175d385feb49a6bb496f0d830579","method":"WORKFLOW","route":"/workflows/card-keepr-reconciliation"},"status":200,"duration_ms":5,"workflow":{"step":"reconcile retained Card, Printing, and Erratum evidence-unit-38","step_count":1},"retry":{"count":0,"classification":"not_applicable"},"cache":{"status":"unknown"},"d1":{"prepared_statements":28,"batch_calls":3,"batch_statements":11}}

stdout | apps/ingestion/test/publication-caller-retirement.spec.ts > a collected source publishes through exact native owner operations after run approval is retired
{"contract":"card-keepr-operational-log@1","event":"workflow.step.completed","runtime":"ingestion","request":{"id":"game-reconcile-550dda20bc5fcd33b8db772a11213685420b175d385feb49a6bb496f0d830579","method":"WORKFLOW","route":"/workflows/card-keepr-reconciliation"},"status":200,"duration_ms":3,"workflow":{"step":"reconcile retained Card, Printing, and Erratum evidence-unit-39","step_count":1},"retry":{"count":0,"classification":"not_applicable"},"cache":{"status":"unknown"},"d1":{"prepared_statements":25,"batch_calls":3,"batch_statements":11}}

stdout | apps/ingestion/test/publication-caller-retirement.spec.ts > a collected source publishes through exact native owner operations after run approval is retired
{"contract":"card-keepr-operational-log@1","event":"workflow.step.completed","runtime":"ingestion","request":{"id":"game-reconcile-550dda20bc5fcd33b8db772a11213685420b175d385feb49a6bb496f0d830579","method":"WORKFLOW","route":"/workflows/card-keepr-reconciliation"},"status":200,"duration_ms":0,"workflow":{"step":"retain reconciliation successor","step_count":1},"retry":{"count":0,"classification":"not_applicable"},"cache":{"status":"unknown"},"d1":{"prepared_statements":2,"batch_calls":1,"batch_statements":2}}

stdout | apps/ingestion/test/publication-caller-retirement.spec.ts > a collected source publishes through exact native owner operations after run approval is retired
{"contract":"card-keepr-operational-log@1","event":"request.completed","runtime":"ingestion","request":{"id":"63a99808-e8f7-4d9f-a36d-4482107eea24","method":"GET","route":"/v1/game-candidates/:ref"},"status":200,"duration_ms":1,"workflow":{"step":null},"retry":{"count":0,"classification":"not_applicable"},"cache":{"status":"unknown"},"d1":{"prepared_statements":2,"batch_calls":0,"batch_statements":0}}

stdout | apps/ingestion/test/publication-caller-retirement.spec.ts > a collected source publishes through exact native owner operations after run approval is retired
{"contract":"card-keepr-operational-log@1","event":"workflow.step.completed","runtime":"ingestion","request":{"id":"game-reconcile-550dda20bc5fcd33b8db772a11213685420b175d385feb49a6bb496f0d830579","method":"WORKFLOW","route":"/workflows/card-keepr-reconciliation"},"status":200,"duration_ms":5,"workflow":{"step":"dispatch reconciliation successor","step_count":1},"retry":{"count":0,"classification":"not_applicable"},"cache":{"status":"unknown"},"d1":{"prepared_statements":0,"batch_calls":0,"batch_statements":0}}

stdout | apps/ingestion/test/publication-caller-retirement.spec.ts > a collected source publishes through exact native owner operations after run approval is retired
{"contract":"card-keepr-operational-log@1","event":"workflow.step.completed","runtime":"ingestion","request":{"id":"reconcile-shard-42c8cd0fe0fc95650f27eafd95b6569a4123f701fdd0a8ed4f234c12f9b71e84","method":"WORKFLOW","route":"/workflows/card-keepr-reconciliation"},"status":200,"duration_ms":1,"workflow":{"step":"initialize reconciliation operation","step_count":1},"retry":{"count":0,"classification":"not_applicable"},"cache":{"status":"unknown"},"d1":{"prepared_statements":1,"batch_calls":0,"batch_statements":0}}

stdout | apps/ingestion/test/publication-caller-retirement.spec.ts > a collected source publishes through exact native owner operations after run approval is retired
{"contract":"card-keepr-operational-log@1","event":"workflow.step.completed","runtime":"ingestion","request":{"id":"reconcile-shard-42c8cd0fe0fc95650f27eafd95b6569a4123f701fdd0a8ed4f234c12f9b71e84","method":"WORKFLOW","route":"/workflows/card-keepr-reconciliation"},"status":200,"duration_ms":1,"workflow":{"step":"read reconciliation dispatch","step_count":1},"retry":{"count":0,"classification":"not_applicable"},"cache":{"status":"unknown"},"d1":{"prepared_statements":2,"batch_calls":0,"batch_statements":0}}

stdout | apps/ingestion/test/publication-caller-retirement.spec.ts > a collected source publishes through exact native owner operations after run approval is retired
{"contract":"card-keepr-operational-log@1","event":"workflow.step.completed","runtime":"ingestion","request":{"id":"reconcile-shard-42c8cd0fe0fc95650f27eafd95b6569a4123f701fdd0a8ed4f234c12f9b71e84","method":"WORKFLOW","route":"/workflows/card-keepr-reconciliation"},"status":200,"duration_ms":10,"workflow":{"step":"reconcile retained Card, Printing, and Erratum evidence-unit-40","step_count":1},"retry":{"count":0,"classification":"not_applicable"},"cache":{"status":"unknown"},"d1":{"prepared_statements":52,"batch_calls":14,"batch_statements":37}}

stdout | apps/ingestion/test/publication-caller-retirement.spec.ts > a collected source publishes through exact native owner operations after run approval is retired
{"contract":"card-keepr-operational-log@1","event":"workflow.step.completed","runtime":"ingestion","request":{"id":"reconcile-shard-42c8cd0fe0fc95650f27eafd95b6569a4123f701fdd0a8ed4f234c12f9b71e84","method":"WORKFLOW","route":"/workflows/card-keepr-reconciliation"},"status":200,"duration_ms":1,"workflow":{"step":"reconcile retained Card, Printing, and Erratum evidence-unit-41","step_count":1},"retry":{"count":0,"classification":"not_applicable"},"cache":{"status":"unknown"},"d1":{"prepared_statements":14,"batch_calls":3,"batch_statements":11}}

stdout | apps/ingestion/test/publication-caller-retirement.spec.ts > a collected source publishes through exact native owner operations after run approval is retired
{"contract":"card-keepr-operational-log@1","event":"workflow.step.completed","runtime":"ingestion","request":{"id":"reconcile-shard-42c8cd0fe0fc95650f27eafd95b6569a4123f701fdd0a8ed4f234c12f9b71e84","method":"WORKFLOW","route":"/workflows/card-keepr-reconciliation"},"status":200,"duration_ms":1,"workflow":{"step":"reconcile retained Card, Printing, and Erratum evidence-unit-42","step_count":1},"retry":{"count":0,"classification":"not_applicable"},"cache":{"status":"unknown"},"d1":{"prepared_statements":12,"batch_calls":3,"batch_statements":11}}

stdout | apps/ingestion/test/publication-caller-retirement.spec.ts > a collected source publishes through exact native owner operations after run approval is retired
{"contract":"card-keepr-operational-log@1","event":"workflow.step.completed","runtime":"ingestion","request":{"id":"reconcile-shard-42c8cd0fe0fc95650f27eafd95b6569a4123f701fdd0a8ed4f234c12f9b71e84","method":"WORKFLOW","route":"/workflows/card-keepr-reconciliation"},"status":200,"duration_ms":1,"workflow":{"step":"reconcile retained Card, Printing, and Erratum evidence-unit-43","step_count":1},"retry":{"count":0,"classification":"not_applicable"},"cache":{"status":"unknown"},"d1":{"prepared_statements":13,"batch_calls":4,"batch_statements":13}}

stdout | apps/ingestion/test/publication-caller-retirement.spec.ts > a collected source publishes through exact native owner operations after run approval is retired
{"contract":"card-keepr-operational-log@1","event":"workflow.step.completed","runtime":"ingestion","request":{"id":"reconcile-shard-42c8cd0fe0fc95650f27eafd95b6569a4123f701fdd0a8ed4f234c12f9b71e84","method":"WORKFLOW","route":"/workflows/card-keepr-reconciliation"},"status":200,"duration_ms":2,"workflow":{"step":"reconcile retained Card, Printing, and Erratum evidence-unit-44","step_count":1},"retry":{"count":0,"classification":"not_applicable"},"cache":{"status":"unknown"},"d1":{"prepared_statements":13,"batch_calls":4,"batch_statements":13}}

stdout | apps/ingestion/test/publication-caller-retirement.spec.ts > a collected source publishes through exact native owner operations after run approval is retired
{"contract":"card-keepr-operational-log@1","event":"workflow.step.completed","runtime":"ingestion","request":{"id":"reconcile-shard-42c8cd0fe0fc95650f27eafd95b6569a4123f701fdd0a8ed4f234c12f9b71e84","method":"WORKFLOW","route":"/workflows/card-keepr-reconciliation"},"status":200,"duration_ms":2,"workflow":{"step":"reconcile retained Card, Printing, and Erratum evidence-unit-45","step_count":1},"retry":{"count":0,"classification":"not_applicable"},"cache":{"status":"unknown"},"d1":{"prepared_statements":13,"batch_calls":4,"batch_statements":13}}

stdout | apps/ingestion/test/publication-caller-retirement.spec.ts > a collected source publishes through exact native owner operations after run approval is retired
{"contract":"card-keepr-operational-log@1","event":"workflow.step.completed","runtime":"ingestion","request":{"id":"reconcile-shard-42c8cd0fe0fc95650f27eafd95b6569a4123f701fdd0a8ed4f234c12f9b71e84","method":"WORKFLOW","route":"/workflows/card-keepr-reconciliation"},"status":200,"duration_ms":2,"workflow":{"step":"reconcile retained Card, Printing, and Erratum evidence-unit-46","step_count":1},"retry":{"count":0,"classification":"not_applicable"},"cache":{"status":"unknown"},"d1":{"prepared_statements":13,"batch_calls":4,"batch_statements":13}}

stdout | apps/ingestion/test/publication-caller-retirement.spec.ts > a collected source publishes through exact native owner operations after run approval is retired
{"contract":"card-keepr-operational-log@1","event":"workflow.step.completed","runtime":"ingestion","request":{"id":"reconcile-shard-42c8cd0fe0fc95650f27eafd95b6569a4123f701fdd0a8ed4f234c12f9b71e84","method":"WORKFLOW","route":"/workflows/card-keepr-reconciliation"},"status":200,"duration_ms":2,"workflow":{"step":"reconcile retained Card, Printing, and Erratum evidence-unit-47","step_count":1},"retry":{"count":0,"classification":"not_applicable"},"cache":{"status":"unknown"},"d1":{"prepared_statements":13,"batch_calls":4,"batch_statements":13}}

stdout | apps/ingestion/test/publication-caller-retirement.spec.ts > a collected source publishes through exact native owner operations after run approval is retired
{"contract":"card-keepr-operational-log@1","event":"workflow.step.completed","runtime":"ingestion","request":{"id":"reconcile-shard-42c8cd0fe0fc95650f27eafd95b6569a4123f701fdd0a8ed4f234c12f9b71e84","method":"WORKFLOW","route":"/workflows/card-keepr-reconciliation"},"status":200,"duration_ms":2,"workflow":{"step":"reconcile retained Card, Printing, and Erratum evidence-unit-48","step_count":1},"retry":{"count":0,"classification":"not_applicable"},"cache":{"status":"unknown"},"d1":{"prepared_statements":13,"batch_calls":4,"batch_statements":13}}

stdout | apps/ingestion/test/publication-caller-retirement.spec.ts > a collected source publishes through exact native owner operations after run approval is retired
{"contract":"card-keepr-operational-log@1","event":"workflow.step.completed","runtime":"ingestion","request":{"id":"reconcile-shard-42c8cd0fe0fc95650f27eafd95b6569a4123f701fdd0a8ed4f234c12f9b71e84","method":"WORKFLOW","route":"/workflows/card-keepr-reconciliation"},"status":200,"duration_ms":2,"workflow":{"step":"reconcile retained Card, Printing, and Erratum evidence-unit-49","step_count":1},"retry":{"count":0,"classification":"not_applicable"},"cache":{"status":"unknown"},"d1":{"prepared_statements":13,"batch_calls":4,"batch_statements":13}}

stdout | apps/ingestion/test/publication-caller-retirement.spec.ts > a collected source publishes through exact native owner operations after run approval is retired
{"contract":"card-keepr-operational-log@1","event":"workflow.step.completed","runtime":"ingestion","request":{"id":"reconcile-shard-42c8cd0fe0fc95650f27eafd95b6569a4123f701fdd0a8ed4f234c12f9b71e84","method":"WORKFLOW","route":"/workflows/card-keepr-reconciliation"},"status":200,"duration_ms":3,"workflow":{"step":"reconcile retained Card, Printing, and Erratum evidence-unit-50","step_count":1},"retry":{"count":0,"classification":"not_applicable"},"cache":{"status":"unknown"},"d1":{"prepared_statements":13,"batch_calls":4,"batch_statements":13}}

stdout | apps/ingestion/test/publication-caller-retirement.spec.ts > a collected source publishes through exact native owner operations after run approval is retired
{"contract":"card-keepr-operational-log@1","event":"workflow.step.completed","runtime":"ingestion","request":{"id":"reconcile-shard-42c8cd0fe0fc95650f27eafd95b6569a4123f701fdd0a8ed4f234c12f9b71e84","method":"WORKFLOW","route":"/workflows/card-keepr-reconciliation"},"status":200,"duration_ms":1,"workflow":{"step":"reconcile retained Card, Printing, and Erratum evidence-unit-51","step_count":1},"retry":{"count":0,"classification":"not_applicable"},"cache":{"status":"unknown"},"d1":{"prepared_statements":13,"batch_calls":4,"batch_statements":13}}

stdout | apps/ingestion/test/publication-caller-retirement.spec.ts > a collected source publishes through exact native owner operations after run approval is retired
{"contract":"card-keepr-operational-log@1","event":"workflow.step.completed","runtime":"ingestion","request":{"id":"reconcile-shard-42c8cd0fe0fc95650f27eafd95b6569a4123f701fdd0a8ed4f234c12f9b71e84","method":"WORKFLOW","route":"/workflows/card-keepr-reconciliation"},"status":200,"duration_ms":1,"workflow":{"step":"reconcile retained Card, Printing, and Erratum evidence-unit-52","step_count":1},"retry":{"count":0,"classification":"not_applicable"},"cache":{"status":"unknown"},"d1":{"prepared_statements":13,"batch_calls":4,"batch_statements":13}}

stdout | apps/ingestion/test/publication-caller-retirement.spec.ts > a collected source publishes through exact native owner operations after run approval is retired
{"contract":"card-keepr-operational-log@1","event":"workflow.step.completed","runtime":"ingestion","request":{"id":"reconcile-shard-42c8cd0fe0fc95650f27eafd95b6569a4123f701fdd0a8ed4f234c12f9b71e84","method":"WORKFLOW","route":"/workflows/card-keepr-reconciliation"},"status":200,"duration_ms":2,"workflow":{"step":"reconcile retained Card, Printing, and Erratum evidence-unit-53","step_count":1},"retry":{"count":0,"classification":"not_applicable"},"cache":{"status":"unknown"},"d1":{"prepared_statements":13,"batch_calls":4,"batch_statements":13}}

stdout | apps/ingestion/test/publication-caller-retirement.spec.ts > a collected source publishes through exact native owner operations after run approval is retired
{"contract":"card-keepr-operational-log@1","event":"workflow.step.completed","runtime":"ingestion","request":{"id":"reconcile-shard-42c8cd0fe0fc95650f27eafd95b6569a4123f701fdd0a8ed4f234c12f9b71e84","method":"WORKFLOW","route":"/workflows/card-keepr-reconciliation"},"status":200,"duration_ms":1,"workflow":{"step":"reconcile retained Card, Printing, and Erratum evidence-unit-54","step_count":1},"retry":{"count":0,"classification":"not_applicable"},"cache":{"status":"unknown"},"d1":{"prepared_statements":13,"batch_calls":4,"batch_statements":13}}

stdout | apps/ingestion/test/publication-caller-retirement.spec.ts > a collected source publishes through exact native owner operations after run approval is retired
{"contract":"card-keepr-operational-log@1","event":"workflow.step.completed","runtime":"ingestion","request":{"id":"reconcile-shard-42c8cd0fe0fc95650f27eafd95b6569a4123f701fdd0a8ed4f234c12f9b71e84","method":"WORKFLOW","route":"/workflows/card-keepr-reconciliation"},"status":200,"duration_ms":2,"workflow":{"step":"reconcile retained Card, Printing, and Erratum evidence-unit-55","step_count":1},"retry":{"count":0,"classification":"not_applicable"},"cache":{"status":"unknown"},"d1":{"prepared_statements":14,"batch_calls":4,"batch_statements":13}}

stdout | apps/ingestion/test/publication-caller-retirement.spec.ts > a collected source publishes through exact native owner operations after run approval is retired
{"contract":"card-keepr-operational-log@1","event":"workflow.step.completed","runtime":"ingestion","request":{"id":"reconcile-shard-42c8cd0fe0fc95650f27eafd95b6569a4123f701fdd0a8ed4f234c12f9b71e84","method":"WORKFLOW","route":"/workflows/card-keepr-reconciliation"},"status":200,"duration_ms":2,"workflow":{"step":"reconcile retained Card, Printing, and Erratum evidence-unit-56","step_count":1},"retry":{"count":0,"classification":"not_applicable"},"cache":{"status":"unknown"},"d1":{"prepared_statements":13,"batch_calls":4,"batch_statements":13}}

stdout | apps/ingestion/test/publication-caller-retirement.spec.ts > a collected source publishes through exact native owner operations after run approval is retired
{"contract":"card-keepr-operational-log@1","event":"workflow.step.completed","runtime":"ingestion","request":{"id":"reconcile-shard-42c8cd0fe0fc95650f27eafd95b6569a4123f701fdd0a8ed4f234c12f9b71e84","method":"WORKFLOW","route":"/workflows/card-keepr-reconciliation"},"status":200,"duration_ms":2,"workflow":{"step":"reconcile retained Card, Printing, and Erratum evidence-unit-57","step_count":1},"retry":{"count":0,"classification":"not_applicable"},"cache":{"status":"unknown"},"d1":{"prepared_statements":13,"batch_calls":4,"batch_statements":13}}

stdout | apps/ingestion/test/publication-caller-retirement.spec.ts > a collected source publishes through exact native owner operations after run approval is retired
{"contract":"card-keepr-operational-log@1","event":"workflow.step.completed","runtime":"ingestion","request":{"id":"reconcile-shard-42c8cd0fe0fc95650f27eafd95b6569a4123f701fdd0a8ed4f234c12f9b71e84","method":"WORKFLOW","route":"/workflows/card-keepr-reconciliation"},"status":200,"duration_ms":3,"workflow":{"step":"reconcile retained Card, Printing, and Erratum evidence-unit-58","step_count":1},"retry":{"count":0,"classification":"not_applicable"},"cache":{"status":"unknown"},"d1":{"prepared_statements":21,"batch_calls":8,"batch_statements":21}}

stdout | apps/ingestion/test/publication-caller-retirement.spec.ts > a collected source publishes through exact native owner operations after run approval is retired
{"contract":"card-keepr-operational-log@1","event":"workflow.step.completed","runtime":"ingestion","request":{"id":"reconcile-shard-42c8cd0fe0fc95650f27eafd95b6569a4123f701fdd0a8ed4f234c12f9b71e84","method":"WORKFLOW","route":"/workflows/card-keepr-reconciliation"},"status":200,"duration_ms":2,"workflow":{"step":"reconcile retained Card, Printing, and Erratum evidence-unit-59","step_count":1},"retry":{"count":0,"classification":"not_applicable"},"cache":{"status":"unknown"},"d1":{"prepared_statements":19,"batch_calls":7,"batch_statements":19}}

stdout | apps/ingestion/test/publication-caller-retirement.spec.ts > a collected source publishes through exact native owner operations after run approval is retired
{"contract":"card-keepr-operational-log@1","event":"workflow.step.completed","runtime":"ingestion","request":{"id":"reconcile-shard-42c8cd0fe0fc95650f27eafd95b6569a4123f701fdd0a8ed4f234c12f9b71e84","method":"WORKFLOW","route":"/workflows/card-keepr-reconciliation"},"status":200,"duration_ms":2,"workflow":{"step":"reconcile retained Card, Printing, and Erratum evidence-unit-60","step_count":1},"retry":{"count":0,"classification":"not_applicable"},"cache":{"status":"unknown"},"d1":{"prepared_statements":19,"batch_calls":7,"batch_statements":19}}

stdout | apps/ingestion/test/publication-caller-retirement.spec.ts > a collected source publishes through exact native owner operations after run approval is retired
{"contract":"card-keepr-operational-log@1","event":"workflow.step.completed","runtime":"ingestion","request":{"id":"reconcile-shard-42c8cd0fe0fc95650f27eafd95b6569a4123f701fdd0a8ed4f234c12f9b71e84","method":"WORKFLOW","route":"/workflows/card-keepr-reconciliation"},"status":200,"duration_ms":2,"workflow":{"step":"reconcile retained Card, Printing, and Erratum evidence-unit-61","step_count":1},"retry":{"count":0,"classification":"not_applicable"},"cache":{"status":"unknown"},"d1":{"prepared_statements":13,"batch_calls":4,"batch_statements":13}}

stdout | apps/ingestion/test/publication-caller-retirement.spec.ts > a collected source publishes through exact native owner operations after run approval is retired
{"contract":"card-keepr-operational-log@1","event":"workflow.step.completed","runtime":"ingestion","request":{"id":"reconcile-shard-42c8cd0fe0fc95650f27eafd95b6569a4123f701fdd0a8ed4f234c12f9b71e84","method":"WORKFLOW","route":"/workflows/card-keepr-reconciliation"},"status":200,"duration_ms":2,"workflow":{"step":"reconcile retained Card, Printing, and Erratum evidence-unit-62","step_count":1},"retry":{"count":0,"classification":"not_applicable"},"cache":{"status":"unknown"},"d1":{"prepared_statements":13,"batch_calls":4,"batch_statements":13}}

stdout | apps/ingestion/test/publication-caller-retirement.spec.ts > a collected source publishes through exact native owner operations after run approval is retired
{"contract":"card-keepr-operational-log@1","event":"workflow.step.completed","runtime":"ingestion","request":{"id":"reconcile-shard-42c8cd0fe0fc95650f27eafd95b6569a4123f701fdd0a8ed4f234c12f9b71e84","method":"WORKFLOW","route":"/workflows/card-keepr-reconciliation"},"status":200,"duration_ms":3,"workflow":{"step":"reconcile retained Card, Printing, and Erratum evidence-unit-63","step_count":1},"retry":{"count":0,"classification":"not_applicable"},"cache":{"status":"unknown"},"d1":{"prepared_statements":22,"batch_calls":8,"batch_statements":21}}

stdout | apps/ingestion/test/publication-caller-retirement.spec.ts > a collected source publishes through exact native owner operations after run approval is retired
{"contract":"card-keepr-operational-log@1","event":"workflow.step.completed","runtime":"ingestion","request":{"id":"reconcile-shard-42c8cd0fe0fc95650f27eafd95b6569a4123f701fdd0a8ed4f234c12f9b71e84","method":"WORKFLOW","route":"/workflows/card-keepr-reconciliation"},"status":200,"duration_ms":3,"workflow":{"step":"reconcile retained Card, Printing, and Erratum evidence-unit-64","step_count":1},"retry":{"count":0,"classification":"not_applicable"},"cache":{"status":"unknown"},"d1":{"prepared_statements":22,"batch_calls":8,"batch_statements":21}}

stdout | apps/ingestion/test/publication-caller-retirement.spec.ts > a collected source publishes through exact native owner operations after run approval is retired
{"contract":"card-keepr-operational-log@1","event":"workflow.step.completed","runtime":"ingestion","request":{"id":"reconcile-shard-42c8cd0fe0fc95650f27eafd95b6569a4123f701fdd0a8ed4f234c12f9b71e84","method":"WORKFLOW","route":"/workflows/card-keepr-reconciliation"},"status":200,"duration_ms":2,"workflow":{"step":"reconcile retained Card, Printing, and Erratum evidence-unit-65","step_count":1},"retry":{"count":0,"classification":"not_applicable"},"cache":{"status":"unknown"},"d1":{"prepared_statements":19,"batch_calls":7,"batch_statements":19}}

stdout | apps/ingestion/test/publication-caller-retirement.spec.ts > a collected source publishes through exact native owner operations after run approval is retired
{"contract":"card-keepr-operational-log@1","event":"workflow.step.completed","runtime":"ingestion","request":{"id":"reconcile-shard-42c8cd0fe0fc95650f27eafd95b6569a4123f701fdd0a8ed4f234c12f9b71e84","method":"WORKFLOW","route":"/workflows/card-keepr-reconciliation"},"status":200,"duration_ms":1,"workflow":{"step":"reconcile retained Card, Printing, and Erratum evidence-unit-66","step_count":1},"retry":{"count":0,"classification":"not_applicable"},"cache":{"status":"unknown"},"d1":{"prepared_statements":13,"batch_calls":4,"batch_statements":13}}

stdout | apps/ingestion/test/publication-caller-retirement.spec.ts > a collected source publishes through exact native owner operations after run approval is retired
{"contract":"card-keepr-operational-log@1","event":"workflow.step.completed","runtime":"ingestion","request":{"id":"reconcile-shard-42c8cd0fe0fc95650f27eafd95b6569a4123f701fdd0a8ed4f234c12f9b71e84","method":"WORKFLOW","route":"/workflows/card-keepr-reconciliation"},"status":200,"duration_ms":5,"workflow":{"step":"reconcile retained Card, Printing, and Erratum evidence-unit-67","step_count":1},"retry":{"count":0,"classification":"not_applicable"},"cache":{"status":"unknown"},"d1":{"prepared_statements":27,"batch_calls":7,"batch_statements":26}}

stdout | apps/ingestion/test/publication-caller-retirement.spec.ts > a collected source publishes through exact native owner operations after run approval is retired
{"contract":"card-keepr-operational-log@1","event":"workflow.step.completed","runtime":"ingestion","request":{"id":"reconcile-shard-42c8cd0fe0fc95650f27eafd95b6569a4123f701fdd0a8ed4f234c12f9b71e84","method":"WORKFLOW","route":"/workflows/card-keepr-reconciliation"},"status":200,"duration_ms":3,"workflow":{"step":"reconcile retained Card, Printing, and Erratum evidence-unit-68","step_count":1},"retry":{"count":0,"classification":"not_applicable"},"cache":{"status":"unknown"},"d1":{"prepared_statements":13,"batch_calls":4,"batch_statements":13}}

stdout | apps/ingestion/test/publication-caller-retirement.spec.ts > a collected source publishes through exact native owner operations after run approval is retired
{"contract":"card-keepr-operational-log@1","event":"workflow.step.completed","runtime":"ingestion","request":{"id":"reconcile-shard-42c8cd0fe0fc95650f27eafd95b6569a4123f701fdd0a8ed4f234c12f9b71e84","method":"WORKFLOW","route":"/workflows/card-keepr-reconciliation"},"status":200,"duration_ms":2,"workflow":{"step":"reconcile retained Card, Printing, and Erratum evidence-unit-69","step_count":1},"retry":{"count":0,"classification":"not_applicable"},"cache":{"status":"unknown"},"d1":{"prepared_statements":19,"batch_calls":7,"batch_statements":19}}

stdout | apps/ingestion/test/publication-caller-retirement.spec.ts > a collected source publishes through exact native owner operations after run approval is retired
{"contract":"card-keepr-operational-log@1","event":"workflow.step.completed","runtime":"ingestion","request":{"id":"reconcile-shard-42c8cd0fe0fc95650f27eafd95b6569a4123f701fdd0a8ed4f234c12f9b71e84","method":"WORKFLOW","route":"/workflows/card-keepr-reconciliation"},"status":200,"duration_ms":2,"workflow":{"step":"reconcile retained Card, Printing, and Erratum evidence-unit-70","step_count":1},"retry":{"count":0,"classification":"not_applicable"},"cache":{"status":"unknown"},"d1":{"prepared_statements":13,"batch_calls":4,"batch_statements":13}}

stdout | apps/ingestion/test/publication-caller-retirement.spec.ts > a collected source publishes through exact native owner operations after run approval is retired
{"contract":"card-keepr-operational-log@1","event":"workflow.step.completed","runtime":"ingestion","request":{"id":"reconcile-shard-42c8cd0fe0fc95650f27eafd95b6569a4123f701fdd0a8ed4f234c12f9b71e84","method":"WORKFLOW","route":"/workflows/card-keepr-reconciliation"},"status":200,"duration_ms":1,"workflow":{"step":"reconcile retained Card, Printing, and Erratum evidence-unit-71","step_count":1},"retry":{"count":0,"classification":"not_applicable"},"cache":{"status":"unknown"},"d1":{"prepared_statements":13,"batch_calls":4,"batch_statements":13}}

stdout | apps/ingestion/test/publication-caller-retirement.spec.ts > a collected source publishes through exact native owner operations after run approval is retired
{"contract":"card-keepr-operational-log@1","event":"workflow.step.completed","runtime":"ingestion","request":{"id":"reconcile-shard-42c8cd0fe0fc95650f27eafd95b6569a4123f701fdd0a8ed4f234c12f9b71e84","method":"WORKFLOW","route":"/workflows/card-keepr-reconciliation"},"status":200,"duration_ms":1,"workflow":{"step":"reconcile retained Card, Printing, and Erratum evidence-unit-72","step_count":1},"retry":{"count":0,"classification":"not_applicable"},"cache":{"status":"unknown"},"d1":{"prepared_statements":13,"batch_calls":4,"batch_statements":13}}

stdout | apps/ingestion/test/publication-caller-retirement.spec.ts > a collected source publishes through exact native owner operations after run approval is retired
{"contract":"card-keepr-operational-log@1","event":"workflow.step.completed","runtime":"ingestion","request":{"id":"reconcile-shard-42c8cd0fe0fc95650f27eafd95b6569a4123f701fdd0a8ed4f234c12f9b71e84","method":"WORKFLOW","route":"/workflows/card-keepr-reconciliation"},"status":200,"duration_ms":2,"workflow":{"step":"reconcile retained Card, Printing, and Erratum evidence-unit-73","step_count":1},"retry":{"count":0,"classification":"not_applicable"},"cache":{"status":"unknown"},"d1":{"prepared_statements":13,"batch_calls":4,"batch_statements":13}}

stdout | apps/ingestion/test/publication-caller-retirement.spec.ts > a collected source publishes through exact native owner operations after run approval is retired
{"contract":"card-keepr-operational-log@1","event":"workflow.step.completed","runtime":"ingestion","request":{"id":"reconcile-shard-42c8cd0fe0fc95650f27eafd95b6569a4123f701fdd0a8ed4f234c12f9b71e84","method":"WORKFLOW","route":"/workflows/card-keepr-reconciliation"},"status":200,"duration_ms":2,"workflow":{"step":"reconcile retained Card, Printing, and Erratum evidence-unit-74","step_count":1},"retry":{"count":0,"classification":"not_applicable"},"cache":{"status":"unknown"},"d1":{"prepared_statements":14,"batch_calls":4,"batch_statements":13}}

stdout | apps/ingestion/test/publication-caller-retirement.spec.ts > a collected source publishes through exact native owner operations after run approval is retired
{"contract":"card-keepr-operational-log@1","event":"workflow.step.completed","runtime":"ingestion","request":{"id":"reconcile-shard-42c8cd0fe0fc95650f27eafd95b6569a4123f701fdd0a8ed4f234c12f9b71e84","method":"WORKFLOW","route":"/workflows/card-keepr-reconciliation"},"status":200,"duration_ms":2,"workflow":{"step":"reconcile retained Card, Printing, and Erratum evidence-unit-75","step_count":1},"retry":{"count":0,"classification":"not_applicable"},"cache":{"status":"unknown"},"d1":{"prepared_statements":14,"batch_calls":4,"batch_statements":13}}

stdout | apps/ingestion/test/publication-caller-retirement.spec.ts > a collected source publishes through exact native owner operations after run approval is retired
{"contract":"card-keepr-operational-log@1","event":"workflow.step.completed","runtime":"ingestion","request":{"id":"reconcile-shard-42c8cd0fe0fc95650f27eafd95b6569a4123f701fdd0a8ed4f234c12f9b71e84","method":"WORKFLOW","route":"/workflows/card-keepr-reconciliation"},"status":200,"duration_ms":2,"workflow":{"step":"reconcile retained Card, Printing, and Erratum evidence-unit-76","step_count":1},"retry":{"count":0,"classification":"not_applicable"},"cache":{"status":"unknown"},"d1":{"prepared_statements":13,"batch_calls":4,"batch_statements":13}}

stdout | apps/ingestion/test/publication-caller-retirement.spec.ts > a collected source publishes through exact native owner operations after run approval is retired
{"contract":"card-keepr-operational-log@1","event":"workflow.step.completed","runtime":"ingestion","request":{"id":"reconcile-shard-42c8cd0fe0fc95650f27eafd95b6569a4123f701fdd0a8ed4f234c12f9b71e84","method":"WORKFLOW","route":"/workflows/card-keepr-reconciliation"},"status":200,"duration_ms":2,"workflow":{"step":"reconcile retained Card, Printing, and Erratum evidence-unit-77","step_count":1},"retry":{"count":0,"classification":"not_applicable"},"cache":{"status":"unknown"},"d1":{"prepared_statements":14,"batch_calls":4,"batch_statements":13}}

stdout | apps/ingestion/test/publication-caller-retirement.spec.ts > a collected source publishes through exact native owner operations after run approval is retired
{"contract":"card-keepr-operational-log@1","event":"workflow.step.completed","runtime":"ingestion","request":{"id":"reconcile-shard-42c8cd0fe0fc95650f27eafd95b6569a4123f701fdd0a8ed4f234c12f9b71e84","method":"WORKFLOW","route":"/workflows/card-keepr-reconciliation"},"status":200,"duration_ms":1,"workflow":{"step":"reconcile retained Card, Printing, and Erratum evidence-unit-78","step_count":1},"retry":{"count":0,"classification":"not_applicable"},"cache":{"status":"unknown"},"d1":{"prepared_statements":14,"batch_calls":4,"batch_statements":13}}

stdout | apps/ingestion/test/publication-caller-retirement.spec.ts > a collected source publishes through exact native owner operations after run approval is retired
{"contract":"card-keepr-operational-log@1","event":"workflow.step.completed","runtime":"ingestion","request":{"id":"reconcile-shard-42c8cd0fe0fc95650f27eafd95b6569a4123f701fdd0a8ed4f234c12f9b71e84","method":"WORKFLOW","route":"/workflows/card-keepr-reconciliation"},"status":200,"duration_ms":4,"workflow":{"step":"reconcile retained Card, Printing, and Erratum evidence-unit-79","step_count":1},"retry":{"count":0,"classification":"not_applicable"},"cache":{"status":"unknown"},"d1":{"prepared_statements":30,"batch_calls":11,"batch_statements":27}}

stdout | apps/ingestion/test/publication-caller-retirement.spec.ts > a collected source publishes through exact native owner operations after run approval is retired
{"contract":"card-keepr-operational-log@1","event":"workflow.step.completed","runtime":"ingestion","request":{"id":"reconcile-shard-42c8cd0fe0fc95650f27eafd95b6569a4123f701fdd0a8ed4f234c12f9b71e84","method":"WORKFLOW","route":"/workflows/card-keepr-reconciliation"},"status":200,"duration_ms":0,"workflow":{"step":"retain reconciliation successor","step_count":1},"retry":{"count":0,"classification":"not_applicable"},"cache":{"status":"unknown"},"d1":{"prepared_statements":2,"batch_calls":1,"batch_statements":2}}

stdout | apps/ingestion/test/publication-caller-retirement.spec.ts > a collected source publishes through exact native owner operations after run approval is retired
{"contract":"card-keepr-operational-log@1","event":"workflow.step.completed","runtime":"ingestion","request":{"id":"reconcile-shard-42c8cd0fe0fc95650f27eafd95b6569a4123f701fdd0a8ed4f234c12f9b71e84","method":"WORKFLOW","route":"/workflows/card-keepr-reconciliation"},"status":200,"duration_ms":3,"workflow":{"step":"dispatch reconciliation successor","step_count":1},"retry":{"count":0,"classification":"not_applicable"},"cache":{"status":"unknown"},"d1":{"prepared_statements":0,"batch_calls":0,"batch_statements":0}}

stdout | apps/ingestion/test/publication-caller-retirement.spec.ts > a collected source publishes through exact native owner operations after run approval is retired
{"contract":"card-keepr-operational-log@1","event":"workflow.step.completed","runtime":"ingestion","request":{"id":"reconcile-shard-832b1d641deeee8b88932b537dea97eca92b6118e9410522685c109701f66548","method":"WORKFLOW","route":"/workflows/card-keepr-reconciliation"},"status":200,"duration_ms":1,"workflow":{"step":"initialize reconciliation operation","step_count":1},"retry":{"count":0,"classification":"not_applicable"},"cache":{"status":"unknown"},"d1":{"prepared_statements":1,"batch_calls":0,"batch_statements":0}}

stdout | apps/ingestion/test/publication-caller-retirement.spec.ts > a collected source publishes through exact native owner operations after run approval is retired
{"contract":"card-keepr-operational-log@1","event":"request.completed","runtime":"ingestion","request":{"id":"bb73ea51-7136-4dcf-be65-6d5eedbb1076","method":"GET","route":"/v1/game-candidates/:ref"},"status":200,"duration_ms":2,"workflow":{"step":null},"retry":{"count":0,"classification":"not_applicable"},"cache":{"status":"unknown"},"d1":{"prepared_statements":2,"batch_calls":0,"batch_statements":0}}

stdout | apps/ingestion/test/publication-caller-retirement.spec.ts > a collected source publishes through exact native owner operations after run approval is retired
{"contract":"card-keepr-operational-log@1","event":"workflow.step.completed","runtime":"ingestion","request":{"id":"reconcile-shard-832b1d641deeee8b88932b537dea97eca92b6118e9410522685c109701f66548","method":"WORKFLOW","route":"/workflows/card-keepr-reconciliation"},"status":200,"duration_ms":1,"workflow":{"step":"read reconciliation dispatch","step_count":1},"retry":{"count":0,"classification":"not_applicable"},"cache":{"status":"unknown"},"d1":{"prepared_statements":2,"batch_calls":0,"batch_statements":0}}

stdout | apps/ingestion/test/publication-caller-retirement.spec.ts > a collected source publishes through exact native owner operations after run approval is retired
{"contract":"card-keepr-operational-log@1","event":"workflow.step.completed","runtime":"ingestion","request":{"id":"reconcile-shard-832b1d641deeee8b88932b537dea97eca92b6118e9410522685c109701f66548","method":"WORKFLOW","route":"/workflows/card-keepr-reconciliation"},"status":200,"duration_ms":2,"workflow":{"step":"reconcile retained Card, Printing, and Erratum evidence-unit-80","step_count":1},"retry":{"count":0,"classification":"not_applicable"},"cache":{"status":"unknown"},"d1":{"prepared_statements":15,"batch_calls":5,"batch_statements":15}}

stdout | apps/ingestion/test/publication-caller-retirement.spec.ts > a collected source publishes through exact native owner operations after run approval is retired
{"contract":"card-keepr-operational-log@1","event":"workflow.step.completed","runtime":"ingestion","request":{"id":"reconcile-shard-832b1d641deeee8b88932b537dea97eca92b6118e9410522685c109701f66548","method":"WORKFLOW","route":"/workflows/card-keepr-reconciliation"},"status":200,"duration_ms":4,"workflow":{"step":"reconcile retained Card, Printing, and Erratum evidence-unit-81","step_count":1},"retry":{"count":0,"classification":"not_applicable"},"cache":{"status":"unknown"},"d1":{"prepared_statements":16,"batch_calls":5,"batch_statements":15}}

stdout | apps/ingestion/test/publication-caller-retirement.spec.ts > a collected source publishes through exact native owner operations after run approval is retired
{"contract":"card-keepr-operational-log@1","event":"workflow.step.completed","runtime":"ingestion","request":{"id":"reconcile-shard-832b1d641deeee8b88932b537dea97eca92b6118e9410522685c109701f66548","method":"WORKFLOW","route":"/workflows/card-keepr-reconciliation"},"status":200,"duration_ms":3,"workflow":{"step":"reconcile retained Card, Printing, and Erratum evidence-unit-82","step_count":1},"retry":{"count":0,"classification":"not_applicable"},"cache":{"status":"unknown"},"d1":{"prepared_statements":16,"batch_calls":5,"batch_statements":15}}

stdout | apps/ingestion/test/publication-caller-retirement.spec.ts > a collected source publishes through exact native owner operations after run approval is retired
{"contract":"card-keepr-operational-log@1","event":"workflow.step.completed","runtime":"ingestion","request":{"id":"reconcile-shard-832b1d641deeee8b88932b537dea97eca92b6118e9410522685c109701f66548","method":"WORKFLOW","route":"/workflows/card-keepr-reconciliation"},"status":200,"duration_ms":3,"workflow":{"step":"reconcile retained Card, Printing, and Erratum evidence-unit-83","step_count":1},"retry":{"count":0,"classification":"not_applicable"},"cache":{"status":"unknown"},"d1":{"prepared_statements":20,"batch_calls":7,"batch_statements":19}}

stdout | apps/ingestion/test/publication-caller-retirement.spec.ts > a collected source publishes through exact native owner operations after run approval is retired
{"contract":"card-keepr-operational-log@1","event":"workflow.step.completed","runtime":"ingestion","request":{"id":"reconcile-shard-832b1d641deeee8b88932b537dea97eca92b6118e9410522685c109701f66548","method":"WORKFLOW","route":"/workflows/card-keepr-reconciliation"},"status":200,"duration_ms":2,"workflow":{"step":"reconcile retained Card, Printing, and Erratum evidence-unit-84","step_count":1},"retry":{"count":0,"classification":"not_applicable"},"cache":{"status":"unknown"},"d1":{"prepared_statements":15,"batch_calls":4,"batch_statements":13}}

stdout | apps/ingestion/test/publication-caller-retirement.spec.ts > a collected source publishes through exact native owner operations after run approval is retired
{"contract":"card-keepr-operational-log@1","event":"workflow.step.completed","runtime":"ingestion","request":{"id":"reconcile-shard-832b1d641deeee8b88932b537dea97eca92b6118e9410522685c109701f66548","method":"WORKFLOW","route":"/workflows/card-keepr-reconciliation"},"status":200,"duration_ms":1,"workflow":{"step":"reconcile retained Card, Printing, and Erratum evidence-unit-85","step_count":1},"retry":{"count":0,"classification":"not_applicable"},"cache":{"status":"unknown"},"d1":{"prepared_statements":15,"batch_calls":4,"batch_statements":13}}

stdout | apps/ingestion/test/publication-caller-retirement.spec.ts > a collected source publishes through exact native owner operations after run approval is retired
{"contract":"card-keepr-operational-log@1","event":"workflow.step.completed","runtime":"ingestion","request":{"id":"reconcile-shard-832b1d641deeee8b88932b537dea97eca92b6118e9410522685c109701f66548","method":"WORKFLOW","route":"/workflows/card-keepr-reconciliation"},"status":200,"duration_ms":3,"workflow":{"step":"reconcile retained Card, Printing, and Erratum evidence-unit-86","step_count":1},"retry":{"count":0,"classification":"not_applicable"},"cache":{"status":"unknown"},"d1":{"prepared_statements":20,"batch_calls":7,"batch_statements":19}}

stdout | apps/ingestion/test/publication-caller-retirement.spec.ts > a collected source publishes through exact native owner operations after run approval is retired
{"contract":"card-keepr-operational-log@1","event":"workflow.step.completed","runtime":"ingestion","request":{"id":"reconcile-shard-832b1d641deeee8b88932b537dea97eca92b6118e9410522685c109701f66548","method":"WORKFLOW","route":"/workflows/card-keepr-reconciliation"},"status":200,"duration_ms":4,"workflow":{"step":"reconcile retained Card, Printing, and Erratum evidence-unit-87","step_count":1},"retry":{"count":0,"classification":"not_applicable"},"cache":{"status":"unknown"},"d1":{"prepared_statements":23,"batch_calls":8,"batch_statements":21}}

stdout | apps/ingestion/test/publication-caller-retirement.spec.ts > a collected source publishes through exact native owner operations after run approval is retired
{"contract":"card-keepr-operational-log@1","event":"workflow.step.completed","runtime":"ingestion","request":{"id":"reconcile-shard-832b1d641deeee8b88932b537dea97eca92b6118e9410522685c109701f66548","method":"WORKFLOW","route":"/workflows/card-keepr-reconciliation"},"status":200,"duration_ms":2,"workflow":{"step":"reconcile retained Card, Printing, and Erratum evidence-unit-88","step_count":1},"retry":{"count":0,"classification":"not_applicable"},"cache":{"status":"unknown"},"d1":{"prepared_statements":17,"batch_calls":5,"batch_statements":15}}

stdout | apps/ingestion/test/publication-caller-retirement.spec.ts > a collected source publishes through exact native owner operations after run approval is retired
{"contract":"card-keepr-operational-log@1","event":"workflow.step.completed","runtime":"ingestion","request":{"id":"reconcile-shard-832b1d641deeee8b88932b537dea97eca92b6118e9410522685c109701f66548","method":"WORKFLOW","route":"/workflows/card-keepr-reconciliation"},"status":200,"duration_ms":2,"workflow":{"step":"reconcile retained Card, Printing, and Erratum evidence-unit-89","step_count":1},"retry":{"count":0,"classification":"not_applicable"},"cache":{"status":"unknown"},"d1":{"prepared_statements":18,"batch_calls":5,"batch_statements":15}}

stdout | apps/ingestion/test/publication-caller-retirement.spec.ts > a collected source publishes through exact native owner operations after run approval is retired
{"contract":"card-keepr-operational-log@1","event":"workflow.step.completed","runtime":"ingestion","request":{"id":"reconcile-shard-832b1d641deeee8b88932b537dea97eca92b6118e9410522685c109701f66548","method":"WORKFLOW","route":"/workflows/card-keepr-reconciliation"},"status":200,"duration_ms":6,"workflow":{"step":"reconcile retained Card, Printing, and Erratum evidence-unit-90","step_count":1},"retry":{"count":0,"classification":"not_applicable"},"cache":{"status":"unknown"},"d1":{"prepared_statements":39,"batch_calls":14,"batch_statements":33}}

stdout | apps/ingestion/test/publication-caller-retirement.spec.ts > a collected source publishes through exact native owner operations after run approval is retired
{"contract":"card-keepr-operational-log@1","event":"workflow.step.completed","runtime":"ingestion","request":{"id":"reconcile-shard-832b1d641deeee8b88932b537dea97eca92b6118e9410522685c109701f66548","method":"WORKFLOW","route":"/workflows/card-keepr-reconciliation"},"status":200,"duration_ms":10,"workflow":{"step":"reconcile retained Card, Printing, and Erratum evidence-unit-91","step_count":1},"retry":{"count":0,"classification":"not_applicable"},"cache":{"status":"unknown"},"d1":{"prepared_statements":49,"batch_calls":20,"batch_statements":45}}

stdout | apps/ingestion/test/publication-caller-retirement.spec.ts > a collected source publishes through exact native owner operations after run approval is retired
{"contract":"card-keepr-operational-log@1","event":"workflow.step.completed","runtime":"ingestion","request":{"id":"reconcile-shard-832b1d641deeee8b88932b537dea97eca92b6118e9410522685c109701f66548","method":"WORKFLOW","route":"/workflows/card-keepr-reconciliation"},"status":200,"duration_ms":2,"workflow":{"step":"reconcile retained Card, Printing, and Erratum evidence-unit-92","step_count":1},"retry":{"count":0,"classification":"not_applicable"},"cache":{"status":"unknown"},"d1":{"prepared_statements":22,"batch_calls":7,"batch_statements":21}}

stdout | apps/ingestion/test/publication-caller-retirement.spec.ts > a collected source publishes through exact native owner operations after run approval is retired
{"contract":"card-keepr-operational-log@1","event":"workflow.step.completed","runtime":"ingestion","request":{"id":"reconcile-shard-832b1d641deeee8b88932b537dea97eca92b6118e9410522685c109701f66548","method":"WORKFLOW","route":"/workflows/card-keepr-reconciliation"},"status":200,"duration_ms":3,"workflow":{"step":"reconcile retained Card, Printing, and Erratum evidence-unit-93","step_count":1},"retry":{"count":0,"classification":"not_applicable"},"cache":{"status":"unknown"},"d1":{"prepared_statements":23,"batch_calls":5,"batch_statements":17}}

stdout | apps/ingestion/test/publication-caller-retirement.spec.ts > a collected source publishes through exact native owner operations after run approval is retired
{"contract":"card-keepr-operational-log@1","event":"workflow.step.completed","runtime":"ingestion","request":{"id":"reconcile-shard-832b1d641deeee8b88932b537dea97eca92b6118e9410522685c109701f66548","method":"WORKFLOW","route":"/workflows/card-keepr-reconciliation"},"status":200,"duration_ms":2,"workflow":{"step":"reconcile retained Card, Printing, and Erratum evidence-unit-94","step_count":1},"retry":{"count":0,"classification":"not_applicable"},"cache":{"status":"unknown"},"d1":{"prepared_statements":14,"batch_calls":4,"batch_statements":13}}

stdout | apps/ingestion/test/publication-caller-retirement.spec.ts > a collected source publishes through exact native owner operations after run approval is retired
{"contract":"card-keepr-operational-log@1","event":"workflow.step.completed","runtime":"ingestion","request":{"id":"reconcile-shard-832b1d641deeee8b88932b537dea97eca92b6118e9410522685c109701f66548","method":"WORKFLOW","route":"/workflows/card-keepr-reconciliation"},"status":200,"duration_ms":4,"workflow":{"step":"reconcile retained Card, Printing, and Erratum evidence-unit-95","step_count":1},"retry":{"count":0,"classification":"not_applicable"},"cache":{"status":"unknown"},"d1":{"prepared_statements":23,"batch_calls":7,"batch_statements":21}}

stdout | apps/ingestion/test/publication-caller-retirement.spec.ts > a collected source publishes through exact native owner operations after run approval is retired
{"contract":"card-keepr-operational-log@1","event":"workflow.step.completed","runtime":"ingestion","request":{"id":"reconcile-shard-832b1d641deeee8b88932b537dea97eca92b6118e9410522685c109701f66548","method":"WORKFLOW","route":"/workflows/card-keepr-reconciliation"},"status":200,"duration_ms":2,"workflow":{"step":"reconcile retained Card, Printing, and Erratum evidence-unit-96","step_count":1},"retry":{"count":0,"classification":"not_applicable"},"cache":{"status":"unknown"},"d1":{"prepared_statements":16,"batch_calls":5,"batch_statements":15}}

stdout | apps/ingestion/test/publication-caller-retirement.spec.ts > a collected source publishes through exact native owner operations after run approval is retired
{"contract":"card-keepr-operational-log@1","event":"workflow.step.completed","runtime":"ingestion","request":{"id":"reconcile-shard-832b1d641deeee8b88932b537dea97eca92b6118e9410522685c109701f66548","method":"WORKFLOW","route":"/workflows/card-keepr-reconciliation"},"status":200,"duration_ms":2,"workflow":{"step":"reconcile retained Card, Printing, and Erratum evidence-unit-97","step_count":1},"retry":{"count":0,"classification":"not_applicable"},"cache":{"status":"unknown"},"d1":{"prepared_statements":23,"batch_calls":7,"batch_statements":21}}

stdout | apps/ingestion/test/publication-caller-retirement.spec.ts > a collected source publishes through exact native owner operations after run approval is retired
{"contract":"card-keepr-operational-log@1","event":"workflow.step.completed","runtime":"ingestion","request":{"id":"reconcile-shard-832b1d641deeee8b88932b537dea97eca92b6118e9410522685c109701f66548","method":"WORKFLOW","route":"/workflows/card-keepr-reconciliation"},"status":200,"duration_ms":2,"workflow":{"step":"reconcile retained Card, Printing, and Erratum evidence-unit-98","step_count":1},"retry":{"count":0,"classification":"not_applicable"},"cache":{"status":"unknown"},"d1":{"prepared_statements":16,"batch_calls":5,"batch_statements":15}}

stdout | apps/ingestion/test/publication-caller-retirement.spec.ts > a collected source publishes through exact native owner operations after run approval is retired
{"contract":"card-keepr-operational-log@1","event":"workflow.step.completed","runtime":"ingestion","request":{"id":"reconcile-shard-832b1d641deeee8b88932b537dea97eca92b6118e9410522685c109701f66548","method":"WORKFLOW","route":"/workflows/card-keepr-reconciliation"},"status":200,"duration_ms":3,"workflow":{"step":"reconcile retained Card, Printing, and Erratum evidence-unit-99","step_count":1},"retry":{"count":0,"classification":"not_applicable"},"cache":{"status":"unknown"},"d1":{"prepared_statements":23,"batch_calls":7,"batch_statements":21}}

stdout | apps/ingestion/test/publication-caller-retirement.spec.ts > a collected source publishes through exact native owner operations after run approval is retired
{"contract":"card-keepr-operational-log@1","event":"workflow.step.completed","runtime":"ingestion","request":{"id":"reconcile-shard-832b1d641deeee8b88932b537dea97eca92b6118e9410522685c109701f66548","method":"WORKFLOW","route":"/workflows/card-keepr-reconciliation"},"status":200,"duration_ms":4,"workflow":{"step":"reconcile retained Card, Printing, and Erratum evidence-unit-100","step_count":1},"retry":{"count":0,"classification":"not_applicable"},"cache":{"status":"unknown"},"d1":{"prepared_statements":16,"batch_calls":5,"batch_statements":15}}

stdout | apps/ingestion/test/publication-caller-retirement.spec.ts > a collected source publishes through exact native owner operations after run approval is retired
{"contract":"card-keepr-operational-log@1","event":"workflow.step.completed","runtime":"ingestion","request":{"id":"reconcile-shard-832b1d641deeee8b88932b537dea97eca92b6118e9410522685c109701f66548","method":"WORKFLOW","route":"/workflows/card-keepr-reconciliation"},"status":200,"duration_ms":2,"workflow":{"step":"reconcile retained Card, Printing, and Erratum evidence-unit-101","step_count":1},"retry":{"count":0,"classification":"not_applicable"},"cache":{"status":"unknown"},"d1":{"prepared_statements":23,"batch_calls":7,"batch_statements":21}}

stdout | apps/ingestion/test/publication-caller-retirement.spec.ts > a collected source publishes through exact native owner operations after run approval is retired
{"contract":"card-keepr-operational-log@1","event":"workflow.step.completed","runtime":"ingestion","request":{"id":"reconcile-shard-832b1d641deeee8b88932b537dea97eca92b6118e9410522685c109701f66548","method":"WORKFLOW","route":"/workflows/card-keepr-reconciliation"},"status":200,"duration_ms":1,"workflow":{"step":"reconcile retained Card, Printing, and Erratum evidence-unit-102","step_count":1},"retry":{"count":0,"classification":"not_applicable"},"cache":{"status":"unknown"},"d1":{"prepared_statements":16,"batch_calls":5,"batch_statements":15}}

stdout | apps/ingestion/test/publication-caller-retirement.spec.ts > a collected source publishes through exact native owner operations after run approval is retired
{"contract":"card-keepr-operational-log@1","event":"workflow.step.completed","runtime":"ingestion","request":{"id":"reconcile-shard-832b1d641deeee8b88932b537dea97eca92b6118e9410522685c109701f66548","method":"WORKFLOW","route":"/workflows/card-keepr-reconciliation"},"status":200,"duration_ms":2,"workflow":{"step":"reconcile retained Card, Printing, and Erratum evidence-unit-103","step_count":1},"retry":{"count":0,"classification":"not_applicable"},"cache":{"status":"unknown"},"d1":{"prepared_statements":14,"batch_calls":4,"batch_statements":13}}

stdout | apps/ingestion/test/publication-caller-retirement.spec.ts > a collected source publishes through exact native owner operations after run approval is retired
{"contract":"card-keepr-operational-log@1","event":"workflow.step.completed","runtime":"ingestion","request":{"id":"reconcile-shard-832b1d641deeee8b88932b537dea97eca92b6118e9410522685c109701f66548","method":"WORKFLOW","route":"/workflows/card-keepr-reconciliation"},"status":200,"duration_ms":3,"workflow":{"step":"reconcile retained Card, Printing, and Erratum evidence-unit-104","step_count":1},"retry":{"count":0,"classification":"not_applicable"},"cache":{"status":"unknown"},"d1":{"prepared_statements":23,"batch_calls":7,"batch_statements":21}}

stdout | apps/ingestion/test/publication-caller-retirement.spec.ts > a collected source publishes through exact native owner operations after run approval is retired
{"contract":"card-keepr-operational-log@1","event":"workflow.step.completed","runtime":"ingestion","request":{"id":"reconcile-shard-832b1d641deeee8b88932b537dea97eca92b6118e9410522685c109701f66548","method":"WORKFLOW","route":"/workflows/card-keepr-reconciliation"},"status":200,"duration_ms":4,"workflow":{"step":"reconcile retained Card, Printing, and Erratum evidence-unit-105","step_count":1},"retry":{"count":0,"classification":"not_applicable"},"cache":{"status":"unknown"},"d1":{"prepared_statements":16,"batch_calls":5,"batch_statements":15}}

stdout | apps/ingestion/test/publication-caller-retirement.spec.ts > a collected source publishes through exact native owner operations after run approval is retired
{"contract":"card-keepr-operational-log@1","event":"workflow.step.completed","runtime":"ingestion","request":{"id":"reconcile-shard-832b1d641deeee8b88932b537dea97eca92b6118e9410522685c109701f66548","method":"WORKFLOW","route":"/workflows/card-keepr-reconciliation"},"status":200,"duration_ms":2,"workflow":{"step":"reconcile retained Card, Printing, and Erratum evidence-unit-106","step_count":1},"retry":{"count":0,"classification":"not_applicable"},"cache":{"status":"unknown"},"d1":{"prepared_statements":19,"batch_calls":5,"batch_statements":17}}

stdout | apps/ingestion/test/publication-caller-retirement.spec.ts > a collected source publishes through exact native owner operations after run approval is retired
{"contract":"card-keepr-operational-log@1","event":"workflow.step.completed","runtime":"ingestion","request":{"id":"reconcile-shard-832b1d641deeee8b88932b537dea97eca92b6118e9410522685c109701f66548","method":"WORKFLOW","route":"/workflows/card-keepr-reconciliation"},"status":200,"duration_ms":2,"workflow":{"step":"reconcile retained Card, Printing, and Erratum evidence-unit-107","step_count":1},"retry":{"count":0,"classification":"not_applicable"},"cache":{"status":"unknown"},"d1":{"prepared_statements":14,"batch_calls":4,"batch_statements":13}}

stdout | apps/ingestion/test/publication-caller-retirement.spec.ts > a collected source publishes through exact native owner operations after run approval is retired
{"contract":"card-keepr-operational-log@1","event":"workflow.step.completed","runtime":"ingestion","request":{"id":"reconcile-shard-832b1d641deeee8b88932b537dea97eca92b6118e9410522685c109701f66548","method":"WORKFLOW","route":"/workflows/card-keepr-reconciliation"},"status":200,"duration_ms":1,"workflow":{"step":"reconcile retained Card, Printing, and Erratum evidence-unit-108","step_count":1},"retry":{"count":0,"classification":"not_applicable"},"cache":{"status":"unknown"},"d1":{"prepared_statements":14,"batch_calls":4,"batch_statements":13}}

stdout | apps/ingestion/test/publication-caller-retirement.spec.ts > a collected source publishes through exact native owner operations after run approval is retired
{"contract":"card-keepr-operational-log@1","event":"workflow.step.completed","runtime":"ingestion","request":{"id":"reconcile-shard-832b1d641deeee8b88932b537dea97eca92b6118e9410522685c109701f66548","method":"WORKFLOW","route":"/workflows/card-keepr-reconciliation"},"status":200,"duration_ms":1,"workflow":{"step":"reconcile retained Card, Printing, and Erratum evidence-unit-109","step_count":1},"retry":{"count":0,"classification":"not_applicable"},"cache":{"status":"unknown"},"d1":{"prepared_statements":14,"batch_calls":4,"batch_statements":13}}

stdout | apps/ingestion/test/publication-caller-retirement.spec.ts > a collected source publishes through exact native owner operations after run approval is retired
{"contract":"card-keepr-operational-log@1","event":"workflow.step.completed","runtime":"ingestion","request":{"id":"reconcile-shard-832b1d641deeee8b88932b537dea97eca92b6118e9410522685c109701f66548","method":"WORKFLOW","route":"/workflows/card-keepr-reconciliation"},"status":200,"duration_ms":1,"workflow":{"step":"reconcile retained Card, Printing, and Erratum evidence-unit-110","step_count":1},"retry":{"count":0,"classification":"not_applicable"},"cache":{"status":"unknown"},"d1":{"prepared_statements":19,"batch_calls":5,"batch_statements":17}}

stdout | apps/ingestion/test/publication-caller-retirement.spec.ts > a collected source publishes through exact native owner operations after run approval is retired
{"contract":"card-keepr-operational-log@1","event":"workflow.step.completed","runtime":"ingestion","request":{"id":"reconcile-shard-832b1d641deeee8b88932b537dea97eca92b6118e9410522685c109701f66548","method":"WORKFLOW","route":"/workflows/card-keepr-reconciliation"},"status":200,"duration_ms":1,"workflow":{"step":"reconcile retained Card, Printing, and Erratum evidence-unit-111","step_count":1},"retry":{"count":0,"classification":"not_applicable"},"cache":{"status":"unknown"},"d1":{"prepared_statements":14,"batch_calls":4,"batch_statements":13}}

stdout | apps/ingestion/test/publication-caller-retirement.spec.ts > a collected source publishes through exact native owner operations after run approval is retired
{"contract":"card-keepr-operational-log@1","event":"workflow.step.completed","runtime":"ingestion","request":{"id":"reconcile-shard-832b1d641deeee8b88932b537dea97eca92b6118e9410522685c109701f66548","method":"WORKFLOW","route":"/workflows/card-keepr-reconciliation"},"status":200,"duration_ms":1,"workflow":{"step":"reconcile retained Card, Printing, and Erratum evidence-unit-112","step_count":1},"retry":{"count":0,"classification":"not_applicable"},"cache":{"status":"unknown"},"d1":{"prepared_statements":14,"batch_calls":4,"batch_statements":13}}

stdout | apps/ingestion/test/publication-caller-retirement.spec.ts > a collected source publishes through exact native owner operations after run approval is retired
{"contract":"card-keepr-operational-log@1","event":"workflow.step.completed","runtime":"ingestion","request":{"id":"reconcile-shard-832b1d641deeee8b88932b537dea97eca92b6118e9410522685c109701f66548","method":"WORKFLOW","route":"/workflows/card-keepr-reconciliation"},"status":200,"duration_ms":2,"workflow":{"step":"reconcile retained Card, Printing, and Erratum evidence-unit-113","step_count":1},"retry":{"count":0,"classification":"not_applicable"},"cache":{"status":"unknown"},"d1":{"prepared_statements":15,"batch_calls":4,"batch_statements":13}}

stdout | apps/ingestion/test/publication-caller-retirement.spec.ts > a collected source publishes through exact native owner operations after run approval is retired
{"contract":"card-keepr-operational-log@1","event":"workflow.step.completed","runtime":"ingestion","request":{"id":"reconcile-shard-832b1d641deeee8b88932b537dea97eca92b6118e9410522685c109701f66548","method":"WORKFLOW","route":"/workflows/card-keepr-reconciliation"},"status":200,"duration_ms":1,"workflow":{"step":"reconcile retained Card, Printing, and Erratum evidence-unit-114","step_count":1},"retry":{"count":0,"classification":"not_applicable"},"cache":{"status":"unknown"},"d1":{"prepared_statements":14,"batch_calls":4,"batch_statements":13}}

stdout | apps/ingestion/test/publication-caller-retirement.spec.ts > a collected source publishes through exact native owner operations after run approval is retired
{"contract":"card-keepr-operational-log@1","event":"workflow.step.completed","runtime":"ingestion","request":{"id":"reconcile-shard-832b1d641deeee8b88932b537dea97eca92b6118e9410522685c109701f66548","method":"WORKFLOW","route":"/workflows/card-keepr-reconciliation"},"status":200,"duration_ms":3,"workflow":{"step":"reconcile retained Card, Printing, and Erratum evidence-unit-115","step_count":1},"retry":{"count":0,"classification":"not_applicable"},"cache":{"status":"unknown"},"d1":{"prepared_statements":22,"batch_calls":8,"batch_statements":21}}

stdout | apps/ingestion/test/publication-caller-retirement.spec.ts > a collected source publishes through exact native owner operations after run approval is retired
{"contract":"card-keepr-operational-log@1","event":"workflow.step.completed","runtime":"ingestion","request":{"id":"reconcile-shard-832b1d641deeee8b88932b537dea97eca92b6118e9410522685c109701f66548","method":"WORKFLOW","route":"/workflows/card-keepr-reconciliation"},"status":200,"duration_ms":3,"workflow":{"step":"reconcile retained Card, Printing, and Erratum evidence-unit-116","step_count":1},"retry":{"count":0,"classification":"not_applicable"},"cache":{"status":"unknown"},"d1":{"prepared_statements":23,"batch_calls":8,"batch_statements":21}}

stdout | apps/ingestion/test/publication-caller-retirement.spec.ts > a collected source publishes through exact native owner operations after run approval is retired
{"contract":"card-keepr-operational-log@1","event":"workflow.step.completed","runtime":"ingestion","request":{"id":"reconcile-shard-832b1d641deeee8b88932b537dea97eca92b6118e9410522685c109701f66548","method":"WORKFLOW","route":"/workflows/card-keepr-reconciliation"},"status":200,"duration_ms":3,"workflow":{"step":"reconcile retained Card, Printing, and Erratum evidence-unit-117","step_count":1},"retry":{"count":0,"classification":"not_applicable"},"cache":{"status":"unknown"},"d1":{"prepared_statements":19,"batch_calls":5,"batch_statements":15}}

stdout | apps/ingestion/test/publication-caller-retirement.spec.ts > a collected source publishes through exact native owner operations after run approval is retired
{"contract":"card-keepr-operational-log@1","event":"workflow.step.completed","runtime":"ingestion","request":{"id":"reconcile-shard-832b1d641deeee8b88932b537dea97eca92b6118e9410522685c109701f66548","method":"WORKFLOW","route":"/workflows/card-keepr-reconciliation"},"status":200,"duration_ms":8,"workflow":{"step":"reconcile retained Card, Printing, and Erratum evidence-unit-118","step_count":1},"retry":{"count":0,"classification":"not_applicable"},"cache":{"status":"unknown"},"d1":{"prepared_statements":59,"batch_calls":13,"batch_statements":31}}

stdout | apps/ingestion/test/publication-caller-retirement.spec.ts > a collected source publishes through exact native owner operations after run approval is retired
{"contract":"card-keepr-operational-log@1","event":"workflow.step.completed","runtime":"ingestion","request":{"id":"reconcile-shard-832b1d641deeee8b88932b537dea97eca92b6118e9410522685c109701f66548","method":"WORKFLOW","route":"/workflows/card-keepr-reconciliation"},"status":200,"duration_ms":3,"workflow":{"step":"reconcile retained Card, Printing, and Erratum evidence-unit-119","step_count":1},"retry":{"count":0,"classification":"not_applicable"},"cache":{"status":"unknown"},"d1":{"prepared_statements":20,"batch_calls":5,"batch_statements":15}}

stdout | apps/ingestion/test/publication-caller-retirement.spec.ts > a collected source publishes through exact native owner operations after run approval is retired
{"contract":"card-keepr-operational-log@1","event":"workflow.step.completed","runtime":"ingestion","request":{"id":"reconcile-shard-832b1d641deeee8b88932b537dea97eca92b6118e9410522685c109701f66548","method":"WORKFLOW","route":"/workflows/card-keepr-reconciliation"},"status":200,"duration_ms":0,"workflow":{"step":"retain reconciliation successor","step_count":1},"retry":{"count":0,"classification":"not_applicable"},"cache":{"status":"unknown"},"d1":{"prepared_statements":2,"batch_calls":1,"batch_statements":2}}

stdout | apps/ingestion/test/publication-caller-retirement.spec.ts > a collected source publishes through exact native owner operations after run approval is retired
{"contract":"card-keepr-operational-log@1","event":"workflow.step.completed","runtime":"ingestion","request":{"id":"reconcile-shard-832b1d641deeee8b88932b537dea97eca92b6118e9410522685c109701f66548","method":"WORKFLOW","route":"/workflows/card-keepr-reconciliation"},"status":200,"duration_ms":3,"workflow":{"step":"dispatch reconciliation successor","step_count":1},"retry":{"count":0,"classification":"not_applicable"},"cache":{"status":"unknown"},"d1":{"prepared_statements":0,"batch_calls":0,"batch_statements":0}}

stdout | apps/ingestion/test/publication-caller-retirement.spec.ts > a collected source publishes through exact native owner operations after run approval is retired
{"contract":"card-keepr-operational-log@1","event":"workflow.step.completed","runtime":"ingestion","request":{"id":"reconcile-shard-ed355c57434c882bc3cf1e828c9bb8a7cb6080450be9245364edc31ff3122dc9","method":"WORKFLOW","route":"/workflows/card-keepr-reconciliation"},"status":200,"duration_ms":0,"workflow":{"step":"initialize reconciliation operation","step_count":1},"retry":{"count":0,"classification":"not_applicable"},"cache":{"status":"unknown"},"d1":{"prepared_statements":1,"batch_calls":0,"batch_statements":0}}

stdout | apps/ingestion/test/publication-caller-retirement.spec.ts > a collected source publishes through exact native owner operations after run approval is retired
{"contract":"card-keepr-operational-log@1","event":"request.completed","runtime":"ingestion","request":{"id":"775233b6-d9cb-4c70-801d-b2976d4c7c61","method":"GET","route":"/v1/game-candidates/:ref"},"status":200,"duration_ms":2,"workflow":{"step":null},"retry":{"count":0,"classification":"not_applicable"},"cache":{"status":"unknown"},"d1":{"prepared_statements":2,"batch_calls":0,"batch_statements":0}}

stdout | apps/ingestion/test/publication-caller-retirement.spec.ts > a collected source publishes through exact native owner operations after run approval is retired
{"contract":"card-keepr-operational-log@1","event":"workflow.step.completed","runtime":"ingestion","request":{"id":"reconcile-shard-ed355c57434c882bc3cf1e828c9bb8a7cb6080450be9245364edc31ff3122dc9","method":"WORKFLOW","route":"/workflows/card-keepr-reconciliation"},"status":200,"duration_ms":1,"workflow":{"step":"read reconciliation dispatch","step_count":1},"retry":{"count":0,"classification":"not_applicable"},"cache":{"status":"unknown"},"d1":{"prepared_statements":2,"batch_calls":0,"batch_statements":0}}

stdout | apps/ingestion/test/publication-caller-retirement.spec.ts > a collected source publishes through exact native owner operations after run approval is retired
{"contract":"card-keepr-operational-log@1","event":"workflow.step.completed","runtime":"ingestion","request":{"id":"reconcile-shard-ed355c57434c882bc3cf1e828c9bb8a7cb6080450be9245364edc31ff3122dc9","method":"WORKFLOW","route":"/workflows/card-keepr-reconciliation"},"status":200,"duration_ms":5,"workflow":{"step":"reconcile retained Card, Printing, and Erratum evidence-unit-120","step_count":1},"retry":{"count":0,"classification":"not_applicable"},"cache":{"status":"unknown"},"d1":{"prepared_statements":30,"batch_calls":6,"batch_statements":17}}

stdout | apps/ingestion/test/publication-caller-retirement.spec.ts > a collected source publishes through exact native owner operations after run approval is retired
{"contract":"card-keepr-operational-log@1","event":"workflow.step.completed","runtime":"ingestion","request":{"id":"reconcile-shard-ed355c57434c882bc3cf1e828c9bb8a7cb6080450be9245364edc31ff3122dc9","method":"WORKFLOW","route":"/workflows/card-keepr-reconciliation"},"status":200,"duration_ms":2,"workflow":{"step":"reconcile retained Card, Printing, and Erratum evidence-unit-121","step_count":1},"retry":{"count":0,"classification":"not_applicable"},"cache":{"status":"unknown"},"d1":{"prepared_statements":19,"batch_calls":5,"batch_statements":15}}

stdout | apps/ingestion/test/publication-caller-retirement.spec.ts > a collected source publishes through exact native owner operations after run approval is retired
{"contract":"card-keepr-operational-log@1","event":"workflow.step.completed","runtime":"ingestion","request":{"id":"reconcile-shard-ed355c57434c882bc3cf1e828c9bb8a7cb6080450be9245364edc31ff3122dc9","method":"WORKFLOW","route":"/workflows/card-keepr-reconciliation"},"status":200,"duration_ms":5,"workflow":{"step":"reconcile retained Card, Printing, and Erratum evidence-unit-122","step_count":1},"retry":{"count":0,"classification":"not_applicable"},"cache":{"status":"unknown"},"d1":{"prepared_statements":30,"batch_calls":6,"batch_statements":17}}

stdout | apps/ingestion/test/publication-caller-retirement.spec.ts > a collected source publishes through exact native owner operations after run approval is retired
{"contract":"card-keepr-operational-log@1","event":"workflow.step.completed","runtime":"ingestion","request":{"id":"reconcile-shard-ed355c57434c882bc3cf1e828c9bb8a7cb6080450be9245364edc31ff3122dc9","method":"WORKFLOW","route":"/workflows/card-keepr-reconciliation"},"status":200,"duration_ms":3,"workflow":{"step":"reconcile retained Card, Printing, and Erratum evidence-unit-123","step_count":1},"retry":{"count":0,"classification":"not_applicable"},"cache":{"status":"unknown"},"d1":{"prepared_statements":20,"batch_calls":5,"batch_statements":15}}

stdout | apps/ingestion/test/publication-caller-retirement.spec.ts > a collected source publishes through exact native owner operations after run approval is retired
{"contract":"card-keepr-operational-log@1","event":"workflow.step.completed","runtime":"ingestion","request":{"id":"reconcile-shard-ed355c57434c882bc3cf1e828c9bb8a7cb6080450be9245364edc31ff3122dc9","method":"WORKFLOW","route":"/workflows/card-keepr-reconciliation"},"status":200,"duration_ms":3,"workflow":{"step":"reconcile retained Card, Printing, and Erratum evidence-unit-124","step_count":1},"retry":{"count":0,"classification":"not_applicable"},"cache":{"status":"unknown"},"d1":{"prepared_statements":21,"batch_calls":6,"batch_statements":17}}

stdout | apps/ingestion/test/publication-caller-retirement.spec.ts > a collected source publishes through exact native owner operations after run approval is retired
{"contract":"card-keepr-operational-log@1","event":"workflow.step.completed","runtime":"ingestion","request":{"id":"reconcile-shard-ed355c57434c882bc3cf1e828c9bb8a7cb6080450be9245364edc31ff3122dc9","method":"WORKFLOW","route":"/workflows/card-keepr-reconciliation"},"status":200,"duration_ms":2,"workflow":{"step":"reconcile retained Card, Printing, and Erratum evidence-unit-125","step_count":1},"retry":{"count":0,"classification":"not_applicable"},"cache":{"status":"unknown"},"d1":{"prepared_statements":18,"batch_calls":5,"batch_statements":15}}

stdout | apps/ingestion/test/publication-caller-retirement.spec.ts > a collected source publishes through exact native owner operations after run approval is retired
{"contract":"card-keepr-operational-log@1","event":"workflow.step.completed","runtime":"ingestion","request":{"id":"reconcile-shard-ed355c57434c882bc3cf1e828c9bb8a7cb6080450be9245364edc31ff3122dc9","method":"WORKFLOW","route":"/workflows/card-keepr-reconciliation"},"status":200,"duration_ms":2,"workflow":{"step":"reconcile retained Card, Printing, and Erratum evidence-unit-126","step_count":1},"retry":{"count":0,"classification":"not_applicable"},"cache":{"status":"unknown"},"d1":{"prepared_statements":20,"batch_calls":5,"batch_statements":18}}

stdout | apps/ingestion/test/publication-caller-retirement.spec.ts > a collected source publishes through exact native owner operations after run approval is retired
{"contract":"card-keepr-operational-log@1","event":"workflow.step.completed","runtime":"ingestion","request":{"id":"reconcile-shard-ed355c57434c882bc3cf1e828c9bb8a7cb6080450be9245364edc31ff3122dc9","method":"WORKFLOW","route":"/workflows/card-keepr-reconciliation"},"status":200,"duration_ms":3,"workflow":{"step":"notify reconciliation root","step_count":1},"retry":{"count":0,"classification":"not_applicable"},"cache":{"status":"unknown"},"d1":{"prepared_statements":0,"batch_calls":0,"batch_statements":0}}

stdout | apps/ingestion/test/publication-caller-retirement.spec.ts > a collected source publishes through exact native owner operations after run approval is retired
{"contract":"card-keepr-operational-log@1","event":"request.completed","runtime":"ingestion","request":{"id":"e88cc1eb-9eb9-4b45-b746-cb6283935c96","method":"GET","route":"/v1/game-candidates/:ref"},"status":200,"duration_ms":1,"workflow":{"step":null},"retry":{"count":0,"classification":"not_applicable"},"cache":{"status":"unknown"},"d1":{"prepared_statements":2,"batch_calls":0,"batch_statements":0}}

stdout | apps/ingestion/test/publication-caller-retirement.spec.ts > a collected source publishes through exact native owner operations after run approval is retired
{"contract":"card-keepr-operational-log@1","event":"request.completed","runtime":"ingestion","request":{"id":"c2fcbd3f-94f0-46e1-871f-3fc2921310b9","method":"POST","route":"/v1/publications"},"status":422,"duration_ms":1,"workflow":{"step":null},"retry":{"count":0,"classification":"non_retryable"},"cache":{"status":"unknown"},"d1":{"prepared_statements":2,"batch_calls":0,"batch_statements":0}}

stdout | apps/ingestion/test/publication-caller-retirement.spec.ts > a collected source publishes through exact native owner operations after run approval is retired
{"contract":"card-keepr-operational-log@1","event":"request.completed","runtime":"ingestion","request":{"id":"424c1810-500f-48ba-9405-6365ba9b6765","method":"POST","route":"/v1/publications"},"status":409,"duration_ms":1,"workflow":{"step":null},"retry":{"count":0,"classification":"non_retryable"},"cache":{"status":"unknown"},"d1":{"prepared_statements":5,"batch_calls":0,"batch_statements":0}}

stdout | apps/ingestion/test/publication-caller-retirement.spec.ts > a collected source publishes through exact native owner operations after run approval is retired
{"contract":"card-keepr-operational-log@1","event":"request.completed","runtime":"ingestion","request":{"id":"5e374456-7513-4031-a3cf-1468a80e48ab","method":"GET","route":"/v1/game-candidates/:ref"},"status":200,"duration_ms":0,"workflow":{"step":null},"retry":{"count":0,"classification":"not_applicable"},"cache":{"status":"unknown"},"d1":{"prepared_statements":2,"batch_calls":0,"batch_statements":0}}

stdout | apps/ingestion/test/publication-caller-retirement.spec.ts > a collected source publishes through exact native owner operations after run approval is retired
{"contract":"card-keepr-operational-log@1","event":"request.completed","runtime":"ingestion","request":{"id":"768858b0-6c3a-4668-af4b-cd16aee4aecd","method":"POST","route":"/v1/publications"},"status":409,"duration_ms":1,"workflow":{"step":null},"retry":{"count":0,"classification":"non_retryable"},"cache":{"status":"unknown"},"d1":{"prepared_statements":4,"batch_calls":0,"batch_statements":0}}

stdout | apps/ingestion/test/publication-caller-retirement.spec.ts > a collected source publishes through exact native owner operations after run approval is retired
{"contract":"card-keepr-operational-log@1","event":"request.completed","runtime":"ingestion","request":{"id":"cf970d53-259e-4e30-9b6b-bd5acc122937","method":"GET","route":"/v1/game-candidates/:ref"},"status":200,"duration_ms":0,"workflow":{"step":null},"retry":{"count":0,"classification":"not_applicable"},"cache":{"status":"unknown"},"d1":{"prepared_statements":2,"batch_calls":0,"batch_statements":0}}

stdout | apps/ingestion/test/publication-caller-retirement.spec.ts > a collected source publishes through exact native owner operations after run approval is retired
{"contract":"card-keepr-operational-log@1","event":"request.completed","runtime":"ingestion","request":{"id":"bd2d1c7f-898e-4069-8a10-9f93e23cfa16","method":"POST","route":"/v1/publications"},"status":409,"duration_ms":3,"workflow":{"step":null},"retry":{"count":0,"classification":"non_retryable"},"cache":{"status":"unknown"},"d1":{"prepared_statements":16,"batch_calls":1,"batch_statements":2}}

stdout | apps/ingestion/test/publication-caller-retirement.spec.ts > a collected source publishes through exact native owner operations after run approval is retired
{"contract":"card-keepr-operational-log@1","event":"request.completed","runtime":"ingestion","request":{"id":"7d982059-776e-43bc-b7ef-3e1b4d45591f","method":"GET","route":"/v1/game-candidates/:ref"},"status":200,"duration_ms":0,"workflow":{"step":null},"retry":{"count":0,"classification":"not_applicable"},"cache":{"status":"unknown"},"d1":{"prepared_statements":2,"batch_calls":0,"batch_statements":0}}

stdout | apps/ingestion/test/publication-caller-retirement.spec.ts > a collected source publishes through exact native owner operations after run approval is retired
{"contract":"card-keepr-operational-log@1","event":"request.completed","runtime":"ingestion","request":{"id":"59c26789-916e-418f-8094-2077a0cb671c","method":"POST","route":"/v1/publications"},"status":202,"duration_ms":3,"workflow":{"step":null},"retry":{"count":0,"classification":"not_applicable"},"cache":{"status":"unknown"},"d1":{"prepared_statements":15,"batch_calls":1,"batch_statements":2}}

stdout | apps/ingestion/test/publication-caller-retirement.spec.ts > a collected source publishes through exact native owner operations after run approval is retired
{"contract":"card-keepr-operational-log@1","event":"request.completed","runtime":"ingestion","request":{"id":"61075412-e42c-4af1-b203-f4aea4387462","method":"POST","route":"/v1/publications"},"status":202,"duration_ms":1,"workflow":{"step":null},"retry":{"count":0,"classification":"not_applicable"},"cache":{"status":"unknown"},"d1":{"prepared_statements":3,"batch_calls":0,"batch_statements":0}}

stdout | apps/ingestion/test/publication-caller-retirement.spec.ts > a collected source publishes through exact native owner operations after run approval is retired
{"contract":"card-keepr-operational-log@1","event":"request.completed","runtime":"ingestion","request":{"id":"ae60db7d-2cc5-419a-bc6c-268a8b54e297","method":"GET","route":"/v1/game-candidates/:ref/inspection"},"status":200,"duration_ms":3,"workflow":{"step":null},"retry":{"count":0,"classification":"not_applicable"},"cache":{"status":"unknown"},"d1":{"prepared_statements":10,"batch_calls":0,"batch_statements":0}}

stdout | apps/ingestion/test/publication-caller-retirement.spec.ts > a collected source publishes through exact native owner operations after run approval is retired
{"contract":"card-keepr-operational-log@1","event":"request.completed","runtime":"ingestion","request":{"id":"b4a62ebc-6f95-473b-ba8b-70549fba4d73","method":"POST","route":"/v1/game-candidates/:ref/publication-preparation/start"},"status":202,"duration_ms":5,"workflow":{"step":null},"retry":{"count":0,"classification":"not_applicable"},"cache":{"status":"unknown"},"d1":{"prepared_statements":13,"batch_calls":2,"batch_statements":6}}

stdout | apps/ingestion/test/publication-caller-retirement.spec.ts > a collected source publishes through exact native owner operations after run approval is retired
{"contract":"card-keepr-operational-log@1","event":"workflow.step.completed","runtime":"ingestion","request":{"id":"publication-2765e95495a99229996b0557af7eb46401f4bf35d77ee904ddeb3ad87cf04e41","method":"WORKFLOW","route":"/workflows/card-keepr-reconciliation"},"status":200,"duration_ms":3,"workflow":{"step":"prepare publication artifacts 1","step_count":1},"retry":{"count":0,"classification":"not_applicable"},"cache":{"status":"unknown"},"d1":{"prepared_statements":16,"batch_calls":2,"batch_statements":6}}

stdout | apps/ingestion/test/publication-caller-retirement.spec.ts > a collected source publishes through exact native owner operations after run approval is retired
{"contract":"card-keepr-operational-log@1","event":"workflow.step.completed","runtime":"ingestion","request":{"id":"publication-2765e95495a99229996b0557af7eb46401f4bf35d77ee904ddeb3ad87cf04e41","method":"WORKFLOW","route":"/workflows/card-keepr-reconciliation"},"status":200,"duration_ms":2,"workflow":{"step":"prepare publication artifacts 2","step_count":1},"retry":{"count":0,"classification":"not_applicable"},"cache":{"status":"unknown"},"d1":{"prepared_statements":15,"batch_calls":2,"batch_statements":5}}

stdout | apps/ingestion/test/publication-caller-retirement.spec.ts > a collected source publishes through exact native owner operations after run approval is retired
{"contract":"card-keepr-operational-log@1","event":"workflow.step.completed","runtime":"ingestion","request":{"id":"publication-2765e95495a99229996b0557af7eb46401f4bf35d77ee904ddeb3ad87cf04e41","method":"WORKFLOW","route":"/workflows/card-keepr-reconciliation"},"status":200,"duration_ms":8,"workflow":{"step":"prepare publication artifacts 3","step_count":1},"retry":{"count":0,"classification":"not_applicable"},"cache":{"status":"unknown"},"d1":{"prepared_statements":29,"batch_calls":4,"batch_statements":21}}

stdout | apps/ingestion/test/publication-caller-retirement.spec.ts > a collected source publishes through exact native owner operations after run approval is retired
{"contract":"card-keepr-operational-log@1","event":"workflow.step.completed","runtime":"ingestion","request":{"id":"publication-2765e95495a99229996b0557af7eb46401f4bf35d77ee904ddeb3ad87cf04e41","method":"WORKFLOW","route":"/workflows/card-keepr-reconciliation"},"status":200,"duration_ms":5,"workflow":{"step":"prepare publication artifacts 4","step_count":1},"retry":{"count":0,"classification":"not_applicable"},"cache":{"status":"unknown"},"d1":{"prepared_statements":26,"batch_calls":4,"batch_statements":17}}

stdout | apps/ingestion/test/publication-caller-retirement.spec.ts > a collected source publishes through exact native owner operations after run approval is retired
{"contract":"card-keepr-operational-log@1","event":"workflow.step.completed","runtime":"ingestion","request":{"id":"publication-2765e95495a99229996b0557af7eb46401f4bf35d77ee904ddeb3ad87cf04e41","method":"WORKFLOW","route":"/workflows/card-keepr-reconciliation"},"status":200,"duration_ms":2,"workflow":{"step":"prepare publication artifacts 5","step_count":1},"retry":{"count":0,"classification":"not_applicable"},"cache":{"status":"unknown"},"d1":{"prepared_statements":15,"batch_calls":2,"batch_statements":5}}

stdout | apps/ingestion/test/publication-caller-retirement.spec.ts > a collected source publishes through exact native owner operations after run approval is retired
{"contract":"card-keepr-operational-log@1","event":"workflow.step.completed","runtime":"ingestion","request":{"id":"publication-2765e95495a99229996b0557af7eb46401f4bf35d77ee904ddeb3ad87cf04e41","method":"WORKFLOW","route":"/workflows/card-keepr-reconciliation"},"status":200,"duration_ms":8,"workflow":{"step":"prepare publication artifacts 6","step_count":1},"retry":{"count":0,"classification":"not_applicable"},"cache":{"status":"unknown"},"d1":{"prepared_statements":48,"batch_calls":6,"batch_statements":41}}

stdout | apps/ingestion/test/publication-caller-retirement.spec.ts > a collected source publishes through exact native owner operations after run approval is retired
{"contract":"card-keepr-operational-log@1","event":"workflow.step.completed","runtime":"ingestion","request":{"id":"publication-2765e95495a99229996b0557af7eb46401f4bf35d77ee904ddeb3ad87cf04e41","method":"WORKFLOW","route":"/workflows/card-keepr-reconciliation"},"status":200,"duration_ms":11,"workflow":{"step":"prepare publication artifacts 7","step_count":1},"retry":{"count":0,"classification":"not_applicable"},"cache":{"status":"unknown"},"d1":{"prepared_statements":54,"batch_calls":6,"batch_statements":42}}

stdout | apps/ingestion/test/publication-caller-retirement.spec.ts > a collected source publishes through exact native owner operations after run approval is retired
{"contract":"card-keepr-operational-log@1","event":"workflow.step.completed","runtime":"ingestion","request":{"id":"publication-2765e95495a99229996b0557af7eb46401f4bf35d77ee904ddeb3ad87cf04e41","method":"WORKFLOW","route":"/workflows/card-keepr-reconciliation"},"status":200,"duration_ms":7,"workflow":{"step":"prepare publication artifacts 8","step_count":1},"retry":{"count":0,"classification":"not_applicable"},"cache":{"status":"unknown"},"d1":{"prepared_statements":44,"batch_calls":4,"batch_statements":33}}

stdout | apps/ingestion/test/publication-caller-retirement.spec.ts > a collected source publishes through exact native owner operations after run approval is retired
{"contract":"card-keepr-operational-log@1","event":"workflow.step.completed","runtime":"ingestion","request":{"id":"publication-2765e95495a99229996b0557af7eb46401f4bf35d77ee904ddeb3ad87cf04e41","method":"WORKFLOW","route":"/workflows/card-keepr-reconciliation"},"status":200,"duration_ms":1,"workflow":{"step":"prepare publication artifacts 9","step_count":1},"retry":{"count":0,"classification":"not_applicable"},"cache":{"status":"unknown"},"d1":{"prepared_statements":12,"batch_calls":2,"batch_statements":5}}

stdout | apps/ingestion/test/publication-caller-retirement.spec.ts > a collected source publishes through exact native owner operations after run approval is retired
{"contract":"card-keepr-operational-log@1","event":"workflow.step.completed","runtime":"ingestion","request":{"id":"publication-2765e95495a99229996b0557af7eb46401f4bf35d77ee904ddeb3ad87cf04e41","method":"WORKFLOW","route":"/workflows/card-keepr-reconciliation"},"status":200,"duration_ms":3,"workflow":{"step":"prepare publication artifacts 10","step_count":1},"retry":{"count":0,"classification":"not_applicable"},"cache":{"status":"unknown"},"d1":{"prepared_statements":15,"batch_calls":4,"batch_statements":9}}

stdout | apps/ingestion/test/publication-caller-retirement.spec.ts > a collected source publishes through exact native owner operations after run approval is retired
{"contract":"card-keepr-operational-log@1","event":"workflow.step.completed","runtime":"ingestion","request":{"id":"publication-2765e95495a99229996b0557af7eb46401f4bf35d77ee904ddeb3ad87cf04e41","method":"WORKFLOW","route":"/workflows/card-keepr-reconciliation"},"status":200,"duration_ms":3,"workflow":{"step":"prepare publication artifacts 11","step_count":1},"retry":{"count":0,"classification":"not_applicable"},"cache":{"status":"unknown"},"d1":{"prepared_statements":15,"batch_calls":4,"batch_statements":8}}

stdout | apps/ingestion/test/publication-caller-retirement.spec.ts > a collected source publishes through exact native owner operations after run approval is retired
{"contract":"card-keepr-operational-log@1","event":"request.completed","runtime":"ingestion","request":{"id":"2664b470-e575-45b6-b76b-9decf4ca9fc1","method":"GET","route":"/v1/game-candidates/:ref/publication-preparation"},"status":200,"duration_ms":1,"workflow":{"step":null},"retry":{"count":0,"classification":"not_applicable"},"cache":{"status":"unknown"},"d1":{"prepared_statements":3,"batch_calls":0,"batch_statements":0}}

stdout | apps/ingestion/test/publication-caller-retirement.spec.ts > a collected source publishes through exact native owner operations after run approval is retired
{"contract":"card-keepr-operational-log@1","event":"request.completed","runtime":"ingestion","request":{"id":"22a2c213-725c-4c98-ade6-64fb7c8c2c7d","method":"POST","route":"/v1/publications/start"},"status":202,"duration_ms":3,"workflow":{"step":null},"retry":{"count":0,"classification":"not_applicable"},"cache":{"status":"unknown"},"d1":{"prepared_statements":4,"batch_calls":0,"batch_statements":0}}

stdout | apps/ingestion/test/publication-caller-retirement.spec.ts > a collected source publishes through exact native owner operations after run approval is retired
{"contract":"card-keepr-operational-log@1","event":"workflow.step.completed","runtime":"ingestion","request":{"id":"switch-bc1a46d4387c21d4959bfb38fec06c2fa788e9506cc5192a275e6d0d805a78ba","method":"WORKFLOW","route":"/workflows/card-keepr-reconciliation"},"status":200,"duration_ms":1,"workflow":{"step":"classify accepted game facts","step_count":1},"retry":{"count":0,"classification":"not_applicable"},"cache":{"status":"unknown"},"d1":{"prepared_statements":1,"batch_calls":0,"batch_statements":0}}

stdout | apps/ingestion/test/publication-caller-retirement.spec.ts > a collected source publishes through exact native owner operations after run approval is retired
{"contract":"card-keepr-operational-log@1","event":"workflow.step.completed","runtime":"ingestion","request":{"id":"switch-bc1a46d4387c21d4959bfb38fec06c2fa788e9506cc5192a275e6d0d805a78ba","method":"WORKFLOW","route":"/workflows/card-keepr-reconciliation"},"status":200,"duration_ms":14,"workflow":{"step":"prepare public export 0","step_count":1},"retry":{"count":0,"classification":"not_applicable"},"cache":{"status":"unknown"},"d1":{"prepared_statements":35,"batch_calls":4,"batch_statements":21}}

stdout | apps/ingestion/test/publication-caller-retirement.spec.ts > a collected source publishes through exact native owner operations after run approval is retired
{"contract":"card-keepr-operational-log@1","event":"workflow.step.completed","runtime":"ingestion","request":{"id":"switch-bc1a46d4387c21d4959bfb38fec06c2fa788e9506cc5192a275e6d0d805a78ba","method":"WORKFLOW","route":"/workflows/card-keepr-reconciliation"},"status":200,"duration_ms":6,"workflow":{"step":"prepare public export 1","step_count":1},"retry":{"count":0,"classification":"not_applicable"},"cache":{"status":"unknown"},"d1":{"prepared_statements":27,"batch_calls":4,"batch_statements":17}}

stdout | apps/ingestion/test/publication-caller-retirement.spec.ts > a collected source publishes through exact native owner operations after run approval is retired
{"contract":"card-keepr-operational-log@1","event":"workflow.step.completed","runtime":"ingestion","request":{"id":"switch-bc1a46d4387c21d4959bfb38fec06c2fa788e9506cc5192a275e6d0d805a78ba","method":"WORKFLOW","route":"/workflows/card-keepr-reconciliation"},"status":200,"duration_ms":4,"workflow":{"step":"prepare public export 2","step_count":1},"retry":{"count":0,"classification":"not_applicable"},"cache":{"status":"unknown"},"d1":{"prepared_statements":13,"batch_calls":4,"batch_statements":9}}

stdout | apps/ingestion/test/publication-caller-retirement.spec.ts > a collected source publishes through exact native owner operations after run approval is retired
{"contract":"card-keepr-operational-log@1","event":"workflow.step.completed","runtime":"ingestion","request":{"id":"switch-bc1a46d4387c21d4959bfb38fec06c2fa788e9506cc5192a275e6d0d805a78ba","method":"WORKFLOW","route":"/workflows/card-keepr-reconciliation"},"status":200,"duration_ms":2,"workflow":{"step":"prepare public export 3","step_count":1},"retry":{"count":0,"classification":"not_applicable"},"cache":{"status":"unknown"},"d1":{"prepared_statements":13,"batch_calls":4,"batch_statements":8}}

stdout | apps/ingestion/test/publication-caller-retirement.spec.ts > a collected source publishes through exact native owner operations after run approval is retired
{"contract":"card-keepr-operational-log@1","event":"workflow.step.completed","runtime":"ingestion","request":{"id":"switch-bc1a46d4387c21d4959bfb38fec06c2fa788e9506cc5192a275e6d0d805a78ba","method":"WORKFLOW","route":"/workflows/card-keepr-reconciliation"},"status":200,"duration_ms":10,"workflow":{"step":"publication switch 3","step_count":1},"retry":{"count":0,"classification":"not_applicable"},"cache":{"status":"unknown"},"d1":{"prepared_statements":45,"batch_calls":3,"batch_statements":20}}

stdout | apps/ingestion/test/publication-caller-retirement.spec.ts > a collected source publishes through exact native owner operations after run approval is retired
{"contract":"card-keepr-operational-log@1","event":"request.completed","runtime":"ingestion","request":{"id":"a9e6bb46-6a7f-46ad-ac3c-913f2ad772a8","method":"GET","route":"/v1/publications/:ref"},"status":200,"duration_ms":0,"workflow":{"step":null},"retry":{"count":0,"classification":"not_applicable"},"cache":{"status":"unknown"},"d1":{"prepared_statements":2,"batch_calls":0,"batch_statements":0}}

stdout | apps/ingestion/test/publication-caller-retirement.spec.ts > a collected source publishes through exact native owner operations after run approval is retired
{"contract":"card-keepr-operational-log@1","event":"workflow.step.completed","runtime":"ingestion","request":{"id":"switch-bc1a46d4387c21d4959bfb38fec06c2fa788e9506cc5192a275e6d0d805a78ba","method":"WORKFLOW","route":"/workflows/card-keepr-reconciliation"},"status":200,"duration_ms":5,"workflow":{"step":"dispatch composition backup","step_count":1},"retry":{"count":0,"classification":"not_applicable"},"cache":{"status":"unknown"},"d1":{"prepared_statements":10,"batch_calls":1,"batch_statements":2}}

stdout | apps/ingestion/test/publication-caller-retirement.spec.ts > a collected source publishes through exact native owner operations after run approval is retired
{"contract":"card-keepr-operational-log@1","event":"request.completed","runtime":"ingestion","request":{"id":"c34ae3d2-11f3-4043-b52c-3ff9bfb40ab7","method":"GET","route":"/v1/backups/:ref"},"status":200,"duration_ms":4,"workflow":{"step":null},"retry":{"count":0,"classification":"not_applicable"},"cache":{"status":"unknown"},"d1":{"prepared_statements":4,"batch_calls":0,"batch_statements":0}}

stdout | apps/ingestion/test/publication-caller-retirement.spec.ts > a collected source publishes through exact native owner operations after run approval is retired
{"contract":"card-keepr-operational-log@1","event":"workflow.step.completed","runtime":"ingestion","request":{"id":"backup-f2ec338ed3cd936533274f309b23c3ca4a5d3940928cc61413f4049e60342bb7","method":"WORKFLOW","route":"/workflows/card-keepr-catalogue-backup"},"status":500,"duration_ms":102,"workflow":{"step":"export, retain, restore, and verify Catalogue D1","step_count":1},"retry":{"count":0,"classification":"retryable"},"cache":{"status":"unknown"},"d1":{"prepared_statements":289,"batch_calls":3,"batch_statements":21}}

stdout | apps/ingestion/test/publication-caller-retirement.spec.ts > a collected source publishes through exact native owner operations after run approval is retired
{"contract":"card-keepr-operational-log@1","event":"request.completed","runtime":"ingestion","request":{"id":"5b7954f7-862e-4164-9b91-b918a271076a","method":"GET","route":"/v1/backups/:ref"},"status":200,"duration_ms":1,"workflow":{"step":null},"retry":{"count":0,"classification":"not_applicable"},"cache":{"status":"unknown"},"d1":{"prepared_statements":4,"batch_calls":0,"batch_statements":0}}

stdout | apps/ingestion/test/publication-caller-retirement.spec.ts > a collected source publishes through exact native owner operations after run approval is retired
{"contract":"card-keepr-operational-log@1","event":"request.completed","runtime":"ingestion","request":{"id":"18590d4d-828d-4b5d-80d3-7a6d7d59485b","method":"GET","route":"/v1/backups/:ref"},"status":200,"duration_ms":2,"workflow":{"step":null},"retry":{"count":0,"classification":"not_applicable"},"cache":{"status":"unknown"},"d1":{"prepared_statements":4,"batch_calls":0,"batch_statements":0}}

stdout | apps/ingestion/test/publication-caller-retirement.spec.ts > a collected source publishes through exact native owner operations after run approval is retired
{"contract":"card-keepr-operational-log@1","event":"request.completed","runtime":"ingestion","request":{"id":"acda9ca7-f515-414b-9195-85a3ee304a02","method":"GET","route":"/v1/backups/:ref"},"status":200,"duration_ms":2,"workflow":{"step":null},"retry":{"count":0,"classification":"not_applicable"},"cache":{"status":"unknown"},"d1":{"prepared_statements":4,"batch_calls":0,"batch_statements":0}}

stdout | apps/ingestion/test/publication-caller-retirement.spec.ts > a collected source publishes through exact native owner operations after run approval is retired
{"contract":"card-keepr-operational-log@1","event":"request.completed","runtime":"ingestion","request":{"id":"8c05591a-96e3-4992-be7e-c13a8076af04","method":"GET","route":"/v1/backups/:ref"},"status":200,"duration_ms":1,"workflow":{"step":null},"retry":{"count":0,"classification":"not_applicable"},"cache":{"status":"unknown"},"d1":{"prepared_statements":4,"batch_calls":0,"batch_statements":0}}

stdout | apps/ingestion/test/publication-caller-retirement.spec.ts > a collected source publishes through exact native owner operations after run approval is retired
{"contract":"card-keepr-operational-log@1","event":"request.completed","runtime":"ingestion","request":{"id":"f4df2b7f-f11f-428f-8248-e08b4dcfaaa5","method":"GET","route":"/v1/backups/:ref"},"status":200,"duration_ms":2,"workflow":{"step":null},"retry":{"count":0,"classification":"not_applicable"},"cache":{"status":"unknown"},"d1":{"prepared_statements":4,"batch_calls":0,"batch_statements":0}}

stdout | apps/ingestion/test/publication-caller-retirement.spec.ts > a collected source publishes through exact native owner operations after run approval is retired
{"contract":"card-keepr-operational-log@1","event":"request.completed","runtime":"ingestion","request":{"id":"1ec2363b-866d-416d-8c94-4a027215f8dd","method":"GET","route":"/v1/backups/:ref"},"status":200,"duration_ms":2,"workflow":{"step":null},"retry":{"count":0,"classification":"not_applicable"},"cache":{"status":"unknown"},"d1":{"prepared_statements":4,"batch_calls":0,"batch_statements":0}}

stdout | apps/ingestion/test/publication-caller-retirement.spec.ts > a collected source publishes through exact native owner operations after run approval is retired
{"contract":"card-keepr-operational-log@1","event":"request.completed","runtime":"ingestion","request":{"id":"37d405f9-0fa4-4939-a25b-1f1899893bb9","method":"GET","route":"/v1/backups/:ref"},"status":200,"duration_ms":3,"workflow":{"step":null},"retry":{"count":0,"classification":"not_applicable"},"cache":{"status":"unknown"},"d1":{"prepared_statements":4,"batch_calls":0,"batch_statements":0}}

stdout | apps/ingestion/test/publication-caller-retirement.spec.ts > a collected source publishes through exact native owner operations after run approval is retired
{"contract":"card-keepr-operational-log@1","event":"request.completed","runtime":"ingestion","request":{"id":"6cef328d-e0d6-4011-bc27-b18aba627890","method":"GET","route":"/v1/backups/:ref"},"status":200,"duration_ms":2,"workflow":{"step":null},"retry":{"count":0,"classification":"not_applicable"},"cache":{"status":"unknown"},"d1":{"prepared_statements":4,"batch_calls":0,"batch_statements":0}}

stdout | apps/ingestion/test/publication-caller-retirement.spec.ts > a collected source publishes through exact native owner operations after run approval is retired
{"contract":"card-keepr-operational-log@1","event":"request.completed","runtime":"ingestion","request":{"id":"377d00f1-638d-4ada-a682-9a1f90c4950b","method":"GET","route":"/v1/backups/:ref"},"status":200,"duration_ms":2,"workflow":{"step":null},"retry":{"count":0,"classification":"not_applicable"},"cache":{"status":"unknown"},"d1":{"prepared_statements":4,"batch_calls":0,"batch_statements":0}}

stdout | apps/ingestion/test/publication-caller-retirement.spec.ts > a collected source publishes through exact native owner operations after run approval is retired
{"contract":"card-keepr-operational-log@1","event":"request.completed","runtime":"ingestion","request":{"id":"6fa2b02e-3bba-4f85-b3df-0bb443825b53","method":"GET","route":"/v1/backups/:ref"},"status":200,"duration_ms":4,"workflow":{"step":null},"retry":{"count":0,"classification":"not_applicable"},"cache":{"status":"unknown"},"d1":{"prepared_statements":4,"batch_calls":0,"batch_statements":0}}

stdout | apps/ingestion/test/publication-caller-retirement.spec.ts > a collected source publishes through exact native owner operations after run approval is retired
{"contract":"card-keepr-operational-log@1","event":"request.completed","runtime":"ingestion","request":{"id":"063e5620-1c53-4f5a-b796-5a84feb70f47","method":"GET","route":"/v1/backups/:ref"},"status":200,"duration_ms":3,"workflow":{"step":null},"retry":{"count":0,"classification":"not_applicable"},"cache":{"status":"unknown"},"d1":{"prepared_statements":4,"batch_calls":0,"batch_statements":0}}

stdout | apps/ingestion/test/publication-caller-retirement.spec.ts > a collected source publishes through exact native owner operations after run approval is retired
{"contract":"card-keepr-operational-log@1","event":"request.completed","runtime":"ingestion","request":{"id":"7bbb507e-8527-4a4b-8f10-df461674f209","method":"GET","route":"/v1/backups/:ref"},"status":200,"duration_ms":2,"workflow":{"step":null},"retry":{"count":0,"classification":"not_applicable"},"cache":{"status":"unknown"},"d1":{"prepared_statements":4,"batch_calls":0,"batch_statements":0}}

stdout | apps/ingestion/test/publication-caller-retirement.spec.ts > a collected source publishes through exact native owner operations after run approval is retired
{"contract":"card-keepr-operational-log@1","event":"request.completed","runtime":"ingestion","request":{"id":"fa0f650c-6159-414c-87c4-e1855be69daf","method":"GET","route":"/v1/backups/:ref"},"status":200,"duration_ms":3,"workflow":{"step":null},"retry":{"count":0,"classification":"not_applicable"},"cache":{"status":"unknown"},"d1":{"prepared_statements":4,"batch_calls":0,"batch_statements":0}}

stdout | apps/ingestion/test/publication-caller-retirement.spec.ts > a collected source publishes through exact native owner operations after run approval is retired
{"contract":"card-keepr-operational-log@1","event":"request.completed","runtime":"ingestion","request":{"id":"9cfab5e8-7c58-4018-b7f7-7e593a31a876","method":"GET","route":"/v1/backups/:ref"},"status":200,"duration_ms":5,"workflow":{"step":null},"retry":{"count":0,"classification":"not_applicable"},"cache":{"status":"unknown"},"d1":{"prepared_statements":4,"batch_calls":0,"batch_statements":0}}

stdout | apps/ingestion/test/publication-caller-retirement.spec.ts > a collected source publishes through exact native owner operations after run approval is retired
{"contract":"card-keepr-operational-log@1","event":"request.completed","runtime":"ingestion","request":{"id":"4c1b611d-94d0-4164-93b9-2e1771a968a8","method":"GET","route":"/v1/backups/:ref"},"status":200,"duration_ms":5,"workflow":{"step":null},"retry":{"count":0,"classification":"not_applicable"},"cache":{"status":"unknown"},"d1":{"prepared_statements":4,"batch_calls":0,"batch_statements":0}}

stdout | apps/ingestion/test/publication-caller-retirement.spec.ts > a collected source publishes through exact native owner operations after run approval is retired
{"contract":"card-keepr-operational-log@1","event":"request.completed","runtime":"ingestion","request":{"id":"c01b168a-d81e-4098-98f3-d8bfe6eecd89","method":"GET","route":"/v1/backups/:ref"},"status":200,"duration_ms":2,"workflow":{"step":null},"retry":{"count":0,"classification":"not_applicable"},"cache":{"status":"unknown"},"d1":{"prepared_statements":4,"batch_calls":0,"batch_statements":0}}

stdout | apps/ingestion/test/publication-caller-retirement.spec.ts > a collected source publishes through exact native owner operations after run approval is retired
{"contract":"card-keepr-operational-log@1","event":"request.completed","runtime":"ingestion","request":{"id":"6fd30cc2-9cd4-453f-a2e5-f930c18ad588","method":"GET","route":"/v1/backups/:ref"},"status":200,"duration_ms":3,"workflow":{"step":null},"retry":{"count":0,"classification":"not_applicable"},"cache":{"status":"unknown"},"d1":{"prepared_statements":4,"batch_calls":0,"batch_statements":0}}

stdout | apps/ingestion/test/publication-caller-retirement.spec.ts > a collected source publishes through exact native owner operations after run approval is retired
{"contract":"card-keepr-operational-log@1","event":"workflow.step.completed","runtime":"ingestion","request":{"id":"backup-f2ec338ed3cd936533274f309b23c3ca4a5d3940928cc61413f4049e60342bb7","method":"WORKFLOW","route":"/workflows/card-keepr-catalogue-backup"},"status":500,"duration_ms":119,"workflow":{"step":"export, retain, restore, and verify Catalogue D1","step_count":1},"retry":{"count":1,"classification":"retryable"},"cache":{"status":"unknown"},"d1":{"prepared_statements":286,"batch_calls":2,"batch_statements":18}}

stdout | apps/ingestion/test/publication-caller-retirement.spec.ts > a collected source publishes through exact native owner operations after run approval is retired
{"contract":"card-keepr-operational-log@1","event":"request.completed","runtime":"ingestion","request":{"id":"569d9a21-aaf4-4198-943b-0a35d0d79fc0","method":"GET","route":"/v1/backups/:ref"},"status":200,"duration_ms":2,"workflow":{"step":null},"retry":{"count":0,"classification":"not_applicable"},"cache":{"status":"unknown"},"d1":{"prepared_statements":4,"batch_calls":0,"batch_statements":0}}

stdout | apps/ingestion/test/publication-caller-retirement.spec.ts > a collected source publishes through exact native owner operations after run approval is retired
{"contract":"card-keepr-operational-log@1","event":"request.completed","runtime":"ingestion","request":{"id":"53bb4590-95b5-4dd4-b934-714a335f70b0","method":"GET","route":"/v1/backups/:ref"},"status":200,"duration_ms":2,"workflow":{"step":null},"retry":{"count":0,"classification":"not_applicable"},"cache":{"status":"unknown"},"d1":{"prepared_statements":4,"batch_calls":0,"batch_statements":0}}

stdout | apps/ingestion/test/publication-caller-retirement.spec.ts > a collected source publishes through exact native owner operations after run approval is retired
{"contract":"card-keepr-operational-log@1","event":"request.completed","runtime":"ingestion","request":{"id":"d4e898d2-24ee-4385-aca9-272ee4778d9a","method":"GET","route":"/v1/backups/:ref"},"status":200,"duration_ms":1,"workflow":{"step":null},"retry":{"count":0,"classification":"not_applicable"},"cache":{"status":"unknown"},"d1":{"prepared_statements":4,"batch_calls":0,"batch_statements":0}}

stdout | apps/ingestion/test/publication-caller-retirement.spec.ts > a collected source publishes through exact native owner operations after run approval is retired
{"contract":"card-keepr-operational-log@1","event":"request.completed","runtime":"ingestion","request":{"id":"e39a1f6b-666c-4d7e-86f1-edeeb6051713","method":"GET","route":"/v1/backups/:ref"},"status":200,"duration_ms":2,"workflow":{"step":null},"retry":{"count":0,"classification":"not_applicable"},"cache":{"status":"unknown"},"d1":{"prepared_statements":4,"batch_calls":0,"batch_statements":0}}

stdout | apps/ingestion/test/publication-caller-retirement.spec.ts > a collected source publishes through exact native owner operations after run approval is retired
{"contract":"card-keepr-operational-log@1","event":"request.completed","runtime":"ingestion","request":{"id":"0bac99d5-d3db-48ea-a13c-b1c72a5a2d71","method":"GET","route":"/v1/backups/:ref"},"status":200,"duration_ms":2,"workflow":{"step":null},"retry":{"count":0,"classification":"not_applicable"},"cache":{"status":"unknown"},"d1":{"prepared_statements":4,"batch_calls":0,"batch_statements":0}}

stdout | apps/ingestion/test/publication-caller-retirement.spec.ts > a collected source publishes through exact native owner operations after run approval is retired
{"contract":"card-keepr-operational-log@1","event":"request.completed","runtime":"ingestion","request":{"id":"365da8a1-c36f-449d-a8b6-6fd9ecf96d7a","method":"GET","route":"/v1/backups/:ref"},"status":200,"duration_ms":2,"workflow":{"step":null},"retry":{"count":0,"classification":"not_applicable"},"cache":{"status":"unknown"},"d1":{"prepared_statements":4,"batch_calls":0,"batch_statements":0}}

stdout | apps/ingestion/test/publication-caller-retirement.spec.ts > a collected source publishes through exact native owner operations after run approval is retired
{"contract":"card-keepr-operational-log@1","event":"request.completed","runtime":"ingestion","request":{"id":"7ea82de1-ac30-4d96-91f4-072dbb90f93a","method":"GET","route":"/v1/backups/:ref"},"status":200,"duration_ms":1,"workflow":{"step":null},"retry":{"count":0,"classification":"not_applicable"},"cache":{"status":"unknown"},"d1":{"prepared_statements":4,"batch_calls":0,"batch_statements":0}}

stdout | apps/ingestion/test/publication-caller-retirement.spec.ts > a collected source publishes through exact native owner operations after run approval is retired
{"contract":"card-keepr-operational-log@1","event":"request.completed","runtime":"ingestion","request":{"id":"4b43be78-54fb-4b1a-bb7a-504eb1e0f3fd","method":"GET","route":"/v1/backups/:ref"},"status":200,"duration_ms":2,"workflow":{"step":null},"retry":{"count":0,"classification":"not_applicable"},"cache":{"status":"unknown"},"d1":{"prepared_statements":4,"batch_calls":0,"batch_statements":0}}

stdout | apps/ingestion/test/publication-caller-retirement.spec.ts > a collected source publishes through exact native owner operations after run approval is retired
{"contract":"card-keepr-operational-log@1","event":"request.completed","runtime":"ingestion","request":{"id":"cdc7a04d-d9e4-40f6-b57b-6e95645e8574","method":"GET","route":"/v1/backups/:ref"},"status":200,"duration_ms":2,"workflow":{"step":null},"retry":{"count":0,"classification":"not_applicable"},"cache":{"status":"unknown"},"d1":{"prepared_statements":4,"batch_calls":0,"batch_statements":0}}

stdout | apps/ingestion/test/publication-caller-retirement.spec.ts > a collected source publishes through exact native owner operations after run approval is retired
{"contract":"card-keepr-operational-log@1","event":"request.completed","runtime":"ingestion","request":{"id":"2b79e85a-5a94-4465-ba6d-838003780dcd","method":"GET","route":"/v1/backups/:ref"},"status":200,"duration_ms":2,"workflow":{"step":null},"retry":{"count":0,"classification":"not_applicable"},"cache":{"status":"unknown"},"d1":{"prepared_statements":4,"batch_calls":0,"batch_statements":0}}

stdout | apps/ingestion/test/publication-caller-retirement.spec.ts > a collected source publishes through exact native owner operations after run approval is retired
{"contract":"card-keepr-operational-log@1","event":"request.completed","runtime":"ingestion","request":{"id":"75a8ecb4-f1e3-46c1-8bc3-c39639c4eef9","method":"GET","route":"/v1/backups/:ref"},"status":200,"duration_ms":2,"workflow":{"step":null},"retry":{"count":0,"classification":"not_applicable"},"cache":{"status":"unknown"},"d1":{"prepared_statements":4,"batch_calls":0,"batch_statements":0}}

stdout | apps/ingestion/test/publication-caller-retirement.spec.ts > a collected source publishes through exact native owner operations after run approval is retired
{"contract":"card-keepr-operational-log@1","event":"request.completed","runtime":"ingestion","request":{"id":"69da20b1-85a7-4522-84ff-d749bddf3be3","method":"GET","route":"/v1/backups/:ref"},"status":200,"duration_ms":2,"workflow":{"step":null},"retry":{"count":0,"classification":"not_applicable"},"cache":{"status":"unknown"},"d1":{"prepared_statements":4,"batch_calls":0,"batch_statements":0}}

stdout | apps/ingestion/test/publication-caller-retirement.spec.ts > a collected source publishes through exact native owner operations after run approval is retired
{"contract":"card-keepr-operational-log@1","event":"request.completed","runtime":"ingestion","request":{"id":"c92dd88f-c4fe-49ef-9821-c2335409f37e","method":"GET","route":"/v1/backups/:ref"},"status":200,"duration_ms":3,"workflow":{"step":null},"retry":{"count":0,"classification":"not_applicable"},"cache":{"status":"unknown"},"d1":{"prepared_statements":4,"batch_calls":0,"batch_statements":0}}

stdout | apps/ingestion/test/publication-caller-retirement.spec.ts > a collected source publishes through exact native owner operations after run approval is retired
{"contract":"card-keepr-operational-log@1","event":"request.completed","runtime":"ingestion","request":{"id":"d2fa52f3-29f7-47bc-861e-01926ab9fa1f","method":"GET","route":"/v1/backups/:ref"},"status":200,"duration_ms":3,"workflow":{"step":null},"retry":{"count":0,"classification":"not_applicable"},"cache":{"status":"unknown"},"d1":{"prepared_statements":4,"batch_calls":0,"batch_statements":0}}

stdout | apps/ingestion/test/publication-caller-retirement.spec.ts > a collected source publishes through exact native owner operations after run approval is retired
{"contract":"card-keepr-operational-log@1","event":"request.completed","runtime":"ingestion","request":{"id":"090b585d-4b2a-42ff-b1d4-195fa91d45e1","method":"GET","route":"/v1/backups/:ref"},"status":200,"duration_ms":2,"workflow":{"step":null},"retry":{"count":0,"classification":"not_applicable"},"cache":{"status":"unknown"},"d1":{"prepared_statements":4,"batch_calls":0,"batch_statements":0}}

stdout | apps/ingestion/test/publication-caller-retirement.spec.ts > a collected source publishes through exact native owner operations after run approval is retired
{"contract":"card-keepr-operational-log@1","event":"request.completed","runtime":"ingestion","request":{"id":"4fbfd3f7-e21d-4f4b-a194-aa6e9ff27a2b","method":"GET","route":"/v1/backups/:ref"},"status":200,"duration_ms":3,"workflow":{"step":null},"retry":{"count":0,"classification":"not_applicable"},"cache":{"status":"unknown"},"d1":{"prepared_statements":4,"batch_calls":0,"batch_statements":0}}

stdout | apps/ingestion/test/publication-caller-retirement.spec.ts > a collected source publishes through exact native owner operations after run approval is retired
{"contract":"card-keepr-operational-log@1","event":"request.completed","runtime":"ingestion","request":{"id":"a1c7fbcd-8e4a-4932-a510-679122eddbad","method":"GET","route":"/v1/backups/:ref"},"status":200,"duration_ms":4,"workflow":{"step":null},"retry":{"count":0,"classification":"not_applicable"},"cache":{"status":"unknown"},"d1":{"prepared_statements":4,"batch_calls":0,"batch_statements":0}}

stdout | apps/ingestion/test/publication-caller-retirement.spec.ts > a collected source publishes through exact native owner operations after run approval is retired
{"contract":"card-keepr-operational-log@1","event":"request.completed","runtime":"ingestion","request":{"id":"e70c1979-194a-404e-bf29-3ec343535cd7","method":"GET","route":"/v1/backups/:ref"},"status":200,"duration_ms":3,"workflow":{"step":null},"retry":{"count":0,"classification":"not_applicable"},"cache":{"status":"unknown"},"d1":{"prepared_statements":4,"batch_calls":0,"batch_statements":0}}

stdout | apps/ingestion/test/publication-caller-retirement.spec.ts > a collected source publishes through exact native owner operations after run approval is retired
{"contract":"card-keepr-operational-log@1","event":"request.completed","runtime":"ingestion","request":{"id":"a156967d-0737-4296-991d-600fa81dd1bb","method":"GET","route":"/v1/backups/:ref"},"status":200,"duration_ms":2,"workflow":{"step":null},"retry":{"count":0,"classification":"not_applicable"},"cache":{"status":"unknown"},"d1":{"prepared_statements":4,"batch_calls":0,"batch_statements":0}}

stdout | apps/ingestion/test/publication-caller-retirement.spec.ts > a collected source publishes through exact native owner operations after run approval is retired
{"contract":"card-keepr-operational-log@1","event":"request.completed","runtime":"ingestion","request":{"id":"11fe6638-0323-4801-ad07-e3c0ab57b7f7","method":"GET","route":"/v1/backups/:ref"},"status":200,"duration_ms":1,"workflow":{"step":null},"retry":{"count":0,"classification":"not_applicable"},"cache":{"status":"unknown"},"d1":{"prepared_statements":4,"batch_calls":0,"batch_statements":0}}

stdout | apps/ingestion/test/publication-caller-retirement.spec.ts > a collected source publishes through exact native owner operations after run approval is retired
{"contract":"card-keepr-operational-log@1","event":"request.completed","runtime":"ingestion","request":{"id":"2628f5ab-b4b4-4d5f-bbd7-239158bcb743","method":"GET","route":"/v1/backups/:ref"},"status":200,"duration_ms":4,"workflow":{"step":null},"retry":{"count":0,"classification":"not_applicable"},"cache":{"status":"unknown"},"d1":{"prepared_statements":4,"batch_calls":0,"batch_statements":0}}

stdout | apps/ingestion/test/publication-caller-retirement.spec.ts > a collected source publishes through exact native owner operations after run approval is retired
{"contract":"card-keepr-operational-log@1","event":"request.completed","runtime":"ingestion","request":{"id":"b5edb3cd-9244-4c82-b6b5-1482b6062333","method":"GET","route":"/v1/backups/:ref"},"status":200,"duration_ms":3,"workflow":{"step":null},"retry":{"count":0,"classification":"not_applicable"},"cache":{"status":"unknown"},"d1":{"prepared_statements":4,"batch_calls":0,"batch_statements":0}}

stdout | apps/ingestion/test/publication-caller-retirement.spec.ts > a collected source publishes through exact native owner operations after run approval is retired
{"contract":"card-keepr-operational-log@1","event":"request.completed","runtime":"ingestion","request":{"id":"9b09cc9a-d1fb-4996-803d-aa3024e3fadc","method":"GET","route":"/v1/backups/:ref"},"status":200,"duration_ms":2,"workflow":{"step":null},"retry":{"count":0,"classification":"not_applicable"},"cache":{"status":"unknown"},"d1":{"prepared_statements":4,"batch_calls":0,"batch_statements":0}}

stdout | apps/ingestion/test/publication-caller-retirement.spec.ts > a collected source publishes through exact native owner operations after run approval is retired
{"contract":"card-keepr-operational-log@1","event":"request.completed","runtime":"ingestion","request":{"id":"80d8af19-e105-40d3-9546-6e9a9431c4d4","method":"GET","route":"/v1/backups/:ref"},"status":200,"duration_ms":1,"workflow":{"step":null},"retry":{"count":0,"classification":"not_applicable"},"cache":{"status":"unknown"},"d1":{"prepared_statements":4,"batch_calls":0,"batch_statements":0}}

stdout | apps/ingestion/test/publication-caller-retirement.spec.ts > a collected source publishes through exact native owner operations after run approval is retired
{"contract":"card-keepr-operational-log@1","event":"request.completed","runtime":"ingestion","request":{"id":"9e376ea9-427f-4cf5-8f6e-462102fe46d5","method":"GET","route":"/v1/backups/:ref"},"status":200,"duration_ms":2,"workflow":{"step":null},"retry":{"count":0,"classification":"not_applicable"},"cache":{"status":"unknown"},"d1":{"prepared_statements":4,"batch_calls":0,"batch_statements":0}}

stdout | apps/ingestion/test/publication-caller-retirement.spec.ts > a collected source publishes through exact native owner operations after run approval is retired
{"contract":"card-keepr-operational-log@1","event":"request.completed","runtime":"ingestion","request":{"id":"5dcbd299-9aa1-4ae9-8356-8dcfe6a75a83","method":"GET","route":"/v1/backups/:ref"},"status":200,"duration_ms":3,"workflow":{"step":null},"retry":{"count":0,"classification":"not_applicable"},"cache":{"status":"unknown"},"d1":{"prepared_statements":4,"batch_calls":0,"batch_statements":0}}

stdout | apps/ingestion/test/publication-caller-retirement.spec.ts > a collected source publishes through exact native owner operations after run approval is retired
{"contract":"card-keepr-operational-log@1","event":"request.completed","runtime":"ingestion","request":{"id":"fc19795e-93c6-4e2d-97cd-9db0bcef5fa1","method":"GET","route":"/v1/backups/:ref"},"status":200,"duration_ms":2,"workflow":{"step":null},"retry":{"count":0,"classification":"not_applicable"},"cache":{"status":"unknown"},"d1":{"prepared_statements":4,"batch_calls":0,"batch_statements":0}}

stdout | apps/ingestion/test/publication-caller-retirement.spec.ts > a collected source publishes through exact native owner operations after run approval is retired
{"contract":"card-keepr-operational-log@1","event":"request.completed","runtime":"ingestion","request":{"id":"551644e0-6e5b-4ae4-872a-71c75654397e","method":"GET","route":"/v1/backups/:ref"},"status":200,"duration_ms":2,"workflow":{"step":null},"retry":{"count":0,"classification":"not_applicable"},"cache":{"status":"unknown"},"d1":{"prepared_statements":4,"batch_calls":0,"batch_statements":0}}

stdout | apps/ingestion/test/publication-caller-retirement.spec.ts > a collected source publishes through exact native owner operations after run approval is retired
{"contract":"card-keepr-operational-log@1","event":"request.completed","runtime":"ingestion","request":{"id":"ae94442c-820b-4595-91e7-ddb94f2d6509","method":"GET","route":"/v1/backups/:ref"},"status":200,"duration_ms":2,"workflow":{"step":null},"retry":{"count":0,"classification":"not_applicable"},"cache":{"status":"unknown"},"d1":{"prepared_statements":4,"batch_calls":0,"batch_statements":0}}

stdout | apps/ingestion/test/publication-caller-retirement.spec.ts > a collected source publishes through exact native owner operations after run approval is retired
{"contract":"card-keepr-operational-log@1","event":"request.completed","runtime":"ingestion","request":{"id":"fd8cd364-9fc8-4ac3-8b5b-a673964f46c6","method":"GET","route":"/v1/backups/:ref"},"status":200,"duration_ms":3,"workflow":{"step":null},"retry":{"count":0,"classification":"not_applicable"},"cache":{"status":"unknown"},"d1":{"prepared_statements":4,"batch_calls":0,"batch_statements":0}}

stdout | apps/ingestion/test/publication-caller-retirement.spec.ts > a collected source publishes through exact native owner operations after run approval is retired
{"contract":"card-keepr-operational-log@1","event":"request.completed","runtime":"ingestion","request":{"id":"1d98965c-444a-4ef6-b572-d5baa5b53b8d","method":"GET","route":"/v1/backups/:ref"},"status":200,"duration_ms":2,"workflow":{"step":null},"retry":{"count":0,"classification":"not_applicable"},"cache":{"status":"unknown"},"d1":{"prepared_statements":4,"batch_calls":0,"batch_statements":0}}

stdout | apps/ingestion/test/publication-caller-retirement.spec.ts > a collected source publishes through exact native owner operations after run approval is retired
{"contract":"card-keepr-operational-log@1","event":"request.completed","runtime":"ingestion","request":{"id":"e3e8e4d2-45a0-4f89-931f-aa1fa52e21e8","method":"GET","route":"/v1/backups/:ref"},"status":200,"duration_ms":2,"workflow":{"step":null},"retry":{"count":0,"classification":"not_applicable"},"cache":{"status":"unknown"},"d1":{"prepared_statements":4,"batch_calls":0,"batch_statements":0}}

stdout | apps/ingestion/test/publication-caller-retirement.spec.ts > a collected source publishes through exact native owner operations after run approval is retired
{"contract":"card-keepr-operational-log@1","event":"request.completed","runtime":"ingestion","request":{"id":"1b0fd047-4f63-4af9-ac9b-6d10f2f447e4","method":"GET","route":"/v1/backups/:ref"},"status":200,"duration_ms":2,"workflow":{"step":null},"retry":{"count":0,"classification":"not_applicable"},"cache":{"status":"unknown"},"d1":{"prepared_statements":4,"batch_calls":0,"batch_statements":0}}

stdout | apps/ingestion/test/publication-caller-retirement.spec.ts > a collected source publishes through exact native owner operations after run approval is retired
{"contract":"card-keepr-operational-log@1","event":"workflow.step.completed","runtime":"ingestion","request":{"id":"backup-f2ec338ed3cd936533274f309b23c3ca4a5d3940928cc61413f4049e60342bb7","method":"WORKFLOW","route":"/workflows/card-keepr-catalogue-backup"},"status":500,"duration_ms":106,"workflow":{"step":"export, retain, restore, and verify Catalogue D1","step_count":1},"retry":{"count":2,"classification":"retryable"},"cache":{"status":"unknown"},"d1":{"prepared_statements":286,"batch_calls":2,"batch_statements":18}}

stdout | apps/ingestion/test/publication-caller-retirement.spec.ts > a collected source publishes through exact native owner operations after run approval is retired
{"contract":"card-keepr-operational-log@1","event":"request.completed","runtime":"ingestion","request":{"id":"91a8f58d-b69f-43e7-b5cf-24a75d304be8","method":"GET","route":"/v1/backups/:ref"},"status":200,"duration_ms":2,"workflow":{"step":null},"retry":{"count":0,"classification":"not_applicable"},"cache":{"status":"unknown"},"d1":{"prepared_statements":4,"batch_calls":0,"batch_statements":0}}

stdout | apps/ingestion/test/publication-caller-retirement.spec.ts > a collected source publishes through exact native owner operations after run approval is retired
{"contract":"card-keepr-operational-log@1","event":"request.completed","runtime":"ingestion","request":{"id":"5fdc758a-f722-43c3-a90f-3af4c9d7e50a","method":"GET","route":"/v1/backups/:ref"},"status":200,"duration_ms":2,"workflow":{"step":null},"retry":{"count":0,"classification":"not_applicable"},"cache":{"status":"unknown"},"d1":{"prepared_statements":4,"batch_calls":0,"batch_statements":0}}

stdout | apps/ingestion/test/publication-caller-retirement.spec.ts > a collected source publishes through exact native owner operations after run approval is retired
{"contract":"card-keepr-operational-log@1","event":"request.completed","runtime":"ingestion","request":{"id":"71b2c3f9-aaf9-4b46-8b16-0cd215c0b029","method":"GET","route":"/v1/backups/:ref"},"status":200,"duration_ms":1,"workflow":{"step":null},"retry":{"count":0,"classification":"not_applicable"},"cache":{"status":"unknown"},"d1":{"prepared_statements":4,"batch_calls":0,"batch_statements":0}}

stdout | apps/ingestion/test/publication-caller-retirement.spec.ts > a collected source publishes through exact native owner operations after run approval is retired
{"contract":"card-keepr-operational-log@1","event":"request.completed","runtime":"ingestion","request":{"id":"8235092c-23e3-4fc5-9644-33cc75748ff7","method":"GET","route":"/v1/backups/:ref"},"status":200,"duration_ms":1,"workflow":{"step":null},"retry":{"count":0,"classification":"not_applicable"},"cache":{"status":"unknown"},"d1":{"prepared_statements":4,"batch_calls":0,"batch_statements":0}}

stdout | apps/ingestion/test/publication-caller-retirement.spec.ts > a collected source publishes through exact native owner operations after run approval is retired
{"contract":"card-keepr-operational-log@1","event":"request.completed","runtime":"ingestion","request":{"id":"0a4830cb-48b7-4b7e-8673-c1e106a6b776","method":"GET","route":"/v1/backups/:ref"},"status":200,"duration_ms":5,"workflow":{"step":null},"retry":{"count":0,"classification":"not_applicable"},"cache":{"status":"unknown"},"d1":{"prepared_statements":4,"batch_calls":0,"batch_statements":0}}

stdout | apps/ingestion/test/publication-caller-retirement.spec.ts > a collected source publishes through exact native owner operations after run approval is retired
{"contract":"card-keepr-operational-log@1","event":"request.completed","runtime":"ingestion","request":{"id":"0d9b9774-2c14-4981-a0d3-129563073c43","method":"GET","route":"/v1/backups/:ref"},"status":200,"duration_ms":3,"workflow":{"step":null},"retry":{"count":0,"classification":"not_applicable"},"cache":{"status":"unknown"},"d1":{"prepared_statements":4,"batch_calls":0,"batch_statements":0}}

stdout | apps/ingestion/test/publication-caller-retirement.spec.ts > a collected source publishes through exact native owner operations after run approval is retired
{"contract":"card-keepr-operational-log@1","event":"request.completed","runtime":"ingestion","request":{"id":"855e3a63-3ec9-4d15-9247-42a248155951","method":"GET","route":"/v1/backups/:ref"},"status":200,"duration_ms":2,"workflow":{"step":null},"retry":{"count":0,"classification":"not_applicable"},"cache":{"status":"unknown"},"d1":{"prepared_statements":4,"batch_calls":0,"batch_statements":0}}

stdout | apps/ingestion/test/publication-caller-retirement.spec.ts > a collected source publishes through exact native owner operations after run approval is retired
{"contract":"card-keepr-operational-log@1","event":"request.completed","runtime":"ingestion","request":{"id":"3595abd0-265f-49e5-9ac7-32a5a935d5bc","method":"GET","route":"/v1/backups/:ref"},"status":200,"duration_ms":2,"workflow":{"step":null},"retry":{"count":0,"classification":"not_applicable"},"cache":{"status":"unknown"},"d1":{"prepared_statements":4,"batch_calls":0,"batch_statements":0}}

stdout | apps/ingestion/test/publication-caller-retirement.spec.ts > a collected source publishes through exact native owner operations after run approval is retired
{"contract":"card-keepr-operational-log@1","event":"request.completed","runtime":"ingestion","request":{"id":"54c64fab-e9f7-4bef-9bf2-7f53056a40a1","method":"GET","route":"/v1/backups/:ref"},"status":200,"duration_ms":3,"workflow":{"step":null},"retry":{"count":0,"classification":"not_applicable"},"cache":{"status":"unknown"},"d1":{"prepared_statements":4,"batch_calls":0,"batch_statements":0}}

stdout | apps/ingestion/test/publication-caller-retirement.spec.ts > a collected source publishes through exact native owner operations after run approval is retired
{"contract":"card-keepr-operational-log@1","event":"request.completed","runtime":"ingestion","request":{"id":"12c5f42b-7d03-4836-9a9e-73827dfb8d15","method":"GET","route":"/v1/backups/:ref"},"status":200,"duration_ms":2,"workflow":{"step":null},"retry":{"count":0,"classification":"not_applicable"},"cache":{"status":"unknown"},"d1":{"prepared_statements":4,"batch_calls":0,"batch_statements":0}}

stdout | apps/ingestion/test/publication-caller-retirement.spec.ts > a collected source publishes through exact native owner operations after run approval is retired
{"contract":"card-keepr-operational-log@1","event":"request.completed","runtime":"ingestion","request":{"id":"30218a07-9ecd-4246-ac73-03d44c8544d4","method":"GET","route":"/v1/backups/:ref"},"status":200,"duration_ms":2,"workflow":{"step":null},"retry":{"count":0,"classification":"not_applicable"},"cache":{"status":"unknown"},"d1":{"prepared_statements":4,"batch_calls":0,"batch_statements":0}}

stdout | apps/ingestion/test/publication-caller-retirement.spec.ts > a collected source publishes through exact native owner operations after run approval is retired
{"contract":"card-keepr-operational-log@1","event":"request.completed","runtime":"ingestion","request":{"id":"0472675e-732b-4739-b4fd-9dd74188e55f","method":"GET","route":"/v1/backups/:ref"},"status":200,"duration_ms":5,"workflow":{"step":null},"retry":{"count":0,"classification":"not_applicable"},"cache":{"status":"unknown"},"d1":{"prepared_statements":4,"batch_calls":0,"batch_statements":0}}

stdout | apps/ingestion/test/publication-caller-retirement.spec.ts > a collected source publishes through exact native owner operations after run approval is retired
{"contract":"card-keepr-operational-log@1","event":"request.completed","runtime":"ingestion","request":{"id":"1e98bfcb-a750-4081-be38-0642f4e74b47","method":"GET","route":"/v1/backups/:ref"},"status":200,"duration_ms":4,"workflow":{"step":null},"retry":{"count":0,"classification":"not_applicable"},"cache":{"status":"unknown"},"d1":{"prepared_statements":4,"batch_calls":0,"batch_statements":0}}

stdout | apps/ingestion/test/publication-caller-retirement.spec.ts > a collected source publishes through exact native owner operations after run approval is retired
{"contract":"card-keepr-operational-log@1","event":"request.completed","runtime":"ingestion","request":{"id":"edd06a60-3d95-480d-a4bd-a0f14db6c5f0","method":"GET","route":"/v1/backups/:ref"},"status":200,"duration_ms":3,"workflow":{"step":null},"retry":{"count":0,"classification":"not_applicable"},"cache":{"status":"unknown"},"d1":{"prepared_statements":4,"batch_calls":0,"batch_statements":0}}

stdout | apps/ingestion/test/publication-caller-retirement.spec.ts > a collected source publishes through exact native owner operations after run approval is retired
{"contract":"card-keepr-operational-log@1","event":"request.completed","runtime":"ingestion","request":{"id":"ebb61a66-41f9-4e3a-8c7c-fdf509dfe2df","method":"GET","route":"/v1/backups/:ref"},"status":200,"duration_ms":4,"workflow":{"step":null},"retry":{"count":0,"classification":"not_applicable"},"cache":{"status":"unknown"},"d1":{"prepared_statements":4,"batch_calls":0,"batch_statements":0}}

stdout | apps/ingestion/test/publication-caller-retirement.spec.ts > a collected source publishes through exact native owner operations after run approval is retired
{"contract":"card-keepr-operational-log@1","event":"request.completed","runtime":"ingestion","request":{"id":"22eb6769-69d5-4eda-8361-1da1c2dcc5e8","method":"GET","route":"/v1/backups/:ref"},"status":200,"duration_ms":2,"workflow":{"step":null},"retry":{"count":0,"classification":"not_applicable"},"cache":{"status":"unknown"},"d1":{"prepared_statements":4,"batch_calls":0,"batch_statements":0}}

stdout | apps/ingestion/test/publication-caller-retirement.spec.ts > a collected source publishes through exact native owner operations after run approval is retired
{"contract":"card-keepr-operational-log@1","event":"request.completed","runtime":"ingestion","request":{"id":"bb2aa219-e1af-4dd3-861d-e5d5fd1931a4","method":"GET","route":"/v1/backups/:ref"},"status":200,"duration_ms":5,"workflow":{"step":null},"retry":{"count":0,"classification":"not_applicable"},"cache":{"status":"unknown"},"d1":{"prepared_statements":4,"batch_calls":0,"batch_statements":0}}

stdout | apps/ingestion/test/publication-caller-retirement.spec.ts > a collected source publishes through exact native owner operations after run approval is retired
{"contract":"card-keepr-operational-log@1","event":"request.completed","runtime":"ingestion","request":{"id":"69c65db9-3d38-4025-afb3-da291dc78a16","method":"GET","route":"/v1/backups/:ref"},"status":200,"duration_ms":3,"workflow":{"step":null},"retry":{"count":0,"classification":"not_applicable"},"cache":{"status":"unknown"},"d1":{"prepared_statements":4,"batch_calls":0,"batch_statements":0}}

stdout | apps/ingestion/test/publication-caller-retirement.spec.ts > a collected source publishes through exact native owner operations after run approval is retired
{"contract":"card-keepr-operational-log@1","event":"request.completed","runtime":"ingestion","request":{"id":"b2458c23-2659-4b67-9bca-ff0d01d6b928","method":"GET","route":"/v1/backups/:ref"},"status":200,"duration_ms":3,"workflow":{"step":null},"retry":{"count":0,"classification":"not_applicable"},"cache":{"status":"unknown"},"d1":{"prepared_statements":4,"batch_calls":0,"batch_statements":0}}

stdout | apps/ingestion/test/publication-caller-retirement.spec.ts > a collected source publishes through exact native owner operations after run approval is retired
{"contract":"card-keepr-operational-log@1","event":"request.completed","runtime":"ingestion","request":{"id":"66202c49-f746-46d6-8d64-4f6c14f790c3","method":"GET","route":"/v1/backups/:ref"},"status":200,"duration_ms":3,"workflow":{"step":null},"retry":{"count":0,"classification":"not_applicable"},"cache":{"status":"unknown"},"d1":{"prepared_statements":4,"batch_calls":0,"batch_statements":0}}

stdout | apps/ingestion/test/publication-caller-retirement.spec.ts > a collected source publishes through exact native owner operations after run approval is retired
{"contract":"card-keepr-operational-log@1","event":"request.completed","runtime":"ingestion","request":{"id":"3a0385f1-a7f3-48f5-939c-6ac105f6175c","method":"GET","route":"/v1/backups/:ref"},"status":200,"duration_ms":3,"workflow":{"step":null},"retry":{"count":0,"classification":"not_applicable"},"cache":{"status":"unknown"},"d1":{"prepared_statements":4,"batch_calls":0,"batch_statements":0}}

stdout | apps/ingestion/test/publication-caller-retirement.spec.ts > a collected source publishes through exact native owner operations after run approval is retired
{"contract":"card-keepr-operational-log@1","event":"request.completed","runtime":"ingestion","request":{"id":"5fb9f680-febb-4aa4-a496-fb43880fb005","method":"GET","route":"/v1/backups/:ref"},"status":200,"duration_ms":3,"workflow":{"step":null},"retry":{"count":0,"classification":"not_applicable"},"cache":{"status":"unknown"},"d1":{"prepared_statements":4,"batch_calls":0,"batch_statements":0}}

stdout | apps/ingestion/test/publication-caller-retirement.spec.ts > a collected source publishes through exact native owner operations after run approval is retired
{"contract":"card-keepr-operational-log@1","event":"request.completed","runtime":"ingestion","request":{"id":"3bfce267-dd10-477a-b4e1-ade2e0b6a98c","method":"GET","route":"/v1/backups/:ref"},"status":200,"duration_ms":4,"workflow":{"step":null},"retry":{"count":0,"classification":"not_applicable"},"cache":{"status":"unknown"},"d1":{"prepared_statements":4,"batch_calls":0,"batch_statements":0}}

stdout | apps/ingestion/test/publication-caller-retirement.spec.ts > a collected source publishes through exact native owner operations after run approval is retired
{"contract":"card-keepr-operational-log@1","event":"request.completed","runtime":"ingestion","request":{"id":"55ffd6ba-f066-471e-9712-c4ab88b8f1ca","method":"GET","route":"/v1/backups/:ref"},"status":200,"duration_ms":2,"workflow":{"step":null},"retry":{"count":0,"classification":"not_applicable"},"cache":{"status":"unknown"},"d1":{"prepared_statements":4,"batch_calls":0,"batch_statements":0}}

stdout | apps/ingestion/test/publication-caller-retirement.spec.ts > a collected source publishes through exact native owner operations after run approval is retired
{"contract":"card-keepr-operational-log@1","event":"request.completed","runtime":"ingestion","request":{"id":"ae781767-ae66-4a1c-a7ae-6b7066e32427","method":"GET","route":"/v1/backups/:ref"},"status":200,"duration_ms":3,"workflow":{"step":null},"retry":{"count":0,"classification":"not_applicable"},"cache":{"status":"unknown"},"d1":{"prepared_statements":4,"batch_calls":0,"batch_statements":0}}

stdout | apps/ingestion/test/publication-caller-retirement.spec.ts > a collected source publishes through exact native owner operations after run approval is retired
{"contract":"card-keepr-operational-log@1","event":"request.completed","runtime":"ingestion","request":{"id":"549c2462-9f41-4377-9e6c-b22fcb23d664","method":"GET","route":"/v1/backups/:ref"},"status":200,"duration_ms":2,"workflow":{"step":null},"retry":{"count":0,"classification":"not_applicable"},"cache":{"status":"unknown"},"d1":{"prepared_statements":4,"batch_calls":0,"batch_statements":0}}

stdout | apps/ingestion/test/publication-caller-retirement.spec.ts > a collected source publishes through exact native owner operations after run approval is retired
{"contract":"card-keepr-operational-log@1","event":"request.completed","runtime":"ingestion","request":{"id":"15db0fc3-5b9d-4803-bee5-835ad4c29db2","method":"GET","route":"/v1/backups/:ref"},"status":200,"duration_ms":4,"workflow":{"step":null},"retry":{"count":0,"classification":"not_applicable"},"cache":{"status":"unknown"},"d1":{"prepared_statements":4,"batch_calls":0,"batch_statements":0}}

stdout | apps/ingestion/test/publication-caller-retirement.spec.ts > a collected source publishes through exact native owner operations after run approval is retired
{"contract":"card-keepr-operational-log@1","event":"request.completed","runtime":"ingestion","request":{"id":"a09d568a-811d-4f74-b30b-4cbba052c179","method":"GET","route":"/v1/backups/:ref"},"status":200,"duration_ms":3,"workflow":{"step":null},"retry":{"count":0,"classification":"not_applicable"},"cache":{"status":"unknown"},"d1":{"prepared_statements":4,"batch_calls":0,"batch_statements":0}}

stdout | apps/ingestion/test/publication-caller-retirement.spec.ts > a collected source publishes through exact native owner operations after run approval is retired
{"contract":"card-keepr-operational-log@1","event":"request.completed","runtime":"ingestion","request":{"id":"bba66f7f-0d7e-49a1-86ef-39cf44b7811a","method":"GET","route":"/v1/backups/:ref"},"status":200,"duration_ms":2,"workflow":{"step":null},"retry":{"count":0,"classification":"not_applicable"},"cache":{"status":"unknown"},"d1":{"prepared_statements":4,"batch_calls":0,"batch_statements":0}}

stdout | apps/ingestion/test/publication-caller-retirement.spec.ts > a collected source publishes through exact native owner operations after run approval is retired
{"contract":"card-keepr-operational-log@1","event":"request.completed","runtime":"ingestion","request":{"id":"170ae9b1-2233-4211-a216-b5fbbe7741f6","method":"GET","route":"/v1/backups/:ref"},"status":200,"duration_ms":4,"workflow":{"step":null},"retry":{"count":0,"classification":"not_applicable"},"cache":{"status":"unknown"},"d1":{"prepared_statements":4,"batch_calls":0,"batch_statements":0}}

stdout | apps/ingestion/test/publication-caller-retirement.spec.ts > a collected source publishes through exact native owner operations after run approval is retired
{"contract":"card-keepr-operational-log@1","event":"request.completed","runtime":"ingestion","request":{"id":"55bd3964-372a-4668-b179-b3720c33340a","method":"GET","route":"/v1/backups/:ref"},"status":200,"duration_ms":3,"workflow":{"step":null},"retry":{"count":0,"classification":"not_applicable"},"cache":{"status":"unknown"},"d1":{"prepared_statements":4,"batch_calls":0,"batch_statements":0}}

stdout | apps/ingestion/test/publication-caller-retirement.spec.ts > a collected source publishes through exact native owner operations after run approval is retired
{"contract":"card-keepr-operational-log@1","event":"request.completed","runtime":"ingestion","request":{"id":"776a1227-309d-4410-b8f4-d0fff3fc9267","method":"GET","route":"/v1/backups/:ref"},"status":200,"duration_ms":4,"workflow":{"step":null},"retry":{"count":0,"classification":"not_applicable"},"cache":{"status":"unknown"},"d1":{"prepared_statements":4,"batch_calls":0,"batch_statements":0}}

stdout | apps/ingestion/test/publication-caller-retirement.spec.ts > a collected source publishes through exact native owner operations after run approval is retired
{"contract":"card-keepr-operational-log@1","event":"request.completed","runtime":"ingestion","request":{"id":"1786a7bd-7ff8-43c6-9926-edd5dd34fd0f","method":"GET","route":"/v1/backups/:ref"},"status":200,"duration_ms":4,"workflow":{"step":null},"retry":{"count":0,"classification":"not_applicable"},"cache":{"status":"unknown"},"d1":{"prepared_statements":4,"batch_calls":0,"batch_statements":0}}

stdout | apps/ingestion/test/publication-caller-retirement.spec.ts > a collected source publishes through exact native owner operations after run approval is retired
{"contract":"card-keepr-operational-log@1","event":"request.completed","runtime":"ingestion","request":{"id":"f63e0e0f-4dc9-4820-bbcb-2549dd91cdf1","method":"GET","route":"/v1/backups/:ref"},"status":200,"duration_ms":3,"workflow":{"step":null},"retry":{"count":0,"classification":"not_applicable"},"cache":{"status":"unknown"},"d1":{"prepared_statements":4,"batch_calls":0,"batch_statements":0}}

stdout | apps/ingestion/test/publication-caller-retirement.spec.ts > a collected source publishes through exact native owner operations after run approval is retired
{"contract":"card-keepr-operational-log@1","event":"request.completed","runtime":"ingestion","request":{"id":"02369ebf-1bd2-4d7a-b5e9-d7daa2832a21","method":"GET","route":"/v1/backups/:ref"},"status":200,"duration_ms":3,"workflow":{"step":null},"retry":{"count":0,"classification":"not_applicable"},"cache":{"status":"unknown"},"d1":{"prepared_statements":4,"batch_calls":0,"batch_statements":0}}

stdout | apps/ingestion/test/publication-caller-retirement.spec.ts > a collected source publishes through exact native owner operations after run approval is retired
{"contract":"card-keepr-operational-log@1","event":"request.completed","runtime":"ingestion","request":{"id":"5788a73e-df07-408f-b2b6-b402cbb0cef5","method":"GET","route":"/v1/backups/:ref"},"status":200,"duration_ms":3,"workflow":{"step":null},"retry":{"count":0,"classification":"not_applicable"},"cache":{"status":"unknown"},"d1":{"prepared_statements":4,"batch_calls":0,"batch_statements":0}}

stdout | apps/ingestion/test/publication-caller-retirement.spec.ts > a collected source publishes through exact native owner operations after run approval is retired
{"contract":"card-keepr-operational-log@1","event":"request.completed","runtime":"ingestion","request":{"id":"4d9e86c7-8de7-43db-b5ce-5a2e184ec7e9","method":"GET","route":"/v1/backups/:ref"},"status":200,"duration_ms":5,"workflow":{"step":null},"retry":{"count":0,"classification":"not_applicable"},"cache":{"status":"unknown"},"d1":{"prepared_statements":4,"batch_calls":0,"batch_statements":0}}

stdout | apps/ingestion/test/publication-caller-retirement.spec.ts > a collected source publishes through exact native owner operations after run approval is retired
{"contract":"card-keepr-operational-log@1","event":"request.completed","runtime":"ingestion","request":{"id":"15e7313f-fb4a-451b-bd1b-fa57d415b412","method":"GET","route":"/v1/backups/:ref"},"status":200,"duration_ms":2,"workflow":{"step":null},"retry":{"count":0,"classification":"not_applicable"},"cache":{"status":"unknown"},"d1":{"prepared_statements":4,"batch_calls":0,"batch_statements":0}}

stdout | apps/ingestion/test/publication-caller-retirement.spec.ts > a collected source publishes through exact native owner operations after run approval is retired
{"contract":"card-keepr-operational-log@1","event":"request.completed","runtime":"ingestion","request":{"id":"afe0340e-a6a7-48cd-a649-effab41d2ea1","method":"GET","route":"/v1/backups/:ref"},"status":200,"duration_ms":4,"workflow":{"step":null},"retry":{"count":0,"classification":"not_applicable"},"cache":{"status":"unknown"},"d1":{"prepared_statements":4,"batch_calls":0,"batch_statements":0}}

stdout | apps/ingestion/test/publication-caller-retirement.spec.ts > a collected source publishes through exact native owner operations after run approval is retired
{"contract":"card-keepr-operational-log@1","event":"request.completed","runtime":"ingestion","request":{"id":"8abcb376-b94c-4c8b-8494-071237b03730","method":"GET","route":"/v1/backups/:ref"},"status":200,"duration_ms":3,"workflow":{"step":null},"retry":{"count":0,"classification":"not_applicable"},"cache":{"status":"unknown"},"d1":{"prepared_statements":4,"batch_calls":0,"batch_statements":0}}

stdout | apps/ingestion/test/publication-caller-retirement.spec.ts > a collected source publishes through exact native owner operations after run approval is retired
{"contract":"card-keepr-operational-log@1","event":"request.completed","runtime":"ingestion","request":{"id":"d82f8937-1325-4130-899e-7723a203813c","method":"GET","route":"/v1/backups/:ref"},"status":200,"duration_ms":2,"workflow":{"step":null},"retry":{"count":0,"classification":"not_applicable"},"cache":{"status":"unknown"},"d1":{"prepared_statements":4,"batch_calls":0,"batch_statements":0}}

stdout | apps/ingestion/test/publication-caller-retirement.spec.ts > a collected source publishes through exact native owner operations after run approval is retired
{"contract":"card-keepr-operational-log@1","event":"request.completed","runtime":"ingestion","request":{"id":"e02454de-17de-4cdb-84be-ed52eed0b035","method":"GET","route":"/v1/backups/:ref"},"status":200,"duration_ms":4,"workflow":{"step":null},"retry":{"count":0,"classification":"not_applicable"},"cache":{"status":"unknown"},"d1":{"prepared_statements":4,"batch_calls":0,"batch_statements":0}}

stdout | apps/ingestion/test/publication-caller-retirement.spec.ts > a collected source publishes through exact native owner operations after run approval is retired
{"contract":"card-keepr-operational-log@1","event":"request.completed","runtime":"ingestion","request":{"id":"e6ea4680-43c8-4bfe-bb7b-c5f1e9dd8d54","method":"GET","route":"/v1/backups/:ref"},"status":200,"duration_ms":2,"workflow":{"step":null},"retry":{"count":0,"classification":"not_applicable"},"cache":{"status":"unknown"},"d1":{"prepared_statements":4,"batch_calls":0,"batch_statements":0}}

stdout | apps/ingestion/test/publication-caller-retirement.spec.ts > a collected source publishes through exact native owner operations after run approval is retired
{"contract":"card-keepr-operational-log@1","event":"request.completed","runtime":"ingestion","request":{"id":"2a1b9712-6732-4c72-abbc-1f4aa9613c4b","method":"GET","route":"/v1/backups/:ref"},"status":200,"duration_ms":2,"workflow":{"step":null},"retry":{"count":0,"classification":"not_applicable"},"cache":{"status":"unknown"},"d1":{"prepared_statements":4,"batch_calls":0,"batch_statements":0}}

stdout | apps/ingestion/test/publication-caller-retirement.spec.ts > a collected source publishes through exact native owner operations after run approval is retired
{"contract":"card-keepr-operational-log@1","event":"request.completed","runtime":"ingestion","request":{"id":"3d4a3f96-490d-4106-b730-a1bd4a8cad27","method":"GET","route":"/v1/backups/:ref"},"status":200,"duration_ms":3,"workflow":{"step":null},"retry":{"count":0,"classification":"not_applicable"},"cache":{"status":"unknown"},"d1":{"prepared_statements":4,"batch_calls":0,"batch_statements":0}}

stdout | apps/ingestion/test/publication-caller-retirement.spec.ts > a collected source publishes through exact native owner operations after run approval is retired
{"contract":"card-keepr-operational-log@1","event":"request.completed","runtime":"ingestion","request":{"id":"1e5e5dc3-26f6-4e52-8c8c-825dbba644a9","method":"GET","route":"/v1/backups/:ref"},"status":200,"duration_ms":5,"workflow":{"step":null},"retry":{"count":0,"classification":"not_applicable"},"cache":{"status":"unknown"},"d1":{"prepared_statements":4,"batch_calls":0,"batch_statements":0}}

stdout | apps/ingestion/test/publication-caller-retirement.spec.ts > a collected source publishes through exact native owner operations after run approval is retired
{"contract":"card-keepr-operational-log@1","event":"request.completed","runtime":"ingestion","request":{"id":"bc82a7af-50fb-4c57-8ea0-9eaaf5d76cf4","method":"GET","route":"/v1/backups/:ref"},"status":200,"duration_ms":4,"workflow":{"step":null},"retry":{"count":0,"classification":"not_applicable"},"cache":{"status":"unknown"},"d1":{"prepared_statements":4,"batch_calls":0,"batch_statements":0}}

stdout | apps/ingestion/test/publication-caller-retirement.spec.ts > a collected source publishes through exact native owner operations after run approval is retired
{"contract":"card-keepr-operational-log@1","event":"request.completed","runtime":"ingestion","request":{"id":"0b810f8d-1120-4ae1-8117-15c1745f19d0","method":"GET","route":"/v1/backups/:ref"},"status":200,"duration_ms":3,"workflow":{"step":null},"retry":{"count":0,"classification":"not_applicable"},"cache":{"status":"unknown"},"d1":{"prepared_statements":4,"batch_calls":0,"batch_statements":0}}

stdout | apps/ingestion/test/publication-caller-retirement.spec.ts > a collected source publishes through exact native owner operations after run approval is retired
{"contract":"card-keepr-operational-log@1","event":"request.completed","runtime":"ingestion","request":{"id":"d2bca3be-a17d-40d9-a72f-e6f6b9e828cc","method":"GET","route":"/v1/backups/:ref"},"status":200,"duration_ms":2,"workflow":{"step":null},"retry":{"count":0,"classification":"not_applicable"},"cache":{"status":"unknown"},"d1":{"prepared_statements":4,"batch_calls":0,"batch_statements":0}}

stdout | apps/ingestion/test/publication-caller-retirement.spec.ts > a collected source publishes through exact native owner operations after run approval is retired
{"contract":"card-keepr-operational-log@1","event":"request.completed","runtime":"ingestion","request":{"id":"382815eb-7c18-4fa1-b51c-ff0b08fd280b","method":"GET","route":"/v1/backups/:ref"},"status":200,"duration_ms":4,"workflow":{"step":null},"retry":{"count":0,"classification":"not_applicable"},"cache":{"status":"unknown"},"d1":{"prepared_statements":4,"batch_calls":0,"batch_statements":0}}

stdout | apps/ingestion/test/publication-caller-retirement.spec.ts > a collected source publishes through exact native owner operations after run approval is retired
{"contract":"card-keepr-operational-log@1","event":"request.completed","runtime":"ingestion","request":{"id":"9161c37a-f689-448b-adbc-918cc00ac85b","method":"GET","route":"/v1/backups/:ref"},"status":200,"duration_ms":3,"workflow":{"step":null},"retry":{"count":0,"classification":"not_applicable"},"cache":{"status":"unknown"},"d1":{"prepared_statements":4,"batch_calls":0,"batch_statements":0}}

stdout | apps/ingestion/test/publication-caller-retirement.spec.ts > a collected source publishes through exact native owner operations after run approval is retired
{"contract":"card-keepr-operational-log@1","event":"request.completed","runtime":"ingestion","request":{"id":"3b96168e-9290-47d7-944f-917409a39965","method":"GET","route":"/v1/backups/:ref"},"status":200,"duration_ms":2,"workflow":{"step":null},"retry":{"count":0,"classification":"not_applicable"},"cache":{"status":"unknown"},"d1":{"prepared_statements":4,"batch_calls":0,"batch_statements":0}}

stdout | apps/ingestion/test/publication-caller-retirement.spec.ts > a collected source publishes through exact native owner operations after run approval is retired
{"contract":"card-keepr-operational-log@1","event":"request.completed","runtime":"ingestion","request":{"id":"b12ee989-4978-483c-aaec-02d65349f9b0","method":"GET","route":"/v1/backups/:ref"},"status":200,"duration_ms":4,"workflow":{"step":null},"retry":{"count":0,"classification":"not_applicable"},"cache":{"status":"unknown"},"d1":{"prepared_statements":4,"batch_calls":0,"batch_statements":0}}

stdout | apps/ingestion/test/publication-caller-retirement.spec.ts > a collected source publishes through exact native owner operations after run approval is retired
{"contract":"card-keepr-operational-log@1","event":"request.completed","runtime":"ingestion","request":{"id":"198ca646-0812-47fd-9a72-80cb571c2453","method":"GET","route":"/v1/backups/:ref"},"status":200,"duration_ms":3,"workflow":{"step":null},"retry":{"count":0,"classification":"not_applicable"},"cache":{"status":"unknown"},"d1":{"prepared_statements":4,"batch_calls":0,"batch_statements":0}}

stdout | apps/ingestion/test/publication-caller-retirement.spec.ts > a collected source publishes through exact native owner operations after run approval is retired
{"contract":"card-keepr-operational-log@1","event":"request.completed","runtime":"ingestion","request":{"id":"083656f9-a2e2-4004-9c9d-cf608d85136a","method":"GET","route":"/v1/backups/:ref"},"status":200,"duration_ms":5,"workflow":{"step":null},"retry":{"count":0,"classification":"not_applicable"},"cache":{"status":"unknown"},"d1":{"prepared_statements":4,"batch_calls":0,"batch_statements":0}}

stdout | apps/ingestion/test/publication-caller-retirement.spec.ts > a collected source publishes through exact native owner operations after run approval is retired
{"contract":"card-keepr-operational-log@1","event":"request.completed","runtime":"ingestion","request":{"id":"4d2c8b0c-e44d-4ac4-af27-3851c07d6ba3","method":"GET","route":"/v1/backups/:ref"},"status":200,"duration_ms":4,"workflow":{"step":null},"retry":{"count":0,"classification":"not_applicable"},"cache":{"status":"unknown"},"d1":{"prepared_statements":4,"batch_calls":0,"batch_statements":0}}

stdout | apps/ingestion/test/publication-caller-retirement.spec.ts > a collected source publishes through exact native owner operations after run approval is retired
{"contract":"card-keepr-operational-log@1","event":"request.completed","runtime":"ingestion","request":{"id":"67e3dabe-5b97-49c1-bb8e-12c7864e10aa","method":"GET","route":"/v1/backups/:ref"},"status":200,"duration_ms":5,"workflow":{"step":null},"retry":{"count":0,"classification":"not_applicable"},"cache":{"status":"unknown"},"d1":{"prepared_statements":4,"batch_calls":0,"batch_statements":0}}

stdout | apps/ingestion/test/publication-caller-retirement.spec.ts > a collected source publishes through exact native owner operations after run approval is retired
{"contract":"card-keepr-operational-log@1","event":"request.completed","runtime":"ingestion","request":{"id":"581d1621-cb32-4dbf-8645-6c1e946be92b","method":"GET","route":"/v1/backups/:ref"},"status":200,"duration_ms":4,"workflow":{"step":null},"retry":{"count":0,"classification":"not_applicable"},"cache":{"status":"unknown"},"d1":{"prepared_statements":4,"batch_calls":0,"batch_statements":0}}

stdout | apps/ingestion/test/publication-caller-retirement.spec.ts > a collected source publishes through exact native owner operations after run approval is retired
{"contract":"card-keepr-operational-log@1","event":"request.completed","runtime":"ingestion","request":{"id":"ad94edf0-6470-4667-822d-50ea098511e5","method":"GET","route":"/v1/backups/:ref"},"status":200,"duration_ms":3,"workflow":{"step":null},"retry":{"count":0,"classification":"not_applicable"},"cache":{"status":"unknown"},"d1":{"prepared_statements":4,"batch_calls":0,"batch_statements":0}}

stdout | apps/ingestion/test/publication-caller-retirement.spec.ts > a collected source publishes through exact native owner operations after run approval is retired
{"contract":"card-keepr-operational-log@1","event":"request.completed","runtime":"ingestion","request":{"id":"feb10862-51e6-41f8-bad9-4fbf2ccb4443","method":"GET","route":"/v1/backups/:ref"},"status":200,"duration_ms":4,"workflow":{"step":null},"retry":{"count":0,"classification":"not_applicable"},"cache":{"status":"unknown"},"d1":{"prepared_statements":4,"batch_calls":0,"batch_statements":0}}

stdout | apps/ingestion/test/publication-caller-retirement.spec.ts > a collected source publishes through exact native owner operations after run approval is retired
{"contract":"card-keepr-operational-log@1","event":"request.completed","runtime":"ingestion","request":{"id":"cba9ac0b-a61a-4b8a-9fe2-be7abd731140","method":"GET","route":"/v1/backups/:ref"},"status":200,"duration_ms":11,"workflow":{"step":null},"retry":{"count":0,"classification":"not_applicable"},"cache":{"status":"unknown"},"d1":{"prepared_statements":4,"batch_calls":0,"batch_statements":0}}

stdout | apps/ingestion/test/publication-caller-retirement.spec.ts > a collected source publishes through exact native owner operations after run approval is retired
{"contract":"card-keepr-operational-log@1","event":"request.completed","runtime":"ingestion","request":{"id":"f497462d-52aa-450d-84a1-d90a40193212","method":"GET","route":"/v1/backups/:ref"},"status":200,"duration_ms":3,"workflow":{"step":null},"retry":{"count":0,"classification":"not_applicable"},"cache":{"status":"unknown"},"d1":{"prepared_statements":4,"batch_calls":0,"batch_statements":0}}

stdout | apps/ingestion/test/publication-caller-retirement.spec.ts > a collected source publishes through exact native owner operations after run approval is retired
{"contract":"card-keepr-operational-log@1","event":"workflow.step.completed","runtime":"ingestion","request":{"id":"backup-f2ec338ed3cd936533274f309b23c3ca4a5d3940928cc61413f4049e60342bb7","method":"WORKFLOW","route":"/workflows/card-keepr-catalogue-backup"},"status":500,"duration_ms":137,"workflow":{"step":"export, retain, restore, and verify Catalogue D1","step_count":1},"retry":{"count":3,"classification":"retryable"},"cache":{"status":"unknown"},"d1":{"prepared_statements":286,"batch_calls":2,"batch_statements":18}}

stdout | apps/ingestion/test/publication-caller-retirement.spec.ts > a collected source publishes through exact native owner operations after run approval is retired
{"contract":"card-keepr-operational-log@1","event":"workflow.step.completed","runtime":"ingestion","request":{"id":"backup-f2ec338ed3cd936533274f309b23c3ca4a5d3940928cc61413f4049e60342bb7","method":"WORKFLOW","route":"/workflows/card-keepr-catalogue-backup"},"status":200,"duration_ms":1,"workflow":{"step":"finalize exhausted Catalogue backup failure","step_count":1},"retry":{"count":0,"classification":"not_applicable"},"cache":{"status":"unknown"},"d1":{"prepared_statements":4,"batch_calls":1,"batch_statements":2}}

stdout | apps/ingestion/test/publication-caller-retirement.spec.ts > a collected source publishes through exact native owner operations after run approval is retired
{"contract":"card-keepr-operational-log@1","event":"request.completed","runtime":"ingestion","request":{"id":"e2ba20d8-cc58-4ed7-aef7-dbb2cf5ceabc","method":"GET","route":"/v1/backups/:ref"},"status":200,"duration_ms":1,"workflow":{"step":null},"retry":{"count":0,"classification":"not_applicable"},"cache":{"status":"unknown"},"d1":{"prepared_statements":4,"batch_calls":0,"batch_statements":0}}

uncaught exception; exception = workerd/io/io-context.c++:1642: failed: jsg.Error: The Workers runtime canceled this request because it detected that your Worker's code had hung and would never generate a response. Refer to: https://developers.cloudflare.com/workers/observability/errors/
stack: 10324537f
uncaught exception; source = Uncaught (in promise); stack = SyntaxError: Unexpected token 'E', "Error: ENO"... is not valid JSON
    at cloudflareD1Request (/Users/marcus/Developer/card-keepr/src/catalogue/backup-recovery/backup-recovery.ts:1185:20)
    at Object.exportSql (/Users/marcus/Developer/card-keepr/src/catalogue/backup-recovery/backup-recovery.ts:1017:22)
    at withCardSearchPreparedForD1Export (/Users/marcus/Developer/card-keepr/src/catalogue/backup-recovery/card-search-recovery.ts:41:12)
    at createVerifiedCatalogueBackup (/Users/marcus/Developer/card-keepr/src/catalogue/backup-recovery/backup-recovery.ts:596:22)
    at wrapped (/Users/marcus/Developer/card-keepr/src/http/operational-log.ts:176:20)
uncaught exception; source = Uncaught (in promise); stack = SyntaxError: Unexpected token 'E', "Error: ENO"... is not valid JSON
    at cloudflareD1Request (/Users/marcus/Developer/card-keepr/src/catalogue/backup-recovery/backup-recovery.ts:1185:20)
    at Object.exportSql (/Users/marcus/Developer/card-keepr/src/catalogue/backup-recovery/backup-recovery.ts:1017:22)
    at withCardSearchPreparedForD1Export (/Users/marcus/Developer/card-keepr/src/catalogue/backup-recovery/card-search-recovery.ts:41:12)
    at createVerifiedCatalogueBackup (/Users/marcus/Developer/card-keepr/src/catalogue/backup-recovery/backup-recovery.ts:596:22)
    at wrapped (/Users/marcus/Developer/card-keepr/src/http/operational-log.ts:176:20)
uncaught exception; source = Uncaught (in promise); stack = SyntaxError: Unexpected token 'E', "Error: ENO"... is not valid JSON
    at cloudflareD1Request (/Users/marcus/Developer/card-keepr/src/catalogue/backup-recovery/backup-recovery.ts:1185:20)
    at Object.exportSql (/Users/marcus/Developer/card-keepr/src/catalogue/backup-recovery/backup-recovery.ts:1017:22)
    at withCardSearchPreparedForD1Export (/Users/marcus/Developer/card-keepr/src/catalogue/backup-recovery/card-search-recovery.ts:41:12)
    at createVerifiedCatalogueBackup (/Users/marcus/Developer/card-keepr/src/catalogue/backup-recovery/backup-recovery.ts:596:22)
    at wrapped (/Users/marcus/Developer/card-keepr/src/http/operational-log.ts:176:20)
uncaught exception; source = Uncaught (in promise); stack = SyntaxError: Unexpected token 'E', "Error: ENO"... is not valid JSON
    at cloudflareD1Request (/Users/marcus/Developer/card-keepr/src/catalogue/backup-recovery/backup-recovery.ts:1185:20)
    at Object.exportSql (/Users/marcus/Developer/card-keepr/src/catalogue/backup-recovery/backup-recovery.ts:1017:22)
    at withCardSearchPreparedForD1Export (/Users/marcus/Developer/card-keepr/src/catalogue/backup-recovery/card-search-recovery.ts:41:12)
    at createVerifiedCatalogueBackup (/Users/marcus/Developer/card-keepr/src/catalogue/backup-recovery/backup-recovery.ts:596:22)
    at wrapped (/Users/marcus/Developer/card-keepr/src/http/operational-log.ts:176:20)
uncaught exception; source = Uncaught (in promise); stack = SyntaxError: Unexpected token 'E', "Error: ENO"... is not valid JSON
    at async doWrapper (file:///Users/marcus/Developer/card-keepr/node_modules/.pnpm/miniflare@5.20260908.0-alpha/node_modules/miniflare/dist/src/workers/workflows/binding.worker.js:13525:53)
    at async Context.do (file:///Users/marcus/Developer/card-keepr/node_modules/.pnpm/miniflare@5.20260908.0-alpha/node_modules/miniflare/dist/src/workers/workflows/binding.worker.js:13789:17)
stdout | apps/ingestion/test/publication-caller-retirement.spec.ts > a repeated native publication through binding execution retains unchanged source evidence and obtains the required checkpoint
{"contract":"card-keepr-operational-log@1","event":"request.completed","runtime":"ingestion","request":{"id":"f89479b9-41ac-4ca3-b16e-18b65990bd7b","method":"GET","route":"/v1/ingestion-runs/:ref"},"status":200,"duration_ms":5,"workflow":{"step":null},"retry":{"count":0,"classification":"not_applicable"},"cache":{"status":"unknown"},"d1":{"prepared_statements":26,"batch_calls":0,"batch_statements":0}}

stdout | apps/ingestion/test/publication-caller-retirement.spec.ts > a repeated native publication through binding execution retains unchanged source evidence and obtains the required checkpoint
{"contract":"card-keepr-operational-log@1","event":"request.completed","runtime":"ingestion","request":{"id":"dba4fd72-d2f5-4799-9a10-aa7daf4af186","method":"POST","route":"/v1/game-candidates"},"status":201,"duration_ms":5,"workflow":{"step":null},"retry":{"count":0,"classification":"not_applicable"},"cache":{"status":"unknown"},"d1":{"prepared_statements":25,"batch_calls":1,"batch_statements":15}}

stdout | apps/ingestion/test/publication-caller-retirement.spec.ts > a repeated native publication through binding execution retains unchanged source evidence and obtains the required checkpoint
{"contract":"card-keepr-operational-log@1","event":"workflow.step.completed","runtime":"ingestion","request":{"id":"game-reconcile-0a7fb9a277cd221acef45175a6d5ba9fd30d8eabd436918bca2fa54a9a296cd9","method":"WORKFLOW","route":"/workflows/card-keepr-reconciliation"},"status":200,"duration_ms":0,"workflow":{"step":"initialize reconciliation operation","step_count":1},"retry":{"count":0,"classification":"not_applicable"},"cache":{"status":"unknown"},"d1":{"prepared_statements":1,"batch_calls":0,"batch_statements":0}}

stdout | apps/ingestion/test/publication-caller-retirement.spec.ts > a repeated native publication through binding execution retains unchanged source evidence and obtains the required checkpoint
{"contract":"card-keepr-operational-log@1","event":"workflow.step.completed","runtime":"ingestion","request":{"id":"game-reconcile-0a7fb9a277cd221acef45175a6d5ba9fd30d8eabd436918bca2fa54a9a296cd9","method":"WORKFLOW","route":"/workflows/card-keepr-reconciliation"},"status":200,"duration_ms":0,"workflow":{"step":"read reconciliation dispatch","step_count":1},"retry":{"count":0,"classification":"not_applicable"},"cache":{"status":"unknown"},"d1":{"prepared_statements":2,"batch_calls":0,"batch_statements":0}}

stdout | apps/ingestion/test/publication-caller-retirement.spec.ts > a repeated native publication through binding execution retains unchanged source evidence and obtains the required checkpoint
{"contract":"card-keepr-operational-log@1","event":"workflow.step.completed","runtime":"ingestion","request":{"id":"game-reconcile-0a7fb9a277cd221acef45175a6d5ba9fd30d8eabd436918bca2fa54a9a296cd9","method":"WORKFLOW","route":"/workflows/card-keepr-reconciliation"},"status":200,"duration_ms":2,"workflow":{"step":"reconcile retained Card, Printing, and Erratum evidence","step_count":1},"retry":{"count":0,"classification":"not_applicable"},"cache":{"status":"unknown"},"d1":{"prepared_statements":17,"batch_calls":3,"batch_statements":11}}

stdout | apps/ingestion/test/publication-caller-retirement.spec.ts > a repeated native publication through binding execution retains unchanged source evidence and obtains the required checkpoint
{"contract":"card-keepr-operational-log@1","event":"workflow.step.completed","runtime":"ingestion","request":{"id":"game-reconcile-0a7fb9a277cd221acef45175a6d5ba9fd30d8eabd436918bca2fa54a9a296cd9","method":"WORKFLOW","route":"/workflows/card-keepr-reconciliation"},"status":200,"duration_ms":2,"workflow":{"step":"reconcile retained Card, Printing, and Erratum evidence-unit-1","step_count":1},"retry":{"count":0,"classification":"not_applicable"},"cache":{"status":"unknown"},"d1":{"prepared_statements":17,"batch_calls":3,"batch_statements":11}}

stdout | apps/ingestion/test/publication-caller-retirement.spec.ts > a repeated native publication through binding execution retains unchanged source evidence and obtains the required checkpoint
{"contract":"card-keepr-operational-log@1","event":"workflow.step.completed","runtime":"ingestion","request":{"id":"game-reconcile-0a7fb9a277cd221acef45175a6d5ba9fd30d8eabd436918bca2fa54a9a296cd9","method":"WORKFLOW","route":"/workflows/card-keepr-reconciliation"},"status":200,"duration_ms":2,"workflow":{"step":"reconcile retained Card, Printing, and Erratum evidence-unit-2","step_count":1},"retry":{"count":0,"classification":"not_applicable"},"cache":{"status":"unknown"},"d1":{"prepared_statements":16,"batch_calls":3,"batch_statements":11}}

stdout | apps/ingestion/test/publication-caller-retirement.spec.ts > a repeated native publication through binding execution retains unchanged source evidence and obtains the required checkpoint
{"contract":"card-keepr-operational-log@1","event":"workflow.step.completed","runtime":"ingestion","request":{"id":"game-reconcile-0a7fb9a277cd221acef45175a6d5ba9fd30d8eabd436918bca2fa54a9a296cd9","method":"WORKFLOW","route":"/workflows/card-keepr-reconciliation"},"status":200,"duration_ms":2,"workflow":{"step":"reconcile retained Card, Printing, and Erratum evidence-unit-3","step_count":1},"retry":{"count":0,"classification":"not_applicable"},"cache":{"status":"unknown"},"d1":{"prepared_statements":18,"batch_calls":4,"batch_statements":13}}

stdout | apps/ingestion/test/publication-caller-retirement.spec.ts > a repeated native publication through binding execution retains unchanged source evidence and obtains the required checkpoint
{"contract":"card-keepr-operational-log@1","event":"workflow.step.completed","runtime":"ingestion","request":{"id":"game-reconcile-0a7fb9a277cd221acef45175a6d5ba9fd30d8eabd436918bca2fa54a9a296cd9","method":"WORKFLOW","route":"/workflows/card-keepr-reconciliation"},"status":200,"duration_ms":1,"workflow":{"step":"reconcile retained Card, Printing, and Erratum evidence-unit-4","step_count":1},"retry":{"count":0,"classification":"not_applicable"},"cache":{"status":"unknown"},"d1":{"prepared_statements":16,"batch_calls":3,"batch_statements":11}}

stdout | apps/ingestion/test/publication-caller-retirement.spec.ts > a repeated native publication through binding execution retains unchanged source evidence and obtains the required checkpoint
{"contract":"card-keepr-operational-log@1","event":"workflow.step.completed","runtime":"ingestion","request":{"id":"game-reconcile-0a7fb9a277cd221acef45175a6d5ba9fd30d8eabd436918bca2fa54a9a296cd9","method":"WORKFLOW","route":"/workflows/card-keepr-reconciliation"},"status":200,"duration_ms":1,"workflow":{"step":"reconcile retained Card, Printing, and Erratum evidence-unit-5","step_count":1},"retry":{"count":0,"classification":"not_applicable"},"cache":{"status":"unknown"},"d1":{"prepared_statements":16,"batch_calls":3,"batch_statements":11}}

stdout | apps/ingestion/test/publication-caller-retirement.spec.ts > a repeated native publication through binding execution retains unchanged source evidence and obtains the required checkpoint
{"contract":"card-keepr-operational-log@1","event":"workflow.step.completed","runtime":"ingestion","request":{"id":"game-reconcile-0a7fb9a277cd221acef45175a6d5ba9fd30d8eabd436918bca2fa54a9a296cd9","method":"WORKFLOW","route":"/workflows/card-keepr-reconciliation"},"status":200,"duration_ms":2,"workflow":{"step":"reconcile retained Card, Printing, and Erratum evidence-unit-6","step_count":1},"retry":{"count":0,"classification":"not_applicable"},"cache":{"status":"unknown"},"d1":{"prepared_statements":20,"batch_calls":4,"batch_statements":13}}

stdout | apps/ingestion/test/publication-caller-retirement.spec.ts > a repeated native publication through binding execution retains unchanged source evidence and obtains the required checkpoint
{"contract":"card-keepr-operational-log@1","event":"workflow.step.completed","runtime":"ingestion","request":{"id":"game-reconcile-0a7fb9a277cd221acef45175a6d5ba9fd30d8eabd436918bca2fa54a9a296cd9","method":"WORKFLOW","route":"/workflows/card-keepr-reconciliation"},"status":200,"duration_ms":2,"workflow":{"step":"reconcile retained Card, Printing, and Erratum evidence-unit-7","step_count":1},"retry":{"count":0,"classification":"not_applicable"},"cache":{"status":"unknown"},"d1":{"prepared_statements":18,"batch_calls":3,"batch_statements":11}}

stdout | apps/ingestion/test/publication-caller-retirement.spec.ts > a repeated native publication through binding execution retains unchanged source evidence and obtains the required checkpoint
{"contract":"card-keepr-operational-log@1","event":"workflow.step.completed","runtime":"ingestion","request":{"id":"game-reconcile-0a7fb9a277cd221acef45175a6d5ba9fd30d8eabd436918bca2fa54a9a296cd9","method":"WORKFLOW","route":"/workflows/card-keepr-reconciliation"},"status":200,"duration_ms":3,"workflow":{"step":"reconcile retained Card, Printing, and Erratum evidence-unit-8","step_count":1},"retry":{"count":0,"classification":"not_applicable"},"cache":{"status":"unknown"},"d1":{"prepared_statements":22,"batch_calls":4,"batch_statements":13}}

stdout | apps/ingestion/test/publication-caller-retirement.spec.ts > a repeated native publication through binding execution retains unchanged source evidence and obtains the required checkpoint
{"contract":"card-keepr-operational-log@1","event":"workflow.step.completed","runtime":"ingestion","request":{"id":"game-reconcile-0a7fb9a277cd221acef45175a6d5ba9fd30d8eabd436918bca2fa54a9a296cd9","method":"WORKFLOW","route":"/workflows/card-keepr-reconciliation"},"status":200,"duration_ms":2,"workflow":{"step":"reconcile retained Card, Printing, and Erratum evidence-unit-9","step_count":1},"retry":{"count":0,"classification":"not_applicable"},"cache":{"status":"unknown"},"d1":{"prepared_statements":15,"batch_calls":3,"batch_statements":11}}

stdout | apps/ingestion/test/publication-caller-retirement.spec.ts > a repeated native publication through binding execution retains unchanged source evidence and obtains the required checkpoint
{"contract":"card-keepr-operational-log@1","event":"workflow.step.completed","runtime":"ingestion","request":{"id":"game-reconcile-0a7fb9a277cd221acef45175a6d5ba9fd30d8eabd436918bca2fa54a9a296cd9","method":"WORKFLOW","route":"/workflows/card-keepr-reconciliation"},"status":200,"duration_ms":1,"workflow":{"step":"reconcile retained Card, Printing, and Erratum evidence-unit-10","step_count":1},"retry":{"count":0,"classification":"not_applicable"},"cache":{"status":"unknown"},"d1":{"prepared_statements":15,"batch_calls":3,"batch_statements":11}}

stdout | apps/ingestion/test/publication-caller-retirement.spec.ts > a repeated native publication through binding execution retains unchanged source evidence and obtains the required checkpoint
{"contract":"card-keepr-operational-log@1","event":"workflow.step.completed","runtime":"ingestion","request":{"id":"game-reconcile-0a7fb9a277cd221acef45175a6d5ba9fd30d8eabd436918bca2fa54a9a296cd9","method":"WORKFLOW","route":"/workflows/card-keepr-reconciliation"},"status":200,"duration_ms":3,"workflow":{"step":"reconcile retained Card, Printing, and Erratum evidence-unit-11","step_count":1},"retry":{"count":0,"classification":"not_applicable"},"cache":{"status":"unknown"},"d1":{"prepared_statements":20,"batch_calls":3,"batch_statements":11}}

stdout | apps/ingestion/test/publication-caller-retirement.spec.ts > a repeated native publication through binding execution retains unchanged source evidence and obtains the required checkpoint
{"contract":"card-keepr-operational-log@1","event":"workflow.step.completed","runtime":"ingestion","request":{"id":"game-reconcile-0a7fb9a277cd221acef45175a6d5ba9fd30d8eabd436918bca2fa54a9a296cd9","method":"WORKFLOW","route":"/workflows/card-keepr-reconciliation"},"status":200,"duration_ms":3,"workflow":{"step":"reconcile retained Card, Printing, and Erratum evidence-unit-12","step_count":1},"retry":{"count":0,"classification":"not_applicable"},"cache":{"status":"unknown"},"d1":{"prepared_statements":23,"batch_calls":4,"batch_statements":13}}

stdout | apps/ingestion/test/publication-caller-retirement.spec.ts > a repeated native publication through binding execution retains unchanged source evidence and obtains the required checkpoint
{"contract":"card-keepr-operational-log@1","event":"workflow.step.completed","runtime":"ingestion","request":{"id":"game-reconcile-0a7fb9a277cd221acef45175a6d5ba9fd30d8eabd436918bca2fa54a9a296cd9","method":"WORKFLOW","route":"/workflows/card-keepr-reconciliation"},"status":200,"duration_ms":2,"workflow":{"step":"reconcile retained Card, Printing, and Erratum evidence-unit-13","step_count":1},"retry":{"count":0,"classification":"not_applicable"},"cache":{"status":"unknown"},"d1":{"prepared_statements":21,"batch_calls":3,"batch_statements":11}}

stdout | apps/ingestion/test/publication-caller-retirement.spec.ts > a repeated native publication through binding execution retains unchanged source evidence and obtains the required checkpoint
{"contract":"card-keepr-operational-log@1","event":"workflow.step.completed","runtime":"ingestion","request":{"id":"game-reconcile-0a7fb9a277cd221acef45175a6d5ba9fd30d8eabd436918bca2fa54a9a296cd9","method":"WORKFLOW","route":"/workflows/card-keepr-reconciliation"},"status":200,"duration_ms":3,"workflow":{"step":"reconcile retained Card, Printing, and Erratum evidence-unit-14","step_count":1},"retry":{"count":0,"classification":"not_applicable"},"cache":{"status":"unknown"},"d1":{"prepared_statements":21,"batch_calls":4,"batch_statements":13}}

stdout | apps/ingestion/test/publication-caller-retirement.spec.ts > a repeated native publication through binding execution retains unchanged source evidence and obtains the required checkpoint
{"contract":"card-keepr-operational-log@1","event":"workflow.step.completed","runtime":"ingestion","request":{"id":"game-reconcile-0a7fb9a277cd221acef45175a6d5ba9fd30d8eabd436918bca2fa54a9a296cd9","method":"WORKFLOW","route":"/workflows/card-keepr-reconciliation"},"status":200,"duration_ms":3,"workflow":{"step":"reconcile retained Card, Printing, and Erratum evidence-unit-15","step_count":1},"retry":{"count":0,"classification":"not_applicable"},"cache":{"status":"unknown"},"d1":{"prepared_statements":22,"batch_calls":3,"batch_statements":11}}

stdout | apps/ingestion/test/publication-caller-retirement.spec.ts > a repeated native publication through binding execution retains unchanged source evidence and obtains the required checkpoint
{"contract":"card-keepr-operational-log@1","event":"workflow.step.completed","runtime":"ingestion","request":{"id":"game-reconcile-0a7fb9a277cd221acef45175a6d5ba9fd30d8eabd436918bca2fa54a9a296cd9","method":"WORKFLOW","route":"/workflows/card-keepr-reconciliation"},"status":200,"duration_ms":2,"workflow":{"step":"reconcile retained Card, Printing, and Erratum evidence-unit-16","step_count":1},"retry":{"count":0,"classification":"not_applicable"},"cache":{"status":"unknown"},"d1":{"prepared_statements":19,"batch_calls":3,"batch_statements":11}}

stdout | apps/ingestion/test/publication-caller-retirement.spec.ts > a repeated native publication through binding execution retains unchanged source evidence and obtains the required checkpoint
{"contract":"card-keepr-operational-log@1","event":"workflow.step.completed","runtime":"ingestion","request":{"id":"game-reconcile-0a7fb9a277cd221acef45175a6d5ba9fd30d8eabd436918bca2fa54a9a296cd9","method":"WORKFLOW","route":"/workflows/card-keepr-reconciliation"},"status":200,"duration_ms":2,"workflow":{"step":"reconcile retained Card, Printing, and Erratum evidence-unit-17","step_count":1},"retry":{"count":0,"classification":"not_applicable"},"cache":{"status":"unknown"},"d1":{"prepared_statements":19,"batch_calls":3,"batch_statements":11}}

stdout | apps/ingestion/test/publication-caller-retirement.spec.ts > a repeated native publication through binding execution retains unchanged source evidence and obtains the required checkpoint
{"contract":"card-keepr-operational-log@1","event":"workflow.step.completed","runtime":"ingestion","request":{"id":"game-reconcile-0a7fb9a277cd221acef45175a6d5ba9fd30d8eabd436918bca2fa54a9a296cd9","method":"WORKFLOW","route":"/workflows/card-keepr-reconciliation"},"status":200,"duration_ms":2,"workflow":{"step":"reconcile retained Card, Printing, and Erratum evidence-unit-18","step_count":1},"retry":{"count":0,"classification":"not_applicable"},"cache":{"status":"unknown"},"d1":{"prepared_statements":19,"batch_calls":3,"batch_statements":11}}

stdout | apps/ingestion/test/publication-caller-retirement.spec.ts > a repeated native publication through binding execution retains unchanged source evidence and obtains the required checkpoint
{"contract":"card-keepr-operational-log@1","event":"workflow.step.completed","runtime":"ingestion","request":{"id":"game-reconcile-0a7fb9a277cd221acef45175a6d5ba9fd30d8eabd436918bca2fa54a9a296cd9","method":"WORKFLOW","route":"/workflows/card-keepr-reconciliation"},"status":200,"duration_ms":2,"workflow":{"step":"reconcile retained Card, Printing, and Erratum evidence-unit-19","step_count":1},"retry":{"count":0,"classification":"not_applicable"},"cache":{"status":"unknown"},"d1":{"prepared_statements":19,"batch_calls":3,"batch_statements":11}}

stdout | apps/ingestion/test/publication-caller-retirement.spec.ts > a repeated native publication through binding execution retains unchanged source evidence and obtains the required checkpoint
{"contract":"card-keepr-operational-log@1","event":"workflow.step.completed","runtime":"ingestion","request":{"id":"game-reconcile-0a7fb9a277cd221acef45175a6d5ba9fd30d8eabd436918bca2fa54a9a296cd9","method":"WORKFLOW","route":"/workflows/card-keepr-reconciliation"},"status":200,"duration_ms":6,"workflow":{"step":"reconcile retained Card, Printing, and Erratum evidence-unit-20","step_count":1},"retry":{"count":0,"classification":"not_applicable"},"cache":{"status":"unknown"},"d1":{"prepared_statements":31,"batch_calls":7,"batch_statements":21}}

stdout | apps/ingestion/test/publication-caller-retirement.spec.ts > a repeated native publication through binding execution retains unchanged source evidence and obtains the required checkpoint
{"contract":"card-keepr-operational-log@1","event":"workflow.step.completed","runtime":"ingestion","request":{"id":"game-reconcile-0a7fb9a277cd221acef45175a6d5ba9fd30d8eabd436918bca2fa54a9a296cd9","method":"WORKFLOW","route":"/workflows/card-keepr-reconciliation"},"status":200,"duration_ms":3,"workflow":{"step":"reconcile retained Card, Printing, and Erratum evidence-unit-21","step_count":1},"retry":{"count":0,"classification":"not_applicable"},"cache":{"status":"unknown"},"d1":{"prepared_statements":23,"batch_calls":4,"batch_statements":13}}

stdout | apps/ingestion/test/publication-caller-retirement.spec.ts > a repeated native publication through binding execution retains unchanged source evidence and obtains the required checkpoint
{"contract":"card-keepr-operational-log@1","event":"workflow.step.completed","runtime":"ingestion","request":{"id":"game-reconcile-0a7fb9a277cd221acef45175a6d5ba9fd30d8eabd436918bca2fa54a9a296cd9","method":"WORKFLOW","route":"/workflows/card-keepr-reconciliation"},"status":200,"duration_ms":3,"workflow":{"step":"reconcile retained Card, Printing, and Erratum evidence-unit-22","step_count":1},"retry":{"count":0,"classification":"not_applicable"},"cache":{"status":"unknown"},"d1":{"prepared_statements":23,"batch_calls":3,"batch_statements":11}}

stdout | apps/ingestion/test/publication-caller-retirement.spec.ts > a repeated native publication through binding execution retains unchanged source evidence and obtains the required checkpoint
{"contract":"card-keepr-operational-log@1","event":"workflow.step.completed","runtime":"ingestion","request":{"id":"game-reconcile-0a7fb9a277cd221acef45175a6d5ba9fd30d8eabd436918bca2fa54a9a296cd9","method":"WORKFLOW","route":"/workflows/card-keepr-reconciliation"},"status":200,"duration_ms":2,"workflow":{"step":"reconcile retained Card, Printing, and Erratum evidence-unit-23","step_count":1},"retry":{"count":0,"classification":"not_applicable"},"cache":{"status":"unknown"},"d1":{"prepared_statements":22,"batch_calls":3,"batch_statements":11}}

stdout | apps/ingestion/test/publication-caller-retirement.spec.ts > a repeated native publication through binding execution retains unchanged source evidence and obtains the required checkpoint
{"contract":"card-keepr-operational-log@1","event":"workflow.step.completed","runtime":"ingestion","request":{"id":"game-reconcile-0a7fb9a277cd221acef45175a6d5ba9fd30d8eabd436918bca2fa54a9a296cd9","method":"WORKFLOW","route":"/workflows/card-keepr-reconciliation"},"status":200,"duration_ms":4,"workflow":{"step":"reconcile retained Card, Printing, and Erratum evidence-unit-24","step_count":1},"retry":{"count":0,"classification":"not_applicable"},"cache":{"status":"unknown"},"d1":{"prepared_statements":25,"batch_calls":4,"batch_statements":13}}

stdout | apps/ingestion/test/publication-caller-retirement.spec.ts > a repeated native publication through binding execution retains unchanged source evidence and obtains the required checkpoint
{"contract":"card-keepr-operational-log@1","event":"workflow.step.completed","runtime":"ingestion","request":{"id":"game-reconcile-0a7fb9a277cd221acef45175a6d5ba9fd30d8eabd436918bca2fa54a9a296cd9","method":"WORKFLOW","route":"/workflows/card-keepr-reconciliation"},"status":200,"duration_ms":3,"workflow":{"step":"reconcile retained Card, Printing, and Erratum evidence-unit-25","step_count":1},"retry":{"count":0,"classification":"not_applicable"},"cache":{"status":"unknown"},"d1":{"prepared_statements":23,"batch_calls":4,"batch_statements":13}}

stdout | apps/ingestion/test/publication-caller-retirement.spec.ts > a repeated native publication through binding execution retains unchanged source evidence and obtains the required checkpoint
{"contract":"card-keepr-operational-log@1","event":"workflow.step.completed","runtime":"ingestion","request":{"id":"game-reconcile-0a7fb9a277cd221acef45175a6d5ba9fd30d8eabd436918bca2fa54a9a296cd9","method":"WORKFLOW","route":"/workflows/card-keepr-reconciliation"},"status":200,"duration_ms":3,"workflow":{"step":"reconcile retained Card, Printing, and Erratum evidence-unit-26","step_count":1},"retry":{"count":0,"classification":"not_applicable"},"cache":{"status":"unknown"},"d1":{"prepared_statements":25,"batch_calls":5,"batch_statements":15}}

stdout | apps/ingestion/test/publication-caller-retirement.spec.ts > a repeated native publication through binding execution retains unchanged source evidence and obtains the required checkpoint
{"contract":"card-keepr-operational-log@1","event":"workflow.step.completed","runtime":"ingestion","request":{"id":"game-reconcile-0a7fb9a277cd221acef45175a6d5ba9fd30d8eabd436918bca2fa54a9a296cd9","method":"WORKFLOW","route":"/workflows/card-keepr-reconciliation"},"status":200,"duration_ms":6,"workflow":{"step":"reconcile retained Card, Printing, and Erratum evidence-unit-27","step_count":1},"retry":{"count":0,"classification":"not_applicable"},"cache":{"status":"unknown"},"d1":{"prepared_statements":22,"batch_calls":4,"batch_statements":13}}

stdout | apps/ingestion/test/publication-caller-retirement.spec.ts > a repeated native publication through binding execution retains unchanged source evidence and obtains the required checkpoint
{"contract":"card-keepr-operational-log@1","event":"workflow.step.completed","runtime":"ingestion","request":{"id":"game-reconcile-0a7fb9a277cd221acef45175a6d5ba9fd30d8eabd436918bca2fa54a9a296cd9","method":"WORKFLOW","route":"/workflows/card-keepr-reconciliation"},"status":200,"duration_ms":3,"workflow":{"step":"reconcile retained Card, Printing, and Erratum evidence-unit-28","step_count":1},"retry":{"count":0,"classification":"not_applicable"},"cache":{"status":"unknown"},"d1":{"prepared_statements":22,"batch_calls":4,"batch_statements":13}}

stdout | apps/ingestion/test/publication-caller-retirement.spec.ts > a repeated native publication through binding execution retains unchanged source evidence and obtains the required checkpoint
{"contract":"card-keepr-operational-log@1","event":"workflow.step.completed","runtime":"ingestion","request":{"id":"game-reconcile-0a7fb9a277cd221acef45175a6d5ba9fd30d8eabd436918bca2fa54a9a296cd9","method":"WORKFLOW","route":"/workflows/card-keepr-reconciliation"},"status":200,"duration_ms":1,"workflow":{"step":"reconcile retained Card, Printing, and Erratum evidence-unit-29","step_count":1},"retry":{"count":0,"classification":"not_applicable"},"cache":{"status":"unknown"},"d1":{"prepared_statements":14,"batch_calls":3,"batch_statements":11}}

stdout | apps/ingestion/test/publication-caller-retirement.spec.ts > a repeated native publication through binding execution retains unchanged source evidence and obtains the required checkpoint
{"contract":"card-keepr-operational-log@1","event":"workflow.step.completed","runtime":"ingestion","request":{"id":"game-reconcile-0a7fb9a277cd221acef45175a6d5ba9fd30d8eabd436918bca2fa54a9a296cd9","method":"WORKFLOW","route":"/workflows/card-keepr-reconciliation"},"status":200,"duration_ms":2,"workflow":{"step":"reconcile retained Card, Printing, and Erratum evidence-unit-30","step_count":1},"retry":{"count":0,"classification":"not_applicable"},"cache":{"status":"unknown"},"d1":{"prepared_statements":14,"batch_calls":3,"batch_statements":11}}

stdout | apps/ingestion/test/publication-caller-retirement.spec.ts > a repeated native publication through binding execution retains unchanged source evidence and obtains the required checkpoint
{"contract":"card-keepr-operational-log@1","event":"workflow.step.completed","runtime":"ingestion","request":{"id":"game-reconcile-0a7fb9a277cd221acef45175a6d5ba9fd30d8eabd436918bca2fa54a9a296cd9","method":"WORKFLOW","route":"/workflows/card-keepr-reconciliation"},"status":200,"duration_ms":1,"workflow":{"step":"reconcile retained Card, Printing, and Erratum evidence-unit-31","step_count":1},"retry":{"count":0,"classification":"not_applicable"},"cache":{"status":"unknown"},"d1":{"prepared_statements":14,"batch_calls":3,"batch_statements":11}}

stdout | apps/ingestion/test/publication-caller-retirement.spec.ts > a repeated native publication through binding execution retains unchanged source evidence and obtains the required checkpoint
{"contract":"card-keepr-operational-log@1","event":"workflow.step.completed","runtime":"ingestion","request":{"id":"game-reconcile-0a7fb9a277cd221acef45175a6d5ba9fd30d8eabd436918bca2fa54a9a296cd9","method":"WORKFLOW","route":"/workflows/card-keepr-reconciliation"},"status":200,"duration_ms":2,"workflow":{"step":"reconcile retained Card, Printing, and Erratum evidence-unit-32","step_count":1},"retry":{"count":0,"classification":"not_applicable"},"cache":{"status":"unknown"},"d1":{"prepared_statements":14,"batch_calls":3,"batch_statements":11}}

stdout | apps/ingestion/test/publication-caller-retirement.spec.ts > a repeated native publication through binding execution retains unchanged source evidence and obtains the required checkpoint
{"contract":"card-keepr-operational-log@1","event":"workflow.step.completed","runtime":"ingestion","request":{"id":"game-reconcile-0a7fb9a277cd221acef45175a6d5ba9fd30d8eabd436918bca2fa54a9a296cd9","method":"WORKFLOW","route":"/workflows/card-keepr-reconciliation"},"status":200,"duration_ms":1,"workflow":{"step":"reconcile retained Card, Printing, and Erratum evidence-unit-33","step_count":1},"retry":{"count":0,"classification":"not_applicable"},"cache":{"status":"unknown"},"d1":{"prepared_statements":14,"batch_calls":3,"batch_statements":11}}

stdout | apps/ingestion/test/publication-caller-retirement.spec.ts > a repeated native publication through binding execution retains unchanged source evidence and obtains the required checkpoint
{"contract":"card-keepr-operational-log@1","event":"workflow.step.completed","runtime":"ingestion","request":{"id":"game-reconcile-0a7fb9a277cd221acef45175a6d5ba9fd30d8eabd436918bca2fa54a9a296cd9","method":"WORKFLOW","route":"/workflows/card-keepr-reconciliation"},"status":200,"duration_ms":2,"workflow":{"step":"reconcile retained Card, Printing, and Erratum evidence-unit-34","step_count":1},"retry":{"count":0,"classification":"not_applicable"},"cache":{"status":"unknown"},"d1":{"prepared_statements":16,"batch_calls":3,"batch_statements":11}}

stdout | apps/ingestion/test/publication-caller-retirement.spec.ts > a repeated native publication through binding execution retains unchanged source evidence and obtains the required checkpoint
{"contract":"card-keepr-operational-log@1","event":"workflow.step.completed","runtime":"ingestion","request":{"id":"game-reconcile-0a7fb9a277cd221acef45175a6d5ba9fd30d8eabd436918bca2fa54a9a296cd9","method":"WORKFLOW","route":"/workflows/card-keepr-reconciliation"},"status":200,"duration_ms":2,"workflow":{"step":"reconcile retained Card, Printing, and Erratum evidence-unit-35","step_count":1},"retry":{"count":0,"classification":"not_applicable"},"cache":{"status":"unknown"},"d1":{"prepared_statements":19,"batch_calls":3,"batch_statements":11}}

stdout | apps/ingestion/test/publication-caller-retirement.spec.ts > a repeated native publication through binding execution retains unchanged source evidence and obtains the required checkpoint
{"contract":"card-keepr-operational-log@1","event":"workflow.step.completed","runtime":"ingestion","request":{"id":"game-reconcile-0a7fb9a277cd221acef45175a6d5ba9fd30d8eabd436918bca2fa54a9a296cd9","method":"WORKFLOW","route":"/workflows/card-keepr-reconciliation"},"status":200,"duration_ms":2,"workflow":{"step":"reconcile retained Card, Printing, and Erratum evidence-unit-36","step_count":1},"retry":{"count":0,"classification":"not_applicable"},"cache":{"status":"unknown"},"d1":{"prepared_statements":23,"batch_calls":3,"batch_statements":11}}

stdout | apps/ingestion/test/publication-caller-retirement.spec.ts > a repeated native publication through binding execution retains unchanged source evidence and obtains the required checkpoint
{"contract":"card-keepr-operational-log@1","event":"workflow.step.completed","runtime":"ingestion","request":{"id":"game-reconcile-0a7fb9a277cd221acef45175a6d5ba9fd30d8eabd436918bca2fa54a9a296cd9","method":"WORKFLOW","route":"/workflows/card-keepr-reconciliation"},"status":200,"duration_ms":3,"workflow":{"step":"reconcile retained Card, Printing, and Erratum evidence-unit-37","step_count":1},"retry":{"count":0,"classification":"not_applicable"},"cache":{"status":"unknown"},"d1":{"prepared_statements":24,"batch_calls":3,"batch_statements":11}}

stdout | apps/ingestion/test/publication-caller-retirement.spec.ts > a repeated native publication through binding execution retains unchanged source evidence and obtains the required checkpoint
{"contract":"card-keepr-operational-log@1","event":"workflow.step.completed","runtime":"ingestion","request":{"id":"game-reconcile-0a7fb9a277cd221acef45175a6d5ba9fd30d8eabd436918bca2fa54a9a296cd9","method":"WORKFLOW","route":"/workflows/card-keepr-reconciliation"},"status":200,"duration_ms":4,"workflow":{"step":"reconcile retained Card, Printing, and Erratum evidence-unit-38","step_count":1},"retry":{"count":0,"classification":"not_applicable"},"cache":{"status":"unknown"},"d1":{"prepared_statements":28,"batch_calls":3,"batch_statements":11}}

stdout | apps/ingestion/test/publication-caller-retirement.spec.ts > a repeated native publication through binding execution retains unchanged source evidence and obtains the required checkpoint
{"contract":"card-keepr-operational-log@1","event":"workflow.step.completed","runtime":"ingestion","request":{"id":"game-reconcile-0a7fb9a277cd221acef45175a6d5ba9fd30d8eabd436918bca2fa54a9a296cd9","method":"WORKFLOW","route":"/workflows/card-keepr-reconciliation"},"status":200,"duration_ms":3,"workflow":{"step":"reconcile retained Card, Printing, and Erratum evidence-unit-39","step_count":1},"retry":{"count":0,"classification":"not_applicable"},"cache":{"status":"unknown"},"d1":{"prepared_statements":25,"batch_calls":3,"batch_statements":11}}

stdout | apps/ingestion/test/publication-caller-retirement.spec.ts > a repeated native publication through binding execution retains unchanged source evidence and obtains the required checkpoint
{"contract":"card-keepr-operational-log@1","event":"workflow.step.completed","runtime":"ingestion","request":{"id":"game-reconcile-0a7fb9a277cd221acef45175a6d5ba9fd30d8eabd436918bca2fa54a9a296cd9","method":"WORKFLOW","route":"/workflows/card-keepr-reconciliation"},"status":200,"duration_ms":1,"workflow":{"step":"retain reconciliation successor","step_count":1},"retry":{"count":0,"classification":"not_applicable"},"cache":{"status":"unknown"},"d1":{"prepared_statements":2,"batch_calls":1,"batch_statements":2}}

stdout | apps/ingestion/test/publication-caller-retirement.spec.ts > a repeated native publication through binding execution retains unchanged source evidence and obtains the required checkpoint
{"contract":"card-keepr-operational-log@1","event":"request.completed","runtime":"ingestion","request":{"id":"0da058d2-57f3-44b3-9044-22ec19d7bd46","method":"GET","route":"/v1/game-candidates/:ref"},"status":200,"duration_ms":1,"workflow":{"step":null},"retry":{"count":0,"classification":"not_applicable"},"cache":{"status":"unknown"},"d1":{"prepared_statements":2,"batch_calls":0,"batch_statements":0}}

stdout | apps/ingestion/test/publication-caller-retirement.spec.ts > a repeated native publication through binding execution retains unchanged source evidence and obtains the required checkpoint
{"contract":"card-keepr-operational-log@1","event":"workflow.step.completed","runtime":"ingestion","request":{"id":"game-reconcile-0a7fb9a277cd221acef45175a6d5ba9fd30d8eabd436918bca2fa54a9a296cd9","method":"WORKFLOW","route":"/workflows/card-keepr-reconciliation"},"status":200,"duration_ms":3,"workflow":{"step":"dispatch reconciliation successor","step_count":1},"retry":{"count":0,"classification":"not_applicable"},"cache":{"status":"unknown"},"d1":{"prepared_statements":0,"batch_calls":0,"batch_statements":0}}

stdout | apps/ingestion/test/publication-caller-retirement.spec.ts > a repeated native publication through binding execution retains unchanged source evidence and obtains the required checkpoint
{"contract":"card-keepr-operational-log@1","event":"workflow.step.completed","runtime":"ingestion","request":{"id":"reconcile-shard-892349366ad51f2faf7ddc054bbdda3ac63d46671c7ac9efbeb78fb3dbd15ab4","method":"WORKFLOW","route":"/workflows/card-keepr-reconciliation"},"status":200,"duration_ms":1,"workflow":{"step":"initialize reconciliation operation","step_count":1},"retry":{"count":0,"classification":"not_applicable"},"cache":{"status":"unknown"},"d1":{"prepared_statements":1,"batch_calls":0,"batch_statements":0}}

stdout | apps/ingestion/test/publication-caller-retirement.spec.ts > a repeated native publication through binding execution retains unchanged source evidence and obtains the required checkpoint
{"contract":"card-keepr-operational-log@1","event":"workflow.step.completed","runtime":"ingestion","request":{"id":"reconcile-shard-892349366ad51f2faf7ddc054bbdda3ac63d46671c7ac9efbeb78fb3dbd15ab4","method":"WORKFLOW","route":"/workflows/card-keepr-reconciliation"},"status":200,"duration_ms":1,"workflow":{"step":"read reconciliation dispatch","step_count":1},"retry":{"count":0,"classification":"not_applicable"},"cache":{"status":"unknown"},"d1":{"prepared_statements":2,"batch_calls":0,"batch_statements":0}}

stdout | apps/ingestion/test/publication-caller-retirement.spec.ts > a repeated native publication through binding execution retains unchanged source evidence and obtains the required checkpoint
{"contract":"card-keepr-operational-log@1","event":"workflow.step.completed","runtime":"ingestion","request":{"id":"reconcile-shard-892349366ad51f2faf7ddc054bbdda3ac63d46671c7ac9efbeb78fb3dbd15ab4","method":"WORKFLOW","route":"/workflows/card-keepr-reconciliation"},"status":200,"duration_ms":7,"workflow":{"step":"reconcile retained Card, Printing, and Erratum evidence-unit-40","step_count":1},"retry":{"count":0,"classification":"not_applicable"},"cache":{"status":"unknown"},"d1":{"prepared_statements":52,"batch_calls":14,"batch_statements":37}}

stdout | apps/ingestion/test/publication-caller-retirement.spec.ts > a repeated native publication through binding execution retains unchanged source evidence and obtains the required checkpoint
{"contract":"card-keepr-operational-log@1","event":"workflow.step.completed","runtime":"ingestion","request":{"id":"reconcile-shard-892349366ad51f2faf7ddc054bbdda3ac63d46671c7ac9efbeb78fb3dbd15ab4","method":"WORKFLOW","route":"/workflows/card-keepr-reconciliation"},"status":200,"duration_ms":2,"workflow":{"step":"reconcile retained Card, Printing, and Erratum evidence-unit-41","step_count":1},"retry":{"count":0,"classification":"not_applicable"},"cache":{"status":"unknown"},"d1":{"prepared_statements":14,"batch_calls":3,"batch_statements":11}}

stdout | apps/ingestion/test/publication-caller-retirement.spec.ts > a repeated native publication through binding execution retains unchanged source evidence and obtains the required checkpoint
{"contract":"card-keepr-operational-log@1","event":"workflow.step.completed","runtime":"ingestion","request":{"id":"reconcile-shard-892349366ad51f2faf7ddc054bbdda3ac63d46671c7ac9efbeb78fb3dbd15ab4","method":"WORKFLOW","route":"/workflows/card-keepr-reconciliation"},"status":200,"duration_ms":1,"workflow":{"step":"reconcile retained Card, Printing, and Erratum evidence-unit-42","step_count":1},"retry":{"count":0,"classification":"not_applicable"},"cache":{"status":"unknown"},"d1":{"prepared_statements":12,"batch_calls":3,"batch_statements":11}}

stdout | apps/ingestion/test/publication-caller-retirement.spec.ts > a repeated native publication through binding execution retains unchanged source evidence and obtains the required checkpoint
{"contract":"card-keepr-operational-log@1","event":"workflow.step.completed","runtime":"ingestion","request":{"id":"reconcile-shard-892349366ad51f2faf7ddc054bbdda3ac63d46671c7ac9efbeb78fb3dbd15ab4","method":"WORKFLOW","route":"/workflows/card-keepr-reconciliation"},"status":200,"duration_ms":1,"workflow":{"step":"reconcile retained Card, Printing, and Erratum evidence-unit-43","step_count":1},"retry":{"count":0,"classification":"not_applicable"},"cache":{"status":"unknown"},"d1":{"prepared_statements":13,"batch_calls":4,"batch_statements":13}}

stdout | apps/ingestion/test/publication-caller-retirement.spec.ts > a repeated native publication through binding execution retains unchanged source evidence and obtains the required checkpoint
{"contract":"card-keepr-operational-log@1","event":"workflow.step.completed","runtime":"ingestion","request":{"id":"reconcile-shard-892349366ad51f2faf7ddc054bbdda3ac63d46671c7ac9efbeb78fb3dbd15ab4","method":"WORKFLOW","route":"/workflows/card-keepr-reconciliation"},"status":200,"duration_ms":1,"workflow":{"step":"reconcile retained Card, Printing, and Erratum evidence-unit-44","step_count":1},"retry":{"count":0,"classification":"not_applicable"},"cache":{"status":"unknown"},"d1":{"prepared_statements":13,"batch_calls":4,"batch_statements":13}}

stdout | apps/ingestion/test/publication-caller-retirement.spec.ts > a repeated native publication through binding execution retains unchanged source evidence and obtains the required checkpoint
{"contract":"card-keepr-operational-log@1","event":"workflow.step.completed","runtime":"ingestion","request":{"id":"reconcile-shard-892349366ad51f2faf7ddc054bbdda3ac63d46671c7ac9efbeb78fb3dbd15ab4","method":"WORKFLOW","route":"/workflows/card-keepr-reconciliation"},"status":200,"duration_ms":1,"workflow":{"step":"reconcile retained Card, Printing, and Erratum evidence-unit-45","step_count":1},"retry":{"count":0,"classification":"not_applicable"},"cache":{"status":"unknown"},"d1":{"prepared_statements":13,"batch_calls":4,"batch_statements":13}}

stdout | apps/ingestion/test/publication-caller-retirement.spec.ts > a repeated native publication through binding execution retains unchanged source evidence and obtains the required checkpoint
{"contract":"card-keepr-operational-log@1","event":"workflow.step.completed","runtime":"ingestion","request":{"id":"reconcile-shard-892349366ad51f2faf7ddc054bbdda3ac63d46671c7ac9efbeb78fb3dbd15ab4","method":"WORKFLOW","route":"/workflows/card-keepr-reconciliation"},"status":200,"duration_ms":1,"workflow":{"step":"reconcile retained Card, Printing, and Erratum evidence-unit-46","step_count":1},"retry":{"count":0,"classification":"not_applicable"},"cache":{"status":"unknown"},"d1":{"prepared_statements":13,"batch_calls":4,"batch_statements":13}}

stdout | apps/ingestion/test/publication-caller-retirement.spec.ts > a repeated native publication through binding execution retains unchanged source evidence and obtains the required checkpoint
{"contract":"card-keepr-operational-log@1","event":"workflow.step.completed","runtime":"ingestion","request":{"id":"reconcile-shard-892349366ad51f2faf7ddc054bbdda3ac63d46671c7ac9efbeb78fb3dbd15ab4","method":"WORKFLOW","route":"/workflows/card-keepr-reconciliation"},"status":200,"duration_ms":2,"workflow":{"step":"reconcile retained Card, Printing, and Erratum evidence-unit-47","step_count":1},"retry":{"count":0,"classification":"not_applicable"},"cache":{"status":"unknown"},"d1":{"prepared_statements":13,"batch_calls":4,"batch_statements":13}}

stdout | apps/ingestion/test/publication-caller-retirement.spec.ts > a repeated native publication through binding execution retains unchanged source evidence and obtains the required checkpoint
{"contract":"card-keepr-operational-log@1","event":"workflow.step.completed","runtime":"ingestion","request":{"id":"reconcile-shard-892349366ad51f2faf7ddc054bbdda3ac63d46671c7ac9efbeb78fb3dbd15ab4","method":"WORKFLOW","route":"/workflows/card-keepr-reconciliation"},"status":200,"duration_ms":1,"workflow":{"step":"reconcile retained Card, Printing, and Erratum evidence-unit-48","step_count":1},"retry":{"count":0,"classification":"not_applicable"},"cache":{"status":"unknown"},"d1":{"prepared_statements":13,"batch_calls":4,"batch_statements":13}}

stdout | apps/ingestion/test/publication-caller-retirement.spec.ts > a repeated native publication through binding execution retains unchanged source evidence and obtains the required checkpoint
{"contract":"card-keepr-operational-log@1","event":"workflow.step.completed","runtime":"ingestion","request":{"id":"reconcile-shard-892349366ad51f2faf7ddc054bbdda3ac63d46671c7ac9efbeb78fb3dbd15ab4","method":"WORKFLOW","route":"/workflows/card-keepr-reconciliation"},"status":200,"duration_ms":1,"workflow":{"step":"reconcile retained Card, Printing, and Erratum evidence-unit-49","step_count":1},"retry":{"count":0,"classification":"not_applicable"},"cache":{"status":"unknown"},"d1":{"prepared_statements":13,"batch_calls":4,"batch_statements":13}}

stdout | apps/ingestion/test/publication-caller-retirement.spec.ts > a repeated native publication through binding execution retains unchanged source evidence and obtains the required checkpoint
{"contract":"card-keepr-operational-log@1","event":"workflow.step.completed","runtime":"ingestion","request":{"id":"reconcile-shard-892349366ad51f2faf7ddc054bbdda3ac63d46671c7ac9efbeb78fb3dbd15ab4","method":"WORKFLOW","route":"/workflows/card-keepr-reconciliation"},"status":200,"duration_ms":1,"workflow":{"step":"reconcile retained Card, Printing, and Erratum evidence-unit-50","step_count":1},"retry":{"count":0,"classification":"not_applicable"},"cache":{"status":"unknown"},"d1":{"prepared_statements":13,"batch_calls":4,"batch_statements":13}}

stdout | apps/ingestion/test/publication-caller-retirement.spec.ts > a repeated native publication through binding execution retains unchanged source evidence and obtains the required checkpoint
{"contract":"card-keepr-operational-log@1","event":"workflow.step.completed","runtime":"ingestion","request":{"id":"reconcile-shard-892349366ad51f2faf7ddc054bbdda3ac63d46671c7ac9efbeb78fb3dbd15ab4","method":"WORKFLOW","route":"/workflows/card-keepr-reconciliation"},"status":200,"duration_ms":1,"workflow":{"step":"reconcile retained Card, Printing, and Erratum evidence-unit-51","step_count":1},"retry":{"count":0,"classification":"not_applicable"},"cache":{"status":"unknown"},"d1":{"prepared_statements":13,"batch_calls":4,"batch_statements":13}}

stdout | apps/ingestion/test/publication-caller-retirement.spec.ts > a repeated native publication through binding execution retains unchanged source evidence and obtains the required checkpoint
{"contract":"card-keepr-operational-log@1","event":"workflow.step.completed","runtime":"ingestion","request":{"id":"reconcile-shard-892349366ad51f2faf7ddc054bbdda3ac63d46671c7ac9efbeb78fb3dbd15ab4","method":"WORKFLOW","route":"/workflows/card-keepr-reconciliation"},"status":200,"duration_ms":2,"workflow":{"step":"reconcile retained Card, Printing, and Erratum evidence-unit-52","step_count":1},"retry":{"count":0,"classification":"not_applicable"},"cache":{"status":"unknown"},"d1":{"prepared_statements":13,"batch_calls":4,"batch_statements":13}}

stdout | apps/ingestion/test/publication-caller-retirement.spec.ts > a repeated native publication through binding execution retains unchanged source evidence and obtains the required checkpoint
{"contract":"card-keepr-operational-log@1","event":"workflow.step.completed","runtime":"ingestion","request":{"id":"reconcile-shard-892349366ad51f2faf7ddc054bbdda3ac63d46671c7ac9efbeb78fb3dbd15ab4","method":"WORKFLOW","route":"/workflows/card-keepr-reconciliation"},"status":200,"duration_ms":2,"workflow":{"step":"reconcile retained Card, Printing, and Erratum evidence-unit-53","step_count":1},"retry":{"count":0,"classification":"not_applicable"},"cache":{"status":"unknown"},"d1":{"prepared_statements":13,"batch_calls":4,"batch_statements":13}}

stdout | apps/ingestion/test/publication-caller-retirement.spec.ts > a repeated native publication through binding execution retains unchanged source evidence and obtains the required checkpoint
{"contract":"card-keepr-operational-log@1","event":"workflow.step.completed","runtime":"ingestion","request":{"id":"reconcile-shard-892349366ad51f2faf7ddc054bbdda3ac63d46671c7ac9efbeb78fb3dbd15ab4","method":"WORKFLOW","route":"/workflows/card-keepr-reconciliation"},"status":200,"duration_ms":1,"workflow":{"step":"reconcile retained Card, Printing, and Erratum evidence-unit-54","step_count":1},"retry":{"count":0,"classification":"not_applicable"},"cache":{"status":"unknown"},"d1":{"prepared_statements":13,"batch_calls":4,"batch_statements":13}}

stdout | apps/ingestion/test/publication-caller-retirement.spec.ts > a repeated native publication through binding execution retains unchanged source evidence and obtains the required checkpoint
{"contract":"card-keepr-operational-log@1","event":"workflow.step.completed","runtime":"ingestion","request":{"id":"reconcile-shard-892349366ad51f2faf7ddc054bbdda3ac63d46671c7ac9efbeb78fb3dbd15ab4","method":"WORKFLOW","route":"/workflows/card-keepr-reconciliation"},"status":200,"duration_ms":1,"workflow":{"step":"reconcile retained Card, Printing, and Erratum evidence-unit-55","step_count":1},"retry":{"count":0,"classification":"not_applicable"},"cache":{"status":"unknown"},"d1":{"prepared_statements":14,"batch_calls":4,"batch_statements":13}}

stdout | apps/ingestion/test/publication-caller-retirement.spec.ts > a repeated native publication through binding execution retains unchanged source evidence and obtains the required checkpoint
{"contract":"card-keepr-operational-log@1","event":"workflow.step.completed","runtime":"ingestion","request":{"id":"reconcile-shard-892349366ad51f2faf7ddc054bbdda3ac63d46671c7ac9efbeb78fb3dbd15ab4","method":"WORKFLOW","route":"/workflows/card-keepr-reconciliation"},"status":200,"duration_ms":1,"workflow":{"step":"reconcile retained Card, Printing, and Erratum evidence-unit-56","step_count":1},"retry":{"count":0,"classification":"not_applicable"},"cache":{"status":"unknown"},"d1":{"prepared_statements":13,"batch_calls":4,"batch_statements":13}}

stdout | apps/ingestion/test/publication-caller-retirement.spec.ts > a repeated native publication through binding execution retains unchanged source evidence and obtains the required checkpoint
{"contract":"card-keepr-operational-log@1","event":"workflow.step.completed","runtime":"ingestion","request":{"id":"reconcile-shard-892349366ad51f2faf7ddc054bbdda3ac63d46671c7ac9efbeb78fb3dbd15ab4","method":"WORKFLOW","route":"/workflows/card-keepr-reconciliation"},"status":200,"duration_ms":1,"workflow":{"step":"reconcile retained Card, Printing, and Erratum evidence-unit-57","step_count":1},"retry":{"count":0,"classification":"not_applicable"},"cache":{"status":"unknown"},"d1":{"prepared_statements":13,"batch_calls":4,"batch_statements":13}}

stdout | apps/ingestion/test/publication-caller-retirement.spec.ts > a repeated native publication through binding execution retains unchanged source evidence and obtains the required checkpoint
{"contract":"card-keepr-operational-log@1","event":"workflow.step.completed","runtime":"ingestion","request":{"id":"reconcile-shard-892349366ad51f2faf7ddc054bbdda3ac63d46671c7ac9efbeb78fb3dbd15ab4","method":"WORKFLOW","route":"/workflows/card-keepr-reconciliation"},"status":200,"duration_ms":2,"workflow":{"step":"reconcile retained Card, Printing, and Erratum evidence-unit-58","step_count":1},"retry":{"count":0,"classification":"not_applicable"},"cache":{"status":"unknown"},"d1":{"prepared_statements":21,"batch_calls":8,"batch_statements":21}}

stdout | apps/ingestion/test/publication-caller-retirement.spec.ts > a repeated native publication through binding execution retains unchanged source evidence and obtains the required checkpoint
{"contract":"card-keepr-operational-log@1","event":"workflow.step.completed","runtime":"ingestion","request":{"id":"reconcile-shard-892349366ad51f2faf7ddc054bbdda3ac63d46671c7ac9efbeb78fb3dbd15ab4","method":"WORKFLOW","route":"/workflows/card-keepr-reconciliation"},"status":200,"duration_ms":1,"workflow":{"step":"reconcile retained Card, Printing, and Erratum evidence-unit-59","step_count":1},"retry":{"count":0,"classification":"not_applicable"},"cache":{"status":"unknown"},"d1":{"prepared_statements":19,"batch_calls":7,"batch_statements":19}}

stdout | apps/ingestion/test/publication-caller-retirement.spec.ts > a repeated native publication through binding execution retains unchanged source evidence and obtains the required checkpoint
{"contract":"card-keepr-operational-log@1","event":"workflow.step.completed","runtime":"ingestion","request":{"id":"reconcile-shard-892349366ad51f2faf7ddc054bbdda3ac63d46671c7ac9efbeb78fb3dbd15ab4","method":"WORKFLOW","route":"/workflows/card-keepr-reconciliation"},"status":200,"duration_ms":2,"workflow":{"step":"reconcile retained Card, Printing, and Erratum evidence-unit-60","step_count":1},"retry":{"count":0,"classification":"not_applicable"},"cache":{"status":"unknown"},"d1":{"prepared_statements":19,"batch_calls":7,"batch_statements":19}}

stdout | apps/ingestion/test/publication-caller-retirement.spec.ts > a repeated native publication through binding execution retains unchanged source evidence and obtains the required checkpoint
{"contract":"card-keepr-operational-log@1","event":"workflow.step.completed","runtime":"ingestion","request":{"id":"reconcile-shard-892349366ad51f2faf7ddc054bbdda3ac63d46671c7ac9efbeb78fb3dbd15ab4","method":"WORKFLOW","route":"/workflows/card-keepr-reconciliation"},"status":200,"duration_ms":1,"workflow":{"step":"reconcile retained Card, Printing, and Erratum evidence-unit-61","step_count":1},"retry":{"count":0,"classification":"not_applicable"},"cache":{"status":"unknown"},"d1":{"prepared_statements":13,"batch_calls":4,"batch_statements":13}}

stdout | apps/ingestion/test/publication-caller-retirement.spec.ts > a repeated native publication through binding execution retains unchanged source evidence and obtains the required checkpoint
{"contract":"card-keepr-operational-log@1","event":"workflow.step.completed","runtime":"ingestion","request":{"id":"reconcile-shard-892349366ad51f2faf7ddc054bbdda3ac63d46671c7ac9efbeb78fb3dbd15ab4","method":"WORKFLOW","route":"/workflows/card-keepr-reconciliation"},"status":200,"duration_ms":2,"workflow":{"step":"reconcile retained Card, Printing, and Erratum evidence-unit-62","step_count":1},"retry":{"count":0,"classification":"not_applicable"},"cache":{"status":"unknown"},"d1":{"prepared_statements":13,"batch_calls":4,"batch_statements":13}}

stdout | apps/ingestion/test/publication-caller-retirement.spec.ts > a repeated native publication through binding execution retains unchanged source evidence and obtains the required checkpoint
{"contract":"card-keepr-operational-log@1","event":"workflow.step.completed","runtime":"ingestion","request":{"id":"reconcile-shard-892349366ad51f2faf7ddc054bbdda3ac63d46671c7ac9efbeb78fb3dbd15ab4","method":"WORKFLOW","route":"/workflows/card-keepr-reconciliation"},"status":200,"duration_ms":5,"workflow":{"step":"reconcile retained Card, Printing, and Erratum evidence-unit-63","step_count":1},"retry":{"count":0,"classification":"not_applicable"},"cache":{"status":"unknown"},"d1":{"prepared_statements":22,"batch_calls":8,"batch_statements":21}}

stdout | apps/ingestion/test/publication-caller-retirement.spec.ts > a repeated native publication through binding execution retains unchanged source evidence and obtains the required checkpoint
{"contract":"card-keepr-operational-log@1","event":"workflow.step.completed","runtime":"ingestion","request":{"id":"reconcile-shard-892349366ad51f2faf7ddc054bbdda3ac63d46671c7ac9efbeb78fb3dbd15ab4","method":"WORKFLOW","route":"/workflows/card-keepr-reconciliation"},"status":200,"duration_ms":2,"workflow":{"step":"reconcile retained Card, Printing, and Erratum evidence-unit-64","step_count":1},"retry":{"count":0,"classification":"not_applicable"},"cache":{"status":"unknown"},"d1":{"prepared_statements":22,"batch_calls":8,"batch_statements":21}}

stdout | apps/ingestion/test/publication-caller-retirement.spec.ts > a repeated native publication through binding execution retains unchanged source evidence and obtains the required checkpoint
{"contract":"card-keepr-operational-log@1","event":"workflow.step.completed","runtime":"ingestion","request":{"id":"reconcile-shard-892349366ad51f2faf7ddc054bbdda3ac63d46671c7ac9efbeb78fb3dbd15ab4","method":"WORKFLOW","route":"/workflows/card-keepr-reconciliation"},"status":200,"duration_ms":2,"workflow":{"step":"reconcile retained Card, Printing, and Erratum evidence-unit-65","step_count":1},"retry":{"count":0,"classification":"not_applicable"},"cache":{"status":"unknown"},"d1":{"prepared_statements":19,"batch_calls":7,"batch_statements":19}}

stdout | apps/ingestion/test/publication-caller-retirement.spec.ts > a repeated native publication through binding execution retains unchanged source evidence and obtains the required checkpoint
{"contract":"card-keepr-operational-log@1","event":"workflow.step.completed","runtime":"ingestion","request":{"id":"reconcile-shard-892349366ad51f2faf7ddc054bbdda3ac63d46671c7ac9efbeb78fb3dbd15ab4","method":"WORKFLOW","route":"/workflows/card-keepr-reconciliation"},"status":200,"duration_ms":1,"workflow":{"step":"reconcile retained Card, Printing, and Erratum evidence-unit-66","step_count":1},"retry":{"count":0,"classification":"not_applicable"},"cache":{"status":"unknown"},"d1":{"prepared_statements":13,"batch_calls":4,"batch_statements":13}}

stdout | apps/ingestion/test/publication-caller-retirement.spec.ts > a repeated native publication through binding execution retains unchanged source evidence and obtains the required checkpoint
{"contract":"card-keepr-operational-log@1","event":"workflow.step.completed","runtime":"ingestion","request":{"id":"reconcile-shard-892349366ad51f2faf7ddc054bbdda3ac63d46671c7ac9efbeb78fb3dbd15ab4","method":"WORKFLOW","route":"/workflows/card-keepr-reconciliation"},"status":200,"duration_ms":4,"workflow":{"step":"reconcile retained Card, Printing, and Erratum evidence-unit-67","step_count":1},"retry":{"count":0,"classification":"not_applicable"},"cache":{"status":"unknown"},"d1":{"prepared_statements":27,"batch_calls":7,"batch_statements":26}}

stdout | apps/ingestion/test/publication-caller-retirement.spec.ts > a repeated native publication through binding execution retains unchanged source evidence and obtains the required checkpoint
{"contract":"card-keepr-operational-log@1","event":"workflow.step.completed","runtime":"ingestion","request":{"id":"reconcile-shard-892349366ad51f2faf7ddc054bbdda3ac63d46671c7ac9efbeb78fb3dbd15ab4","method":"WORKFLOW","route":"/workflows/card-keepr-reconciliation"},"status":200,"duration_ms":3,"workflow":{"step":"reconcile retained Card, Printing, and Erratum evidence-unit-68","step_count":1},"retry":{"count":0,"classification":"not_applicable"},"cache":{"status":"unknown"},"d1":{"prepared_statements":13,"batch_calls":4,"batch_statements":13}}

stdout | apps/ingestion/test/publication-caller-retirement.spec.ts > a repeated native publication through binding execution retains unchanged source evidence and obtains the required checkpoint
{"contract":"card-keepr-operational-log@1","event":"workflow.step.completed","runtime":"ingestion","request":{"id":"reconcile-shard-892349366ad51f2faf7ddc054bbdda3ac63d46671c7ac9efbeb78fb3dbd15ab4","method":"WORKFLOW","route":"/workflows/card-keepr-reconciliation"},"status":200,"duration_ms":2,"workflow":{"step":"reconcile retained Card, Printing, and Erratum evidence-unit-69","step_count":1},"retry":{"count":0,"classification":"not_applicable"},"cache":{"status":"unknown"},"d1":{"prepared_statements":19,"batch_calls":7,"batch_statements":19}}

stdout | apps/ingestion/test/publication-caller-retirement.spec.ts > a repeated native publication through binding execution retains unchanged source evidence and obtains the required checkpoint
{"contract":"card-keepr-operational-log@1","event":"workflow.step.completed","runtime":"ingestion","request":{"id":"reconcile-shard-892349366ad51f2faf7ddc054bbdda3ac63d46671c7ac9efbeb78fb3dbd15ab4","method":"WORKFLOW","route":"/workflows/card-keepr-reconciliation"},"status":200,"duration_ms":1,"workflow":{"step":"reconcile retained Card, Printing, and Erratum evidence-unit-70","step_count":1},"retry":{"count":0,"classification":"not_applicable"},"cache":{"status":"unknown"},"d1":{"prepared_statements":13,"batch_calls":4,"batch_statements":13}}

stdout | apps/ingestion/test/publication-caller-retirement.spec.ts > a repeated native publication through binding execution retains unchanged source evidence and obtains the required checkpoint
{"contract":"card-keepr-operational-log@1","event":"workflow.step.completed","runtime":"ingestion","request":{"id":"reconcile-shard-892349366ad51f2faf7ddc054bbdda3ac63d46671c7ac9efbeb78fb3dbd15ab4","method":"WORKFLOW","route":"/workflows/card-keepr-reconciliation"},"status":200,"duration_ms":2,"workflow":{"step":"reconcile retained Card, Printing, and Erratum evidence-unit-71","step_count":1},"retry":{"count":0,"classification":"not_applicable"},"cache":{"status":"unknown"},"d1":{"prepared_statements":13,"batch_calls":4,"batch_statements":13}}

stdout | apps/ingestion/test/publication-caller-retirement.spec.ts > a repeated native publication through binding execution retains unchanged source evidence and obtains the required checkpoint
{"contract":"card-keepr-operational-log@1","event":"workflow.step.completed","runtime":"ingestion","request":{"id":"reconcile-shard-892349366ad51f2faf7ddc054bbdda3ac63d46671c7ac9efbeb78fb3dbd15ab4","method":"WORKFLOW","route":"/workflows/card-keepr-reconciliation"},"status":200,"duration_ms":1,"workflow":{"step":"reconcile retained Card, Printing, and Erratum evidence-unit-72","step_count":1},"retry":{"count":0,"classification":"not_applicable"},"cache":{"status":"unknown"},"d1":{"prepared_statements":13,"batch_calls":4,"batch_statements":13}}

stdout | apps/ingestion/test/publication-caller-retirement.spec.ts > a repeated native publication through binding execution retains unchanged source evidence and obtains the required checkpoint
{"contract":"card-keepr-operational-log@1","event":"workflow.step.completed","runtime":"ingestion","request":{"id":"reconcile-shard-892349366ad51f2faf7ddc054bbdda3ac63d46671c7ac9efbeb78fb3dbd15ab4","method":"WORKFLOW","route":"/workflows/card-keepr-reconciliation"},"status":200,"duration_ms":1,"workflow":{"step":"reconcile retained Card, Printing, and Erratum evidence-unit-73","step_count":1},"retry":{"count":0,"classification":"not_applicable"},"cache":{"status":"unknown"},"d1":{"prepared_statements":13,"batch_calls":4,"batch_statements":13}}

stdout | apps/ingestion/test/publication-caller-retirement.spec.ts > a repeated native publication through binding execution retains unchanged source evidence and obtains the required checkpoint
{"contract":"card-keepr-operational-log@1","event":"workflow.step.completed","runtime":"ingestion","request":{"id":"reconcile-shard-892349366ad51f2faf7ddc054bbdda3ac63d46671c7ac9efbeb78fb3dbd15ab4","method":"WORKFLOW","route":"/workflows/card-keepr-reconciliation"},"status":200,"duration_ms":1,"workflow":{"step":"reconcile retained Card, Printing, and Erratum evidence-unit-74","step_count":1},"retry":{"count":0,"classification":"not_applicable"},"cache":{"status":"unknown"},"d1":{"prepared_statements":14,"batch_calls":4,"batch_statements":13}}

stdout | apps/ingestion/test/publication-caller-retirement.spec.ts > a repeated native publication through binding execution retains unchanged source evidence and obtains the required checkpoint
{"contract":"card-keepr-operational-log@1","event":"workflow.step.completed","runtime":"ingestion","request":{"id":"reconcile-shard-892349366ad51f2faf7ddc054bbdda3ac63d46671c7ac9efbeb78fb3dbd15ab4","method":"WORKFLOW","route":"/workflows/card-keepr-reconciliation"},"status":200,"duration_ms":1,"workflow":{"step":"reconcile retained Card, Printing, and Erratum evidence-unit-75","step_count":1},"retry":{"count":0,"classification":"not_applicable"},"cache":{"status":"unknown"},"d1":{"prepared_statements":14,"batch_calls":4,"batch_statements":13}}

stdout | apps/ingestion/test/publication-caller-retirement.spec.ts > a repeated native publication through binding execution retains unchanged source evidence and obtains the required checkpoint
{"contract":"card-keepr-operational-log@1","event":"workflow.step.completed","runtime":"ingestion","request":{"id":"reconcile-shard-892349366ad51f2faf7ddc054bbdda3ac63d46671c7ac9efbeb78fb3dbd15ab4","method":"WORKFLOW","route":"/workflows/card-keepr-reconciliation"},"status":200,"duration_ms":1,"workflow":{"step":"reconcile retained Card, Printing, and Erratum evidence-unit-76","step_count":1},"retry":{"count":0,"classification":"not_applicable"},"cache":{"status":"unknown"},"d1":{"prepared_statements":13,"batch_calls":4,"batch_statements":13}}

stdout | apps/ingestion/test/publication-caller-retirement.spec.ts > a repeated native publication through binding execution retains unchanged source evidence and obtains the required checkpoint
{"contract":"card-keepr-operational-log@1","event":"workflow.step.completed","runtime":"ingestion","request":{"id":"reconcile-shard-892349366ad51f2faf7ddc054bbdda3ac63d46671c7ac9efbeb78fb3dbd15ab4","method":"WORKFLOW","route":"/workflows/card-keepr-reconciliation"},"status":200,"duration_ms":1,"workflow":{"step":"reconcile retained Card, Printing, and Erratum evidence-unit-77","step_count":1},"retry":{"count":0,"classification":"not_applicable"},"cache":{"status":"unknown"},"d1":{"prepared_statements":14,"batch_calls":4,"batch_statements":13}}

stdout | apps/ingestion/test/publication-caller-retirement.spec.ts > a repeated native publication through binding execution retains unchanged source evidence and obtains the required checkpoint
{"contract":"card-keepr-operational-log@1","event":"workflow.step.completed","runtime":"ingestion","request":{"id":"reconcile-shard-892349366ad51f2faf7ddc054bbdda3ac63d46671c7ac9efbeb78fb3dbd15ab4","method":"WORKFLOW","route":"/workflows/card-keepr-reconciliation"},"status":200,"duration_ms":1,"workflow":{"step":"reconcile retained Card, Printing, and Erratum evidence-unit-78","step_count":1},"retry":{"count":0,"classification":"not_applicable"},"cache":{"status":"unknown"},"d1":{"prepared_statements":14,"batch_calls":4,"batch_statements":13}}

stdout | apps/ingestion/test/publication-caller-retirement.spec.ts > a repeated native publication through binding execution retains unchanged source evidence and obtains the required checkpoint
{"contract":"card-keepr-operational-log@1","event":"workflow.step.completed","runtime":"ingestion","request":{"id":"reconcile-shard-892349366ad51f2faf7ddc054bbdda3ac63d46671c7ac9efbeb78fb3dbd15ab4","method":"WORKFLOW","route":"/workflows/card-keepr-reconciliation"},"status":200,"duration_ms":3,"workflow":{"step":"reconcile retained Card, Printing, and Erratum evidence-unit-79","step_count":1},"retry":{"count":0,"classification":"not_applicable"},"cache":{"status":"unknown"},"d1":{"prepared_statements":30,"batch_calls":11,"batch_statements":27}}

stdout | apps/ingestion/test/publication-caller-retirement.spec.ts > a repeated native publication through binding execution retains unchanged source evidence and obtains the required checkpoint
{"contract":"card-keepr-operational-log@1","event":"workflow.step.completed","runtime":"ingestion","request":{"id":"reconcile-shard-892349366ad51f2faf7ddc054bbdda3ac63d46671c7ac9efbeb78fb3dbd15ab4","method":"WORKFLOW","route":"/workflows/card-keepr-reconciliation"},"status":200,"duration_ms":0,"workflow":{"step":"retain reconciliation successor","step_count":1},"retry":{"count":0,"classification":"not_applicable"},"cache":{"status":"unknown"},"d1":{"prepared_statements":2,"batch_calls":1,"batch_statements":2}}

stdout | apps/ingestion/test/publication-caller-retirement.spec.ts > a repeated native publication through binding execution retains unchanged source evidence and obtains the required checkpoint
{"contract":"card-keepr-operational-log@1","event":"workflow.step.completed","runtime":"ingestion","request":{"id":"reconcile-shard-892349366ad51f2faf7ddc054bbdda3ac63d46671c7ac9efbeb78fb3dbd15ab4","method":"WORKFLOW","route":"/workflows/card-keepr-reconciliation"},"status":200,"duration_ms":4,"workflow":{"step":"dispatch reconciliation successor","step_count":1},"retry":{"count":0,"classification":"not_applicable"},"cache":{"status":"unknown"},"d1":{"prepared_statements":0,"batch_calls":0,"batch_statements":0}}

stdout | apps/ingestion/test/publication-caller-retirement.spec.ts > a repeated native publication through binding execution retains unchanged source evidence and obtains the required checkpoint
{"contract":"card-keepr-operational-log@1","event":"workflow.step.completed","runtime":"ingestion","request":{"id":"reconcile-shard-8d7e1dc86e6ba937a980f0c9a475de544ac2b61c5cc61b280d861e7d07ade67d","method":"WORKFLOW","route":"/workflows/card-keepr-reconciliation"},"status":200,"duration_ms":1,"workflow":{"step":"initialize reconciliation operation","step_count":1},"retry":{"count":0,"classification":"not_applicable"},"cache":{"status":"unknown"},"d1":{"prepared_statements":1,"batch_calls":0,"batch_statements":0}}

stdout | apps/ingestion/test/publication-caller-retirement.spec.ts > a repeated native publication through binding execution retains unchanged source evidence and obtains the required checkpoint
{"contract":"card-keepr-operational-log@1","event":"request.completed","runtime":"ingestion","request":{"id":"932ee2b0-1b87-427c-b9bf-91e3edafb5e7","method":"GET","route":"/v1/game-candidates/:ref"},"status":200,"duration_ms":3,"workflow":{"step":null},"retry":{"count":0,"classification":"not_applicable"},"cache":{"status":"unknown"},"d1":{"prepared_statements":2,"batch_calls":0,"batch_statements":0}}

stdout | apps/ingestion/test/publication-caller-retirement.spec.ts > a repeated native publication through binding execution retains unchanged source evidence and obtains the required checkpoint
{"contract":"card-keepr-operational-log@1","event":"workflow.step.completed","runtime":"ingestion","request":{"id":"reconcile-shard-8d7e1dc86e6ba937a980f0c9a475de544ac2b61c5cc61b280d861e7d07ade67d","method":"WORKFLOW","route":"/workflows/card-keepr-reconciliation"},"status":200,"duration_ms":1,"workflow":{"step":"read reconciliation dispatch","step_count":1},"retry":{"count":0,"classification":"not_applicable"},"cache":{"status":"unknown"},"d1":{"prepared_statements":2,"batch_calls":0,"batch_statements":0}}

stdout | apps/ingestion/test/publication-caller-retirement.spec.ts > a repeated native publication through binding execution retains unchanged source evidence and obtains the required checkpoint
{"contract":"card-keepr-operational-log@1","event":"workflow.step.completed","runtime":"ingestion","request":{"id":"reconcile-shard-8d7e1dc86e6ba937a980f0c9a475de544ac2b61c5cc61b280d861e7d07ade67d","method":"WORKFLOW","route":"/workflows/card-keepr-reconciliation"},"status":200,"duration_ms":2,"workflow":{"step":"reconcile retained Card, Printing, and Erratum evidence-unit-80","step_count":1},"retry":{"count":0,"classification":"not_applicable"},"cache":{"status":"unknown"},"d1":{"prepared_statements":15,"batch_calls":5,"batch_statements":15}}

stdout | apps/ingestion/test/publication-caller-retirement.spec.ts > a repeated native publication through binding execution retains unchanged source evidence and obtains the required checkpoint
{"contract":"card-keepr-operational-log@1","event":"workflow.step.completed","runtime":"ingestion","request":{"id":"reconcile-shard-8d7e1dc86e6ba937a980f0c9a475de544ac2b61c5cc61b280d861e7d07ade67d","method":"WORKFLOW","route":"/workflows/card-keepr-reconciliation"},"status":200,"duration_ms":1,"workflow":{"step":"reconcile retained Card, Printing, and Erratum evidence-unit-81","step_count":1},"retry":{"count":0,"classification":"not_applicable"},"cache":{"status":"unknown"},"d1":{"prepared_statements":16,"batch_calls":5,"batch_statements":15}}

stdout | apps/ingestion/test/publication-caller-retirement.spec.ts > a repeated native publication through binding execution retains unchanged source evidence and obtains the required checkpoint
{"contract":"card-keepr-operational-log@1","event":"workflow.step.completed","runtime":"ingestion","request":{"id":"reconcile-shard-8d7e1dc86e6ba937a980f0c9a475de544ac2b61c5cc61b280d861e7d07ade67d","method":"WORKFLOW","route":"/workflows/card-keepr-reconciliation"},"status":200,"duration_ms":2,"workflow":{"step":"reconcile retained Card, Printing, and Erratum evidence-unit-82","step_count":1},"retry":{"count":0,"classification":"not_applicable"},"cache":{"status":"unknown"},"d1":{"prepared_statements":16,"batch_calls":5,"batch_statements":15}}

stdout | apps/ingestion/test/publication-caller-retirement.spec.ts > a repeated native publication through binding execution retains unchanged source evidence and obtains the required checkpoint
{"contract":"card-keepr-operational-log@1","event":"workflow.step.completed","runtime":"ingestion","request":{"id":"reconcile-shard-8d7e1dc86e6ba937a980f0c9a475de544ac2b61c5cc61b280d861e7d07ade67d","method":"WORKFLOW","route":"/workflows/card-keepr-reconciliation"},"status":200,"duration_ms":3,"workflow":{"step":"reconcile retained Card, Printing, and Erratum evidence-unit-83","step_count":1},"retry":{"count":0,"classification":"not_applicable"},"cache":{"status":"unknown"},"d1":{"prepared_statements":20,"batch_calls":7,"batch_statements":19}}

stdout | apps/ingestion/test/publication-caller-retirement.spec.ts > a repeated native publication through binding execution retains unchanged source evidence and obtains the required checkpoint
{"contract":"card-keepr-operational-log@1","event":"workflow.step.completed","runtime":"ingestion","request":{"id":"reconcile-shard-8d7e1dc86e6ba937a980f0c9a475de544ac2b61c5cc61b280d861e7d07ade67d","method":"WORKFLOW","route":"/workflows/card-keepr-reconciliation"},"status":200,"duration_ms":2,"workflow":{"step":"reconcile retained Card, Printing, and Erratum evidence-unit-84","step_count":1},"retry":{"count":0,"classification":"not_applicable"},"cache":{"status":"unknown"},"d1":{"prepared_statements":15,"batch_calls":4,"batch_statements":13}}

stdout | apps/ingestion/test/publication-caller-retirement.spec.ts > a repeated native publication through binding execution retains unchanged source evidence and obtains the required checkpoint
{"contract":"card-keepr-operational-log@1","event":"workflow.step.completed","runtime":"ingestion","request":{"id":"reconcile-shard-8d7e1dc86e6ba937a980f0c9a475de544ac2b61c5cc61b280d861e7d07ade67d","method":"WORKFLOW","route":"/workflows/card-keepr-reconciliation"},"status":200,"duration_ms":1,"workflow":{"step":"reconcile retained Card, Printing, and Erratum evidence-unit-85","step_count":1},"retry":{"count":0,"classification":"not_applicable"},"cache":{"status":"unknown"},"d1":{"prepared_statements":15,"batch_calls":4,"batch_statements":13}}

stdout | apps/ingestion/test/publication-caller-retirement.spec.ts > a repeated native publication through binding execution retains unchanged source evidence and obtains the required checkpoint
{"contract":"card-keepr-operational-log@1","event":"workflow.step.completed","runtime":"ingestion","request":{"id":"reconcile-shard-8d7e1dc86e6ba937a980f0c9a475de544ac2b61c5cc61b280d861e7d07ade67d","method":"WORKFLOW","route":"/workflows/card-keepr-reconciliation"},"status":200,"duration_ms":2,"workflow":{"step":"reconcile retained Card, Printing, and Erratum evidence-unit-86","step_count":1},"retry":{"count":0,"classification":"not_applicable"},"cache":{"status":"unknown"},"d1":{"prepared_statements":20,"batch_calls":7,"batch_statements":19}}

stdout | apps/ingestion/test/publication-caller-retirement.spec.ts > a repeated native publication through binding execution retains unchanged source evidence and obtains the required checkpoint
{"contract":"card-keepr-operational-log@1","event":"workflow.step.completed","runtime":"ingestion","request":{"id":"reconcile-shard-8d7e1dc86e6ba937a980f0c9a475de544ac2b61c5cc61b280d861e7d07ade67d","method":"WORKFLOW","route":"/workflows/card-keepr-reconciliation"},"status":200,"duration_ms":2,"workflow":{"step":"reconcile retained Card, Printing, and Erratum evidence-unit-87","step_count":1},"retry":{"count":0,"classification":"not_applicable"},"cache":{"status":"unknown"},"d1":{"prepared_statements":23,"batch_calls":8,"batch_statements":21}}

stdout | apps/ingestion/test/publication-caller-retirement.spec.ts > a repeated native publication through binding execution retains unchanged source evidence and obtains the required checkpoint
{"contract":"card-keepr-operational-log@1","event":"workflow.step.completed","runtime":"ingestion","request":{"id":"reconcile-shard-8d7e1dc86e6ba937a980f0c9a475de544ac2b61c5cc61b280d861e7d07ade67d","method":"WORKFLOW","route":"/workflows/card-keepr-reconciliation"},"status":200,"duration_ms":2,"workflow":{"step":"reconcile retained Card, Printing, and Erratum evidence-unit-88","step_count":1},"retry":{"count":0,"classification":"not_applicable"},"cache":{"status":"unknown"},"d1":{"prepared_statements":17,"batch_calls":5,"batch_statements":15}}

stdout | apps/ingestion/test/publication-caller-retirement.spec.ts > a repeated native publication through binding execution retains unchanged source evidence and obtains the required checkpoint
{"contract":"card-keepr-operational-log@1","event":"workflow.step.completed","runtime":"ingestion","request":{"id":"reconcile-shard-8d7e1dc86e6ba937a980f0c9a475de544ac2b61c5cc61b280d861e7d07ade67d","method":"WORKFLOW","route":"/workflows/card-keepr-reconciliation"},"status":200,"duration_ms":2,"workflow":{"step":"reconcile retained Card, Printing, and Erratum evidence-unit-89","step_count":1},"retry":{"count":0,"classification":"not_applicable"},"cache":{"status":"unknown"},"d1":{"prepared_statements":18,"batch_calls":5,"batch_statements":15}}

stdout | apps/ingestion/test/publication-caller-retirement.spec.ts > a repeated native publication through binding execution retains unchanged source evidence and obtains the required checkpoint
{"contract":"card-keepr-operational-log@1","event":"workflow.step.completed","runtime":"ingestion","request":{"id":"reconcile-shard-8d7e1dc86e6ba937a980f0c9a475de544ac2b61c5cc61b280d861e7d07ade67d","method":"WORKFLOW","route":"/workflows/card-keepr-reconciliation"},"status":200,"duration_ms":5,"workflow":{"step":"reconcile retained Card, Printing, and Erratum evidence-unit-90","step_count":1},"retry":{"count":0,"classification":"not_applicable"},"cache":{"status":"unknown"},"d1":{"prepared_statements":39,"batch_calls":14,"batch_statements":33}}

stdout | apps/ingestion/test/publication-caller-retirement.spec.ts > a repeated native publication through binding execution retains unchanged source evidence and obtains the required checkpoint
{"contract":"card-keepr-operational-log@1","event":"workflow.step.completed","runtime":"ingestion","request":{"id":"reconcile-shard-8d7e1dc86e6ba937a980f0c9a475de544ac2b61c5cc61b280d861e7d07ade67d","method":"WORKFLOW","route":"/workflows/card-keepr-reconciliation"},"status":200,"duration_ms":7,"workflow":{"step":"reconcile retained Card, Printing, and Erratum evidence-unit-91","step_count":1},"retry":{"count":0,"classification":"not_applicable"},"cache":{"status":"unknown"},"d1":{"prepared_statements":49,"batch_calls":20,"batch_statements":45}}

stdout | apps/ingestion/test/publication-caller-retirement.spec.ts > a repeated native publication through binding execution retains unchanged source evidence and obtains the required checkpoint
{"contract":"card-keepr-operational-log@1","event":"workflow.step.completed","runtime":"ingestion","request":{"id":"reconcile-shard-8d7e1dc86e6ba937a980f0c9a475de544ac2b61c5cc61b280d861e7d07ade67d","method":"WORKFLOW","route":"/workflows/card-keepr-reconciliation"},"status":200,"duration_ms":2,"workflow":{"step":"reconcile retained Card, Printing, and Erratum evidence-unit-92","step_count":1},"retry":{"count":0,"classification":"not_applicable"},"cache":{"status":"unknown"},"d1":{"prepared_statements":22,"batch_calls":7,"batch_statements":21}}

stdout | apps/ingestion/test/publication-caller-retirement.spec.ts > a repeated native publication through binding execution retains unchanged source evidence and obtains the required checkpoint
{"contract":"card-keepr-operational-log@1","event":"workflow.step.completed","runtime":"ingestion","request":{"id":"reconcile-shard-8d7e1dc86e6ba937a980f0c9a475de544ac2b61c5cc61b280d861e7d07ade67d","method":"WORKFLOW","route":"/workflows/card-keepr-reconciliation"},"status":200,"duration_ms":2,"workflow":{"step":"reconcile retained Card, Printing, and Erratum evidence-unit-93","step_count":1},"retry":{"count":0,"classification":"not_applicable"},"cache":{"status":"unknown"},"d1":{"prepared_statements":23,"batch_calls":5,"batch_statements":17}}

stdout | apps/ingestion/test/publication-caller-retirement.spec.ts > a repeated native publication through binding execution retains unchanged source evidence and obtains the required checkpoint
{"contract":"card-keepr-operational-log@1","event":"workflow.step.completed","runtime":"ingestion","request":{"id":"reconcile-shard-8d7e1dc86e6ba937a980f0c9a475de544ac2b61c5cc61b280d861e7d07ade67d","method":"WORKFLOW","route":"/workflows/card-keepr-reconciliation"},"status":200,"duration_ms":4,"workflow":{"step":"reconcile retained Card, Printing, and Erratum evidence-unit-94","step_count":1},"retry":{"count":0,"classification":"not_applicable"},"cache":{"status":"unknown"},"d1":{"prepared_statements":14,"batch_calls":4,"batch_statements":13}}

stdout | apps/ingestion/test/publication-caller-retirement.spec.ts > a repeated native publication through binding execution retains unchanged source evidence and obtains the required checkpoint
{"contract":"card-keepr-operational-log@1","event":"workflow.step.completed","runtime":"ingestion","request":{"id":"reconcile-shard-8d7e1dc86e6ba937a980f0c9a475de544ac2b61c5cc61b280d861e7d07ade67d","method":"WORKFLOW","route":"/workflows/card-keepr-reconciliation"},"status":200,"duration_ms":3,"workflow":{"step":"reconcile retained Card, Printing, and Erratum evidence-unit-95","step_count":1},"retry":{"count":0,"classification":"not_applicable"},"cache":{"status":"unknown"},"d1":{"prepared_statements":23,"batch_calls":7,"batch_statements":21}}

stdout | apps/ingestion/test/publication-caller-retirement.spec.ts > a repeated native publication through binding execution retains unchanged source evidence and obtains the required checkpoint
{"contract":"card-keepr-operational-log@1","event":"workflow.step.completed","runtime":"ingestion","request":{"id":"reconcile-shard-8d7e1dc86e6ba937a980f0c9a475de544ac2b61c5cc61b280d861e7d07ade67d","method":"WORKFLOW","route":"/workflows/card-keepr-reconciliation"},"status":200,"duration_ms":1,"workflow":{"step":"reconcile retained Card, Printing, and Erratum evidence-unit-96","step_count":1},"retry":{"count":0,"classification":"not_applicable"},"cache":{"status":"unknown"},"d1":{"prepared_statements":16,"batch_calls":5,"batch_statements":15}}

stdout | apps/ingestion/test/publication-caller-retirement.spec.ts > a repeated native publication through binding execution retains unchanged source evidence and obtains the required checkpoint
{"contract":"card-keepr-operational-log@1","event":"workflow.step.completed","runtime":"ingestion","request":{"id":"reconcile-shard-8d7e1dc86e6ba937a980f0c9a475de544ac2b61c5cc61b280d861e7d07ade67d","method":"WORKFLOW","route":"/workflows/card-keepr-reconciliation"},"status":200,"duration_ms":2,"workflow":{"step":"reconcile retained Card, Printing, and Erratum evidence-unit-97","step_count":1},"retry":{"count":0,"classification":"not_applicable"},"cache":{"status":"unknown"},"d1":{"prepared_statements":23,"batch_calls":7,"batch_statements":21}}

stdout | apps/ingestion/test/publication-caller-retirement.spec.ts > a repeated native publication through binding execution retains unchanged source evidence and obtains the required checkpoint
{"contract":"card-keepr-operational-log@1","event":"workflow.step.completed","runtime":"ingestion","request":{"id":"reconcile-shard-8d7e1dc86e6ba937a980f0c9a475de544ac2b61c5cc61b280d861e7d07ade67d","method":"WORKFLOW","route":"/workflows/card-keepr-reconciliation"},"status":200,"duration_ms":2,"workflow":{"step":"reconcile retained Card, Printing, and Erratum evidence-unit-98","step_count":1},"retry":{"count":0,"classification":"not_applicable"},"cache":{"status":"unknown"},"d1":{"prepared_statements":16,"batch_calls":5,"batch_statements":15}}

stdout | apps/ingestion/test/publication-caller-retirement.spec.ts > a repeated native publication through binding execution retains unchanged source evidence and obtains the required checkpoint
{"contract":"card-keepr-operational-log@1","event":"workflow.step.completed","runtime":"ingestion","request":{"id":"reconcile-shard-8d7e1dc86e6ba937a980f0c9a475de544ac2b61c5cc61b280d861e7d07ade67d","method":"WORKFLOW","route":"/workflows/card-keepr-reconciliation"},"status":200,"duration_ms":3,"workflow":{"step":"reconcile retained Card, Printing, and Erratum evidence-unit-99","step_count":1},"retry":{"count":0,"classification":"not_applicable"},"cache":{"status":"unknown"},"d1":{"prepared_statements":23,"batch_calls":7,"batch_statements":21}}

stdout | apps/ingestion/test/publication-caller-retirement.spec.ts > a repeated native publication through binding execution retains unchanged source evidence and obtains the required checkpoint
{"contract":"card-keepr-operational-log@1","event":"workflow.step.completed","runtime":"ingestion","request":{"id":"reconcile-shard-8d7e1dc86e6ba937a980f0c9a475de544ac2b61c5cc61b280d861e7d07ade67d","method":"WORKFLOW","route":"/workflows/card-keepr-reconciliation"},"status":200,"duration_ms":2,"workflow":{"step":"reconcile retained Card, Printing, and Erratum evidence-unit-100","step_count":1},"retry":{"count":0,"classification":"not_applicable"},"cache":{"status":"unknown"},"d1":{"prepared_statements":16,"batch_calls":5,"batch_statements":15}}

stdout | apps/ingestion/test/publication-caller-retirement.spec.ts > a repeated native publication through binding execution retains unchanged source evidence and obtains the required checkpoint
{"contract":"card-keepr-operational-log@1","event":"workflow.step.completed","runtime":"ingestion","request":{"id":"reconcile-shard-8d7e1dc86e6ba937a980f0c9a475de544ac2b61c5cc61b280d861e7d07ade67d","method":"WORKFLOW","route":"/workflows/card-keepr-reconciliation"},"status":200,"duration_ms":2,"workflow":{"step":"reconcile retained Card, Printing, and Erratum evidence-unit-101","step_count":1},"retry":{"count":0,"classification":"not_applicable"},"cache":{"status":"unknown"},"d1":{"prepared_statements":23,"batch_calls":7,"batch_statements":21}}

stdout | apps/ingestion/test/publication-caller-retirement.spec.ts > a repeated native publication through binding execution retains unchanged source evidence and obtains the required checkpoint
{"contract":"card-keepr-operational-log@1","event":"workflow.step.completed","runtime":"ingestion","request":{"id":"reconcile-shard-8d7e1dc86e6ba937a980f0c9a475de544ac2b61c5cc61b280d861e7d07ade67d","method":"WORKFLOW","route":"/workflows/card-keepr-reconciliation"},"status":200,"duration_ms":2,"workflow":{"step":"reconcile retained Card, Printing, and Erratum evidence-unit-102","step_count":1},"retry":{"count":0,"classification":"not_applicable"},"cache":{"status":"unknown"},"d1":{"prepared_statements":16,"batch_calls":5,"batch_statements":15}}

stdout | apps/ingestion/test/publication-caller-retirement.spec.ts > a repeated native publication through binding execution retains unchanged source evidence and obtains the required checkpoint
{"contract":"card-keepr-operational-log@1","event":"workflow.step.completed","runtime":"ingestion","request":{"id":"reconcile-shard-8d7e1dc86e6ba937a980f0c9a475de544ac2b61c5cc61b280d861e7d07ade67d","method":"WORKFLOW","route":"/workflows/card-keepr-reconciliation"},"status":200,"duration_ms":1,"workflow":{"step":"reconcile retained Card, Printing, and Erratum evidence-unit-103","step_count":1},"retry":{"count":0,"classification":"not_applicable"},"cache":{"status":"unknown"},"d1":{"prepared_statements":14,"batch_calls":4,"batch_statements":13}}

stdout | apps/ingestion/test/publication-caller-retirement.spec.ts > a repeated native publication through binding execution retains unchanged source evidence and obtains the required checkpoint
{"contract":"card-keepr-operational-log@1","event":"workflow.step.completed","runtime":"ingestion","request":{"id":"reconcile-shard-8d7e1dc86e6ba937a980f0c9a475de544ac2b61c5cc61b280d861e7d07ade67d","method":"WORKFLOW","route":"/workflows/card-keepr-reconciliation"},"status":200,"duration_ms":2,"workflow":{"step":"reconcile retained Card, Printing, and Erratum evidence-unit-104","step_count":1},"retry":{"count":0,"classification":"not_applicable"},"cache":{"status":"unknown"},"d1":{"prepared_statements":23,"batch_calls":7,"batch_statements":21}}

stdout | apps/ingestion/test/publication-caller-retirement.spec.ts > a repeated native publication through binding execution retains unchanged source evidence and obtains the required checkpoint
{"contract":"card-keepr-operational-log@1","event":"workflow.step.completed","runtime":"ingestion","request":{"id":"reconcile-shard-8d7e1dc86e6ba937a980f0c9a475de544ac2b61c5cc61b280d861e7d07ade67d","method":"WORKFLOW","route":"/workflows/card-keepr-reconciliation"},"status":200,"duration_ms":1,"workflow":{"step":"reconcile retained Card, Printing, and Erratum evidence-unit-105","step_count":1},"retry":{"count":0,"classification":"not_applicable"},"cache":{"status":"unknown"},"d1":{"prepared_statements":16,"batch_calls":5,"batch_statements":15}}

stdout | apps/ingestion/test/publication-caller-retirement.spec.ts > a repeated native publication through binding execution retains unchanged source evidence and obtains the required checkpoint
{"contract":"card-keepr-operational-log@1","event":"workflow.step.completed","runtime":"ingestion","request":{"id":"reconcile-shard-8d7e1dc86e6ba937a980f0c9a475de544ac2b61c5cc61b280d861e7d07ade67d","method":"WORKFLOW","route":"/workflows/card-keepr-reconciliation"},"status":200,"duration_ms":2,"workflow":{"step":"reconcile retained Card, Printing, and Erratum evidence-unit-106","step_count":1},"retry":{"count":0,"classification":"not_applicable"},"cache":{"status":"unknown"},"d1":{"prepared_statements":19,"batch_calls":5,"batch_statements":17}}

stdout | apps/ingestion/test/publication-caller-retirement.spec.ts > a repeated native publication through binding execution retains unchanged source evidence and obtains the required checkpoint
{"contract":"card-keepr-operational-log@1","event":"workflow.step.completed","runtime":"ingestion","request":{"id":"reconcile-shard-8d7e1dc86e6ba937a980f0c9a475de544ac2b61c5cc61b280d861e7d07ade67d","method":"WORKFLOW","route":"/workflows/card-keepr-reconciliation"},"status":200,"duration_ms":2,"workflow":{"step":"reconcile retained Card, Printing, and Erratum evidence-unit-107","step_count":1},"retry":{"count":0,"classification":"not_applicable"},"cache":{"status":"unknown"},"d1":{"prepared_statements":14,"batch_calls":4,"batch_statements":13}}

stdout | apps/ingestion/test/publication-caller-retirement.spec.ts > a repeated native publication through binding execution retains unchanged source evidence and obtains the required checkpoint
{"contract":"card-keepr-operational-log@1","event":"workflow.step.completed","runtime":"ingestion","request":{"id":"reconcile-shard-8d7e1dc86e6ba937a980f0c9a475de544ac2b61c5cc61b280d861e7d07ade67d","method":"WORKFLOW","route":"/workflows/card-keepr-reconciliation"},"status":200,"duration_ms":2,"workflow":{"step":"reconcile retained Card, Printing, and Erratum evidence-unit-108","step_count":1},"retry":{"count":0,"classification":"not_applicable"},"cache":{"status":"unknown"},"d1":{"prepared_statements":14,"batch_calls":4,"batch_statements":13}}

stdout | apps/ingestion/test/publication-caller-retirement.spec.ts > a repeated native publication through binding execution retains unchanged source evidence and obtains the required checkpoint
{"contract":"card-keepr-operational-log@1","event":"workflow.step.completed","runtime":"ingestion","request":{"id":"reconcile-shard-8d7e1dc86e6ba937a980f0c9a475de544ac2b61c5cc61b280d861e7d07ade67d","method":"WORKFLOW","route":"/workflows/card-keepr-reconciliation"},"status":200,"duration_ms":2,"workflow":{"step":"reconcile retained Card, Printing, and Erratum evidence-unit-109","step_count":1},"retry":{"count":0,"classification":"not_applicable"},"cache":{"status":"unknown"},"d1":{"prepared_statements":14,"batch_calls":4,"batch_statements":13}}

stdout | apps/ingestion/test/publication-caller-retirement.spec.ts > a repeated native publication through binding execution retains unchanged source evidence and obtains the required checkpoint
{"contract":"card-keepr-operational-log@1","event":"workflow.step.completed","runtime":"ingestion","request":{"id":"reconcile-shard-8d7e1dc86e6ba937a980f0c9a475de544ac2b61c5cc61b280d861e7d07ade67d","method":"WORKFLOW","route":"/workflows/card-keepr-reconciliation"},"status":200,"duration_ms":2,"workflow":{"step":"reconcile retained Card, Printing, and Erratum evidence-unit-110","step_count":1},"retry":{"count":0,"classification":"not_applicable"},"cache":{"status":"unknown"},"d1":{"prepared_statements":19,"batch_calls":5,"batch_statements":17}}

stdout | apps/ingestion/test/publication-caller-retirement.spec.ts > a repeated native publication through binding execution retains unchanged source evidence and obtains the required checkpoint
{"contract":"card-keepr-operational-log@1","event":"workflow.step.completed","runtime":"ingestion","request":{"id":"reconcile-shard-8d7e1dc86e6ba937a980f0c9a475de544ac2b61c5cc61b280d861e7d07ade67d","method":"WORKFLOW","route":"/workflows/card-keepr-reconciliation"},"status":200,"duration_ms":2,"workflow":{"step":"reconcile retained Card, Printing, and Erratum evidence-unit-111","step_count":1},"retry":{"count":0,"classification":"not_applicable"},"cache":{"status":"unknown"},"d1":{"prepared_statements":14,"batch_calls":4,"batch_statements":13}}

stdout | apps/ingestion/test/publication-caller-retirement.spec.ts > a repeated native publication through binding execution retains unchanged source evidence and obtains the required checkpoint
{"contract":"card-keepr-operational-log@1","event":"workflow.step.completed","runtime":"ingestion","request":{"id":"reconcile-shard-8d7e1dc86e6ba937a980f0c9a475de544ac2b61c5cc61b280d861e7d07ade67d","method":"WORKFLOW","route":"/workflows/card-keepr-reconciliation"},"status":200,"duration_ms":1,"workflow":{"step":"reconcile retained Card, Printing, and Erratum evidence-unit-112","step_count":1},"retry":{"count":0,"classification":"not_applicable"},"cache":{"status":"unknown"},"d1":{"prepared_statements":14,"batch_calls":4,"batch_statements":13}}

stdout | apps/ingestion/test/publication-caller-retirement.spec.ts > a repeated native publication through binding execution retains unchanged source evidence and obtains the required checkpoint
{"contract":"card-keepr-operational-log@1","event":"workflow.step.completed","runtime":"ingestion","request":{"id":"reconcile-shard-8d7e1dc86e6ba937a980f0c9a475de544ac2b61c5cc61b280d861e7d07ade67d","method":"WORKFLOW","route":"/workflows/card-keepr-reconciliation"},"status":200,"duration_ms":1,"workflow":{"step":"reconcile retained Card, Printing, and Erratum evidence-unit-113","step_count":1},"retry":{"count":0,"classification":"not_applicable"},"cache":{"status":"unknown"},"d1":{"prepared_statements":15,"batch_calls":4,"batch_statements":13}}

stdout | apps/ingestion/test/publication-caller-retirement.spec.ts > a repeated native publication through binding execution retains unchanged source evidence and obtains the required checkpoint
{"contract":"card-keepr-operational-log@1","event":"workflow.step.completed","runtime":"ingestion","request":{"id":"reconcile-shard-8d7e1dc86e6ba937a980f0c9a475de544ac2b61c5cc61b280d861e7d07ade67d","method":"WORKFLOW","route":"/workflows/card-keepr-reconciliation"},"status":200,"duration_ms":2,"workflow":{"step":"reconcile retained Card, Printing, and Erratum evidence-unit-114","step_count":1},"retry":{"count":0,"classification":"not_applicable"},"cache":{"status":"unknown"},"d1":{"prepared_statements":14,"batch_calls":4,"batch_statements":13}}

stdout | apps/ingestion/test/publication-caller-retirement.spec.ts > a repeated native publication through binding execution retains unchanged source evidence and obtains the required checkpoint
{"contract":"card-keepr-operational-log@1","event":"workflow.step.completed","runtime":"ingestion","request":{"id":"reconcile-shard-8d7e1dc86e6ba937a980f0c9a475de544ac2b61c5cc61b280d861e7d07ade67d","method":"WORKFLOW","route":"/workflows/card-keepr-reconciliation"},"status":200,"duration_ms":3,"workflow":{"step":"reconcile retained Card, Printing, and Erratum evidence-unit-115","step_count":1},"retry":{"count":0,"classification":"not_applicable"},"cache":{"status":"unknown"},"d1":{"prepared_statements":22,"batch_calls":8,"batch_statements":21}}

stdout | apps/ingestion/test/publication-caller-retirement.spec.ts > a repeated native publication through binding execution retains unchanged source evidence and obtains the required checkpoint
{"contract":"card-keepr-operational-log@1","event":"workflow.step.completed","runtime":"ingestion","request":{"id":"reconcile-shard-8d7e1dc86e6ba937a980f0c9a475de544ac2b61c5cc61b280d861e7d07ade67d","method":"WORKFLOW","route":"/workflows/card-keepr-reconciliation"},"status":200,"duration_ms":3,"workflow":{"step":"reconcile retained Card, Printing, and Erratum evidence-unit-116","step_count":1},"retry":{"count":0,"classification":"not_applicable"},"cache":{"status":"unknown"},"d1":{"prepared_statements":23,"batch_calls":8,"batch_statements":21}}

stdout | apps/ingestion/test/publication-caller-retirement.spec.ts > a repeated native publication through binding execution retains unchanged source evidence and obtains the required checkpoint
{"contract":"card-keepr-operational-log@1","event":"workflow.step.completed","runtime":"ingestion","request":{"id":"reconcile-shard-8d7e1dc86e6ba937a980f0c9a475de544ac2b61c5cc61b280d861e7d07ade67d","method":"WORKFLOW","route":"/workflows/card-keepr-reconciliation"},"status":200,"duration_ms":2,"workflow":{"step":"reconcile retained Card, Printing, and Erratum evidence-unit-117","step_count":1},"retry":{"count":0,"classification":"not_applicable"},"cache":{"status":"unknown"},"d1":{"prepared_statements":19,"batch_calls":5,"batch_statements":15}}

stdout | apps/ingestion/test/publication-caller-retirement.spec.ts > a repeated native publication through binding execution retains unchanged source evidence and obtains the required checkpoint
{"contract":"card-keepr-operational-log@1","event":"workflow.step.completed","runtime":"ingestion","request":{"id":"reconcile-shard-8d7e1dc86e6ba937a980f0c9a475de544ac2b61c5cc61b280d861e7d07ade67d","method":"WORKFLOW","route":"/workflows/card-keepr-reconciliation"},"status":200,"duration_ms":11,"workflow":{"step":"reconcile retained Card, Printing, and Erratum evidence-unit-118","step_count":1},"retry":{"count":0,"classification":"not_applicable"},"cache":{"status":"unknown"},"d1":{"prepared_statements":59,"batch_calls":13,"batch_statements":31}}

stdout | apps/ingestion/test/publication-caller-retirement.spec.ts > a repeated native publication through binding execution retains unchanged source evidence and obtains the required checkpoint
{"contract":"card-keepr-operational-log@1","event":"workflow.step.completed","runtime":"ingestion","request":{"id":"reconcile-shard-8d7e1dc86e6ba937a980f0c9a475de544ac2b61c5cc61b280d861e7d07ade67d","method":"WORKFLOW","route":"/workflows/card-keepr-reconciliation"},"status":200,"duration_ms":2,"workflow":{"step":"reconcile retained Card, Printing, and Erratum evidence-unit-119","step_count":1},"retry":{"count":0,"classification":"not_applicable"},"cache":{"status":"unknown"},"d1":{"prepared_statements":20,"batch_calls":5,"batch_statements":15}}

stdout | apps/ingestion/test/publication-caller-retirement.spec.ts > a repeated native publication through binding execution retains unchanged source evidence and obtains the required checkpoint
{"contract":"card-keepr-operational-log@1","event":"workflow.step.completed","runtime":"ingestion","request":{"id":"reconcile-shard-8d7e1dc86e6ba937a980f0c9a475de544ac2b61c5cc61b280d861e7d07ade67d","method":"WORKFLOW","route":"/workflows/card-keepr-reconciliation"},"status":200,"duration_ms":0,"workflow":{"step":"retain reconciliation successor","step_count":1},"retry":{"count":0,"classification":"not_applicable"},"cache":{"status":"unknown"},"d1":{"prepared_statements":2,"batch_calls":1,"batch_statements":2}}

stdout | apps/ingestion/test/publication-caller-retirement.spec.ts > a repeated native publication through binding execution retains unchanged source evidence and obtains the required checkpoint
{"contract":"card-keepr-operational-log@1","event":"workflow.step.completed","runtime":"ingestion","request":{"id":"reconcile-shard-8d7e1dc86e6ba937a980f0c9a475de544ac2b61c5cc61b280d861e7d07ade67d","method":"WORKFLOW","route":"/workflows/card-keepr-reconciliation"},"status":200,"duration_ms":4,"workflow":{"step":"dispatch reconciliation successor","step_count":1},"retry":{"count":0,"classification":"not_applicable"},"cache":{"status":"unknown"},"d1":{"prepared_statements":0,"batch_calls":0,"batch_statements":0}}

stdout | apps/ingestion/test/publication-caller-retirement.spec.ts > a repeated native publication through binding execution retains unchanged source evidence and obtains the required checkpoint
{"contract":"card-keepr-operational-log@1","event":"workflow.step.completed","runtime":"ingestion","request":{"id":"reconcile-shard-b81540331d1a72a3b4478aabeeab8dddf6621b90840a8922558955ff16a0601a","method":"WORKFLOW","route":"/workflows/card-keepr-reconciliation"},"status":200,"duration_ms":1,"workflow":{"step":"initialize reconciliation operation","step_count":1},"retry":{"count":0,"classification":"not_applicable"},"cache":{"status":"unknown"},"d1":{"prepared_statements":1,"batch_calls":0,"batch_statements":0}}

stdout | apps/ingestion/test/publication-caller-retirement.spec.ts > a repeated native publication through binding execution retains unchanged source evidence and obtains the required checkpoint
{"contract":"card-keepr-operational-log@1","event":"request.completed","runtime":"ingestion","request":{"id":"64b5fc31-192a-4cbf-8585-6e605ecb448a","method":"GET","route":"/v1/game-candidates/:ref"},"status":200,"duration_ms":3,"workflow":{"step":null},"retry":{"count":0,"classification":"not_applicable"},"cache":{"status":"unknown"},"d1":{"prepared_statements":2,"batch_calls":0,"batch_statements":0}}

stdout | apps/ingestion/test/publication-caller-retirement.spec.ts > a repeated native publication through binding execution retains unchanged source evidence and obtains the required checkpoint
{"contract":"card-keepr-operational-log@1","event":"workflow.step.completed","runtime":"ingestion","request":{"id":"reconcile-shard-b81540331d1a72a3b4478aabeeab8dddf6621b90840a8922558955ff16a0601a","method":"WORKFLOW","route":"/workflows/card-keepr-reconciliation"},"status":200,"duration_ms":1,"workflow":{"step":"read reconciliation dispatch","step_count":1},"retry":{"count":0,"classification":"not_applicable"},"cache":{"status":"unknown"},"d1":{"prepared_statements":2,"batch_calls":0,"batch_statements":0}}

stdout | apps/ingestion/test/publication-caller-retirement.spec.ts > a repeated native publication through binding execution retains unchanged source evidence and obtains the required checkpoint
{"contract":"card-keepr-operational-log@1","event":"workflow.step.completed","runtime":"ingestion","request":{"id":"reconcile-shard-b81540331d1a72a3b4478aabeeab8dddf6621b90840a8922558955ff16a0601a","method":"WORKFLOW","route":"/workflows/card-keepr-reconciliation"},"status":200,"duration_ms":4,"workflow":{"step":"reconcile retained Card, Printing, and Erratum evidence-unit-120","step_count":1},"retry":{"count":0,"classification":"not_applicable"},"cache":{"status":"unknown"},"d1":{"prepared_statements":30,"batch_calls":6,"batch_statements":17}}

stdout | apps/ingestion/test/publication-caller-retirement.spec.ts > a repeated native publication through binding execution retains unchanged source evidence and obtains the required checkpoint
{"contract":"card-keepr-operational-log@1","event":"workflow.step.completed","runtime":"ingestion","request":{"id":"reconcile-shard-b81540331d1a72a3b4478aabeeab8dddf6621b90840a8922558955ff16a0601a","method":"WORKFLOW","route":"/workflows/card-keepr-reconciliation"},"status":200,"duration_ms":5,"workflow":{"step":"reconcile retained Card, Printing, and Erratum evidence-unit-121","step_count":1},"retry":{"count":0,"classification":"not_applicable"},"cache":{"status":"unknown"},"d1":{"prepared_statements":19,"batch_calls":5,"batch_statements":15}}

stdout | apps/ingestion/test/publication-caller-retirement.spec.ts > a repeated native publication through binding execution retains unchanged source evidence and obtains the required checkpoint
{"contract":"card-keepr-operational-log@1","event":"workflow.step.completed","runtime":"ingestion","request":{"id":"reconcile-shard-b81540331d1a72a3b4478aabeeab8dddf6621b90840a8922558955ff16a0601a","method":"WORKFLOW","route":"/workflows/card-keepr-reconciliation"},"status":200,"duration_ms":4,"workflow":{"step":"reconcile retained Card, Printing, and Erratum evidence-unit-122","step_count":1},"retry":{"count":0,"classification":"not_applicable"},"cache":{"status":"unknown"},"d1":{"prepared_statements":30,"batch_calls":6,"batch_statements":17}}

stdout | apps/ingestion/test/publication-caller-retirement.spec.ts > a repeated native publication through binding execution retains unchanged source evidence and obtains the required checkpoint
{"contract":"card-keepr-operational-log@1","event":"workflow.step.completed","runtime":"ingestion","request":{"id":"reconcile-shard-b81540331d1a72a3b4478aabeeab8dddf6621b90840a8922558955ff16a0601a","method":"WORKFLOW","route":"/workflows/card-keepr-reconciliation"},"status":200,"duration_ms":3,"workflow":{"step":"reconcile retained Card, Printing, and Erratum evidence-unit-123","step_count":1},"retry":{"count":0,"classification":"not_applicable"},"cache":{"status":"unknown"},"d1":{"prepared_statements":20,"batch_calls":5,"batch_statements":15}}

stdout | apps/ingestion/test/publication-caller-retirement.spec.ts > a repeated native publication through binding execution retains unchanged source evidence and obtains the required checkpoint
{"contract":"card-keepr-operational-log@1","event":"workflow.step.completed","runtime":"ingestion","request":{"id":"reconcile-shard-b81540331d1a72a3b4478aabeeab8dddf6621b90840a8922558955ff16a0601a","method":"WORKFLOW","route":"/workflows/card-keepr-reconciliation"},"status":200,"duration_ms":4,"workflow":{"step":"reconcile retained Card, Printing, and Erratum evidence-unit-124","step_count":1},"retry":{"count":0,"classification":"not_applicable"},"cache":{"status":"unknown"},"d1":{"prepared_statements":21,"batch_calls":6,"batch_statements":17}}

stdout | apps/ingestion/test/publication-caller-retirement.spec.ts > a repeated native publication through binding execution retains unchanged source evidence and obtains the required checkpoint
{"contract":"card-keepr-operational-log@1","event":"workflow.step.completed","runtime":"ingestion","request":{"id":"reconcile-shard-b81540331d1a72a3b4478aabeeab8dddf6621b90840a8922558955ff16a0601a","method":"WORKFLOW","route":"/workflows/card-keepr-reconciliation"},"status":200,"duration_ms":1,"workflow":{"step":"reconcile retained Card, Printing, and Erratum evidence-unit-125","step_count":1},"retry":{"count":0,"classification":"not_applicable"},"cache":{"status":"unknown"},"d1":{"prepared_statements":18,"batch_calls":5,"batch_statements":15}}

stdout | apps/ingestion/test/publication-caller-retirement.spec.ts > a repeated native publication through binding execution retains unchanged source evidence and obtains the required checkpoint
{"contract":"card-keepr-operational-log@1","event":"workflow.step.completed","runtime":"ingestion","request":{"id":"reconcile-shard-b81540331d1a72a3b4478aabeeab8dddf6621b90840a8922558955ff16a0601a","method":"WORKFLOW","route":"/workflows/card-keepr-reconciliation"},"status":200,"duration_ms":2,"workflow":{"step":"reconcile retained Card, Printing, and Erratum evidence-unit-126","step_count":1},"retry":{"count":0,"classification":"not_applicable"},"cache":{"status":"unknown"},"d1":{"prepared_statements":20,"batch_calls":5,"batch_statements":18}}

stdout | apps/ingestion/test/publication-caller-retirement.spec.ts > a repeated native publication through binding execution retains unchanged source evidence and obtains the required checkpoint
{"contract":"card-keepr-operational-log@1","event":"workflow.step.completed","runtime":"ingestion","request":{"id":"reconcile-shard-b81540331d1a72a3b4478aabeeab8dddf6621b90840a8922558955ff16a0601a","method":"WORKFLOW","route":"/workflows/card-keepr-reconciliation"},"status":200,"duration_ms":3,"workflow":{"step":"notify reconciliation root","step_count":1},"retry":{"count":0,"classification":"not_applicable"},"cache":{"status":"unknown"},"d1":{"prepared_statements":0,"batch_calls":0,"batch_statements":0}}

stdout | apps/ingestion/test/publication-caller-retirement.spec.ts > a repeated native publication through binding execution retains unchanged source evidence and obtains the required checkpoint
{"contract":"card-keepr-operational-log@1","event":"request.completed","runtime":"ingestion","request":{"id":"5f1d0186-5029-4c1c-85df-5c5a357e9fcc","method":"GET","route":"/v1/game-candidates/:ref"},"status":200,"duration_ms":0,"workflow":{"step":null},"retry":{"count":0,"classification":"not_applicable"},"cache":{"status":"unknown"},"d1":{"prepared_statements":2,"batch_calls":0,"batch_statements":0}}

stdout | apps/ingestion/test/publication-caller-retirement.spec.ts > a repeated native publication through binding execution retains unchanged source evidence and obtains the required checkpoint
{"contract":"card-keepr-operational-log@1","event":"request.completed","runtime":"ingestion","request":{"id":"b632a49a-f3e4-4c33-928b-ba356061f062","method":"GET","route":"/v1/ingestion-runs/:ref/evidence"},"status":200,"duration_ms":4,"workflow":{"step":null},"retry":{"count":0,"classification":"not_applicable"},"cache":{"status":"unknown"},"d1":{"prepared_statements":25,"batch_calls":0,"batch_statements":0}}

stdout | apps/ingestion/test/publication-caller-retirement.spec.ts > a repeated native publication through binding execution retains unchanged source evidence and obtains the required checkpoint
{"contract":"card-keepr-operational-log@1","event":"request.completed","runtime":"ingestion","request":{"id":"1fb46bee-3128-4bcf-b2f9-f964bef1842a","method":"GET","route":"/v1/game-candidates/:ref/inspection"},"status":200,"duration_ms":2,"workflow":{"step":null},"retry":{"count":0,"classification":"not_applicable"},"cache":{"status":"unknown"},"d1":{"prepared_statements":10,"batch_calls":0,"batch_statements":0}}

stdout | apps/ingestion/test/publication-caller-retirement.spec.ts > a repeated native publication through binding execution retains unchanged source evidence and obtains the required checkpoint
{"contract":"card-keepr-operational-log@1","event":"request.completed","runtime":"ingestion","request":{"id":"4d7d9ad7-5d24-4175-af7a-f16cace1e60c","method":"POST","route":"/v1/game-candidates/:ref/publication-preparation/start"},"status":202,"duration_ms":4,"workflow":{"step":null},"retry":{"count":0,"classification":"not_applicable"},"cache":{"status":"unknown"},"d1":{"prepared_statements":13,"batch_calls":2,"batch_statements":6}}

stdout | apps/ingestion/test/publication-caller-retirement.spec.ts > a repeated native publication through binding execution retains unchanged source evidence and obtains the required checkpoint
{"contract":"card-keepr-operational-log@1","event":"workflow.step.completed","runtime":"ingestion","request":{"id":"publication-e2d6e5f6a3649ba4a9ba10a5b49e66d9b8d577ec8c7f478cbbaa12475a33811e","method":"WORKFLOW","route":"/workflows/card-keepr-reconciliation"},"status":200,"duration_ms":4,"workflow":{"step":"prepare publication artifacts 1","step_count":1},"retry":{"count":0,"classification":"not_applicable"},"cache":{"status":"unknown"},"d1":{"prepared_statements":16,"batch_calls":2,"batch_statements":6}}

stdout | apps/ingestion/test/publication-caller-retirement.spec.ts > a repeated native publication through binding execution retains unchanged source evidence and obtains the required checkpoint
{"contract":"card-keepr-operational-log@1","event":"workflow.step.completed","runtime":"ingestion","request":{"id":"publication-e2d6e5f6a3649ba4a9ba10a5b49e66d9b8d577ec8c7f478cbbaa12475a33811e","method":"WORKFLOW","route":"/workflows/card-keepr-reconciliation"},"status":200,"duration_ms":3,"workflow":{"step":"prepare publication artifacts 2","step_count":1},"retry":{"count":0,"classification":"not_applicable"},"cache":{"status":"unknown"},"d1":{"prepared_statements":15,"batch_calls":2,"batch_statements":5}}

stdout | apps/ingestion/test/publication-caller-retirement.spec.ts > a repeated native publication through binding execution retains unchanged source evidence and obtains the required checkpoint
{"contract":"card-keepr-operational-log@1","event":"workflow.step.completed","runtime":"ingestion","request":{"id":"publication-e2d6e5f6a3649ba4a9ba10a5b49e66d9b8d577ec8c7f478cbbaa12475a33811e","method":"WORKFLOW","route":"/workflows/card-keepr-reconciliation"},"status":200,"duration_ms":7,"workflow":{"step":"prepare publication artifacts 3","step_count":1},"retry":{"count":0,"classification":"not_applicable"},"cache":{"status":"unknown"},"d1":{"prepared_statements":29,"batch_calls":4,"batch_statements":21}}

stdout | apps/ingestion/test/publication-caller-retirement.spec.ts > a repeated native publication through binding execution retains unchanged source evidence and obtains the required checkpoint
{"contract":"card-keepr-operational-log@1","event":"workflow.step.completed","runtime":"ingestion","request":{"id":"publication-e2d6e5f6a3649ba4a9ba10a5b49e66d9b8d577ec8c7f478cbbaa12475a33811e","method":"WORKFLOW","route":"/workflows/card-keepr-reconciliation"},"status":200,"duration_ms":6,"workflow":{"step":"prepare publication artifacts 4","step_count":1},"retry":{"count":0,"classification":"not_applicable"},"cache":{"status":"unknown"},"d1":{"prepared_statements":26,"batch_calls":4,"batch_statements":17}}

stdout | apps/ingestion/test/publication-caller-retirement.spec.ts > a repeated native publication through binding execution retains unchanged source evidence and obtains the required checkpoint
{"contract":"card-keepr-operational-log@1","event":"workflow.step.completed","runtime":"ingestion","request":{"id":"publication-e2d6e5f6a3649ba4a9ba10a5b49e66d9b8d577ec8c7f478cbbaa12475a33811e","method":"WORKFLOW","route":"/workflows/card-keepr-reconciliation"},"status":200,"duration_ms":2,"workflow":{"step":"prepare publication artifacts 5","step_count":1},"retry":{"count":0,"classification":"not_applicable"},"cache":{"status":"unknown"},"d1":{"prepared_statements":15,"batch_calls":2,"batch_statements":5}}

stdout | apps/ingestion/test/publication-caller-retirement.spec.ts > a repeated native publication through binding execution retains unchanged source evidence and obtains the required checkpoint
{"contract":"card-keepr-operational-log@1","event":"workflow.step.completed","runtime":"ingestion","request":{"id":"publication-e2d6e5f6a3649ba4a9ba10a5b49e66d9b8d577ec8c7f478cbbaa12475a33811e","method":"WORKFLOW","route":"/workflows/card-keepr-reconciliation"},"status":200,"duration_ms":8,"workflow":{"step":"prepare publication artifacts 6","step_count":1},"retry":{"count":0,"classification":"not_applicable"},"cache":{"status":"unknown"},"d1":{"prepared_statements":48,"batch_calls":6,"batch_statements":41}}

stdout | apps/ingestion/test/publication-caller-retirement.spec.ts > a repeated native publication through binding execution retains unchanged source evidence and obtains the required checkpoint
{"contract":"card-keepr-operational-log@1","event":"workflow.step.completed","runtime":"ingestion","request":{"id":"publication-e2d6e5f6a3649ba4a9ba10a5b49e66d9b8d577ec8c7f478cbbaa12475a33811e","method":"WORKFLOW","route":"/workflows/card-keepr-reconciliation"},"status":200,"duration_ms":8,"workflow":{"step":"prepare publication artifacts 7","step_count":1},"retry":{"count":0,"classification":"not_applicable"},"cache":{"status":"unknown"},"d1":{"prepared_statements":54,"batch_calls":6,"batch_statements":42}}

stdout | apps/ingestion/test/publication-caller-retirement.spec.ts > a repeated native publication through binding execution retains unchanged source evidence and obtains the required checkpoint
{"contract":"card-keepr-operational-log@1","event":"workflow.step.completed","runtime":"ingestion","request":{"id":"publication-e2d6e5f6a3649ba4a9ba10a5b49e66d9b8d577ec8c7f478cbbaa12475a33811e","method":"WORKFLOW","route":"/workflows/card-keepr-reconciliation"},"status":200,"duration_ms":6,"workflow":{"step":"prepare publication artifacts 8","step_count":1},"retry":{"count":0,"classification":"not_applicable"},"cache":{"status":"unknown"},"d1":{"prepared_statements":44,"batch_calls":4,"batch_statements":33}}

stdout | apps/ingestion/test/publication-caller-retirement.spec.ts > a repeated native publication through binding execution retains unchanged source evidence and obtains the required checkpoint
{"contract":"card-keepr-operational-log@1","event":"workflow.step.completed","runtime":"ingestion","request":{"id":"publication-e2d6e5f6a3649ba4a9ba10a5b49e66d9b8d577ec8c7f478cbbaa12475a33811e","method":"WORKFLOW","route":"/workflows/card-keepr-reconciliation"},"status":200,"duration_ms":2,"workflow":{"step":"prepare publication artifacts 9","step_count":1},"retry":{"count":0,"classification":"not_applicable"},"cache":{"status":"unknown"},"d1":{"prepared_statements":12,"batch_calls":2,"batch_statements":5}}

stdout | apps/ingestion/test/publication-caller-retirement.spec.ts > a repeated native publication through binding execution retains unchanged source evidence and obtains the required checkpoint
{"contract":"card-keepr-operational-log@1","event":"workflow.step.completed","runtime":"ingestion","request":{"id":"publication-e2d6e5f6a3649ba4a9ba10a5b49e66d9b8d577ec8c7f478cbbaa12475a33811e","method":"WORKFLOW","route":"/workflows/card-keepr-reconciliation"},"status":200,"duration_ms":4,"workflow":{"step":"prepare publication artifacts 10","step_count":1},"retry":{"count":0,"classification":"not_applicable"},"cache":{"status":"unknown"},"d1":{"prepared_statements":15,"batch_calls":4,"batch_statements":9}}

stdout | apps/ingestion/test/publication-caller-retirement.spec.ts > a repeated native publication through binding execution retains unchanged source evidence and obtains the required checkpoint
{"contract":"card-keepr-operational-log@1","event":"workflow.step.completed","runtime":"ingestion","request":{"id":"publication-e2d6e5f6a3649ba4a9ba10a5b49e66d9b8d577ec8c7f478cbbaa12475a33811e","method":"WORKFLOW","route":"/workflows/card-keepr-reconciliation"},"status":200,"duration_ms":4,"workflow":{"step":"prepare publication artifacts 11","step_count":1},"retry":{"count":0,"classification":"not_applicable"},"cache":{"status":"unknown"},"d1":{"prepared_statements":15,"batch_calls":4,"batch_statements":8}}

stdout | apps/ingestion/test/publication-caller-retirement.spec.ts > a repeated native publication through binding execution retains unchanged source evidence and obtains the required checkpoint
{"contract":"card-keepr-operational-log@1","event":"request.completed","runtime":"ingestion","request":{"id":"736b33f1-e031-47e6-b974-e539762b2ed0","method":"GET","route":"/v1/game-candidates/:ref/publication-preparation"},"status":200,"duration_ms":0,"workflow":{"step":null},"retry":{"count":0,"classification":"not_applicable"},"cache":{"status":"unknown"},"d1":{"prepared_statements":3,"batch_calls":0,"batch_statements":0}}

stdout | apps/ingestion/test/publication-caller-retirement.spec.ts > a repeated native publication through binding execution retains unchanged source evidence and obtains the required checkpoint
{"contract":"card-keepr-operational-log@1","event":"request.completed","runtime":"ingestion","request":{"id":"8c999dcf-ed33-4252-9c4f-d42f851f531c","method":"POST","route":"/v1/publications/start"},"status":202,"duration_ms":5,"workflow":{"step":null},"retry":{"count":0,"classification":"not_applicable"},"cache":{"status":"unknown"},"d1":{"prepared_statements":16,"batch_calls":1,"batch_statements":2}}

stdout | apps/ingestion/test/publication-caller-retirement.spec.ts > a repeated native publication through binding execution retains unchanged source evidence and obtains the required checkpoint
{"contract":"card-keepr-operational-log@1","event":"workflow.step.completed","runtime":"ingestion","request":{"id":"switch-47f793f353b513572c3464d72a4dd9608bf7d9b0e8f47668419298d8ed9eb5e7","method":"WORKFLOW","route":"/workflows/card-keepr-reconciliation"},"status":200,"duration_ms":0,"workflow":{"step":"classify accepted game facts","step_count":1},"retry":{"count":0,"classification":"not_applicable"},"cache":{"status":"unknown"},"d1":{"prepared_statements":1,"batch_calls":0,"batch_statements":0}}

stdout | apps/ingestion/test/publication-caller-retirement.spec.ts > a repeated native publication through binding execution retains unchanged source evidence and obtains the required checkpoint
{"contract":"card-keepr-operational-log@1","event":"workflow.step.completed","runtime":"ingestion","request":{"id":"switch-47f793f353b513572c3464d72a4dd9608bf7d9b0e8f47668419298d8ed9eb5e7","method":"WORKFLOW","route":"/workflows/card-keepr-reconciliation"},"status":200,"duration_ms":9,"workflow":{"step":"prepare public export 0","step_count":1},"retry":{"count":0,"classification":"not_applicable"},"cache":{"status":"unknown"},"d1":{"prepared_statements":35,"batch_calls":4,"batch_statements":21}}

stdout | apps/ingestion/test/publication-caller-retirement.spec.ts > a repeated native publication through binding execution retains unchanged source evidence and obtains the required checkpoint
{"contract":"card-keepr-operational-log@1","event":"workflow.step.completed","runtime":"ingestion","request":{"id":"switch-47f793f353b513572c3464d72a4dd9608bf7d9b0e8f47668419298d8ed9eb5e7","method":"WORKFLOW","route":"/workflows/card-keepr-reconciliation"},"status":200,"duration_ms":6,"workflow":{"step":"prepare public export 1","step_count":1},"retry":{"count":0,"classification":"not_applicable"},"cache":{"status":"unknown"},"d1":{"prepared_statements":27,"batch_calls":4,"batch_statements":17}}

stdout | apps/ingestion/test/publication-caller-retirement.spec.ts > a repeated native publication through binding execution retains unchanged source evidence and obtains the required checkpoint
{"contract":"card-keepr-operational-log@1","event":"workflow.step.completed","runtime":"ingestion","request":{"id":"switch-47f793f353b513572c3464d72a4dd9608bf7d9b0e8f47668419298d8ed9eb5e7","method":"WORKFLOW","route":"/workflows/card-keepr-reconciliation"},"status":200,"duration_ms":2,"workflow":{"step":"prepare public export 2","step_count":1},"retry":{"count":0,"classification":"not_applicable"},"cache":{"status":"unknown"},"d1":{"prepared_statements":13,"batch_calls":4,"batch_statements":9}}

stdout | apps/ingestion/test/publication-caller-retirement.spec.ts > a repeated native publication through binding execution retains unchanged source evidence and obtains the required checkpoint
{"contract":"card-keepr-operational-log@1","event":"workflow.step.completed","runtime":"ingestion","request":{"id":"switch-47f793f353b513572c3464d72a4dd9608bf7d9b0e8f47668419298d8ed9eb5e7","method":"WORKFLOW","route":"/workflows/card-keepr-reconciliation"},"status":200,"duration_ms":2,"workflow":{"step":"prepare public export 3","step_count":1},"retry":{"count":0,"classification":"not_applicable"},"cache":{"status":"unknown"},"d1":{"prepared_statements":13,"batch_calls":4,"batch_statements":8}}

stdout | apps/ingestion/test/publication-caller-retirement.spec.ts > a repeated native publication through binding execution retains unchanged source evidence and obtains the required checkpoint
{"contract":"card-keepr-operational-log@1","event":"workflow.step.completed","runtime":"ingestion","request":{"id":"switch-47f793f353b513572c3464d72a4dd9608bf7d9b0e8f47668419298d8ed9eb5e7","method":"WORKFLOW","route":"/workflows/card-keepr-reconciliation"},"status":200,"duration_ms":9,"workflow":{"step":"publication switch 3","step_count":1},"retry":{"count":0,"classification":"not_applicable"},"cache":{"status":"unknown"},"d1":{"prepared_statements":45,"batch_calls":3,"batch_statements":20}}

stdout | apps/ingestion/test/publication-caller-retirement.spec.ts > a repeated native publication through binding execution retains unchanged source evidence and obtains the required checkpoint
{"contract":"card-keepr-operational-log@1","event":"request.completed","runtime":"ingestion","request":{"id":"9d2c54a5-7613-463b-853e-35723a1ea430","method":"GET","route":"/v1/publications/:ref"},"status":200,"duration_ms":1,"workflow":{"step":null},"retry":{"count":0,"classification":"not_applicable"},"cache":{"status":"unknown"},"d1":{"prepared_statements":2,"batch_calls":0,"batch_statements":0}}

stdout | apps/ingestion/test/publication-caller-retirement.spec.ts > a repeated native publication through binding execution retains unchanged source evidence and obtains the required checkpoint
{"contract":"card-keepr-operational-log@1","event":"workflow.step.completed","runtime":"ingestion","request":{"id":"switch-47f793f353b513572c3464d72a4dd9608bf7d9b0e8f47668419298d8ed9eb5e7","method":"WORKFLOW","route":"/workflows/card-keepr-reconciliation"},"status":200,"duration_ms":4,"workflow":{"step":"dispatch composition backup","step_count":1},"retry":{"count":0,"classification":"not_applicable"},"cache":{"status":"unknown"},"d1":{"prepared_statements":10,"batch_calls":1,"batch_statements":2}}

stdout | apps/ingestion/test/publication-caller-retirement.spec.ts > a repeated native publication through binding execution retains unchanged source evidence and obtains the required checkpoint
{"contract":"card-keepr-operational-log@1","event":"request.completed","runtime":"ingestion","request":{"id":"c110376b-b3d8-45f9-82e1-957b2e76fac6","method":"GET","route":"/v1/backups/:ref"},"status":200,"duration_ms":2,"workflow":{"step":null},"retry":{"count":0,"classification":"not_applicable"},"cache":{"status":"unknown"},"d1":{"prepared_statements":4,"batch_calls":0,"batch_statements":0}}

stdout | apps/ingestion/test/publication-caller-retirement.spec.ts > a repeated native publication through binding execution retains unchanged source evidence and obtains the required checkpoint
{"contract":"card-keepr-operational-log@1","event":"workflow.step.completed","runtime":"ingestion","request":{"id":"backup-e1f458b43b1bd1b6d855e72b3584f0b8d1c4093261a6a364e0a4de8828693450","method":"WORKFLOW","route":"/workflows/card-keepr-catalogue-backup"},"status":500,"duration_ms":89,"workflow":{"step":"export, retain, restore, and verify Catalogue D1","step_count":1},"retry":{"count":0,"classification":"retryable"},"cache":{"status":"unknown"},"d1":{"prepared_statements":289,"batch_calls":3,"batch_statements":21}}

stdout | apps/ingestion/test/publication-caller-retirement.spec.ts > a repeated native publication through binding execution retains unchanged source evidence and obtains the required checkpoint
{"contract":"card-keepr-operational-log@1","event":"request.completed","runtime":"ingestion","request":{"id":"73aa5ff7-42f2-4434-9996-6f2bfc388e47","method":"GET","route":"/v1/backups/:ref"},"status":200,"duration_ms":2,"workflow":{"step":null},"retry":{"count":0,"classification":"not_applicable"},"cache":{"status":"unknown"},"d1":{"prepared_statements":4,"batch_calls":0,"batch_statements":0}}

stdout | apps/ingestion/test/publication-caller-retirement.spec.ts > a repeated native publication through binding execution retains unchanged source evidence and obtains the required checkpoint
{"contract":"card-keepr-operational-log@1","event":"request.completed","runtime":"ingestion","request":{"id":"1d059216-65c6-4bec-bd2a-deb9a617d782","method":"GET","route":"/v1/backups/:ref"},"status":200,"duration_ms":1,"workflow":{"step":null},"retry":{"count":0,"classification":"not_applicable"},"cache":{"status":"unknown"},"d1":{"prepared_statements":4,"batch_calls":0,"batch_statements":0}}

stdout | apps/ingestion/test/publication-caller-retirement.spec.ts > a repeated native publication through binding execution retains unchanged source evidence and obtains the required checkpoint
{"contract":"card-keepr-operational-log@1","event":"request.completed","runtime":"ingestion","request":{"id":"ae1f5108-27fd-4e5e-b3fa-180bed2f3a85","method":"GET","route":"/v1/backups/:ref"},"status":200,"duration_ms":1,"workflow":{"step":null},"retry":{"count":0,"classification":"not_applicable"},"cache":{"status":"unknown"},"d1":{"prepared_statements":4,"batch_calls":0,"batch_statements":0}}

stdout | apps/ingestion/test/publication-caller-retirement.spec.ts > a repeated native publication through binding execution retains unchanged source evidence and obtains the required checkpoint
{"contract":"card-keepr-operational-log@1","event":"request.completed","runtime":"ingestion","request":{"id":"42664d47-488e-413b-97e8-7a9951ecc6c9","method":"GET","route":"/v1/backups/:ref"},"status":200,"duration_ms":1,"workflow":{"step":null},"retry":{"count":0,"classification":"not_applicable"},"cache":{"status":"unknown"},"d1":{"prepared_statements":4,"batch_calls":0,"batch_statements":0}}

stdout | apps/ingestion/test/publication-caller-retirement.spec.ts > a repeated native publication through binding execution retains unchanged source evidence and obtains the required checkpoint
{"contract":"card-keepr-operational-log@1","event":"request.completed","runtime":"ingestion","request":{"id":"2867acc9-6852-4946-aa73-881452dcc05b","method":"GET","route":"/v1/backups/:ref"},"status":200,"duration_ms":1,"workflow":{"step":null},"retry":{"count":0,"classification":"not_applicable"},"cache":{"status":"unknown"},"d1":{"prepared_statements":4,"batch_calls":0,"batch_statements":0}}

stdout | apps/ingestion/test/publication-caller-retirement.spec.ts > a repeated native publication through binding execution retains unchanged source evidence and obtains the required checkpoint
{"contract":"card-keepr-operational-log@1","event":"request.completed","runtime":"ingestion","request":{"id":"e0c053e7-80a5-4959-924d-dabe0156435a","method":"GET","route":"/v1/backups/:ref"},"status":200,"duration_ms":1,"workflow":{"step":null},"retry":{"count":0,"classification":"not_applicable"},"cache":{"status":"unknown"},"d1":{"prepared_statements":4,"batch_calls":0,"batch_statements":0}}

stdout | apps/ingestion/test/publication-caller-retirement.spec.ts > a repeated native publication through binding execution retains unchanged source evidence and obtains the required checkpoint
{"contract":"card-keepr-operational-log@1","event":"request.completed","runtime":"ingestion","request":{"id":"0c26c60f-07b4-469e-89f7-c36fe813c35c","method":"GET","route":"/v1/backups/:ref"},"status":200,"duration_ms":3,"workflow":{"step":null},"retry":{"count":0,"classification":"not_applicable"},"cache":{"status":"unknown"},"d1":{"prepared_statements":4,"batch_calls":0,"batch_statements":0}}

stdout | apps/ingestion/test/publication-caller-retirement.spec.ts > a repeated native publication through binding execution retains unchanged source evidence and obtains the required checkpoint
{"contract":"card-keepr-operational-log@1","event":"request.completed","runtime":"ingestion","request":{"id":"fcc8cc2f-771c-45fb-ba07-dee70b13a632","method":"GET","route":"/v1/backups/:ref"},"status":200,"duration_ms":3,"workflow":{"step":null},"retry":{"count":0,"classification":"not_applicable"},"cache":{"status":"unknown"},"d1":{"prepared_statements":4,"batch_calls":0,"batch_statements":0}}

stdout | apps/ingestion/test/publication-caller-retirement.spec.ts > a repeated native publication through binding execution retains unchanged source evidence and obtains the required checkpoint
{"contract":"card-keepr-operational-log@1","event":"request.completed","runtime":"ingestion","request":{"id":"9b489f40-8cef-49a0-bf66-0669d9352ef8","method":"GET","route":"/v1/backups/:ref"},"status":200,"duration_ms":2,"workflow":{"step":null},"retry":{"count":0,"classification":"not_applicable"},"cache":{"status":"unknown"},"d1":{"prepared_statements":4,"batch_calls":0,"batch_statements":0}}

stdout | apps/ingestion/test/publication-caller-retirement.spec.ts > a repeated native publication through binding execution retains unchanged source evidence and obtains the required checkpoint
{"contract":"card-keepr-operational-log@1","event":"request.completed","runtime":"ingestion","request":{"id":"53034695-def1-4fb6-a3f3-1692c49f250e","method":"GET","route":"/v1/backups/:ref"},"status":200,"duration_ms":4,"workflow":{"step":null},"retry":{"count":0,"classification":"not_applicable"},"cache":{"status":"unknown"},"d1":{"prepared_statements":4,"batch_calls":0,"batch_statements":0}}

stdout | apps/ingestion/test/publication-caller-retirement.spec.ts > a repeated native publication through binding execution retains unchanged source evidence and obtains the required checkpoint
{"contract":"card-keepr-operational-log@1","event":"request.completed","runtime":"ingestion","request":{"id":"f1051053-83a0-4b82-a135-5fcef16c19f3","method":"GET","route":"/v1/backups/:ref"},"status":200,"duration_ms":2,"workflow":{"step":null},"retry":{"count":0,"classification":"not_applicable"},"cache":{"status":"unknown"},"d1":{"prepared_statements":4,"batch_calls":0,"batch_statements":0}}

stdout | apps/ingestion/test/publication-caller-retirement.spec.ts > a repeated native publication through binding execution retains unchanged source evidence and obtains the required checkpoint
{"contract":"card-keepr-operational-log@1","event":"request.completed","runtime":"ingestion","request":{"id":"7f5c0db6-4bb4-4e74-885b-3ca3ac5bde46","method":"GET","route":"/v1/backups/:ref"},"status":200,"duration_ms":3,"workflow":{"step":null},"retry":{"count":0,"classification":"not_applicable"},"cache":{"status":"unknown"},"d1":{"prepared_statements":4,"batch_calls":0,"batch_statements":0}}

stdout | apps/ingestion/test/publication-caller-retirement.spec.ts > a repeated native publication through binding execution retains unchanged source evidence and obtains the required checkpoint
{"contract":"card-keepr-operational-log@1","event":"request.completed","runtime":"ingestion","request":{"id":"c5ef5849-ccd1-4e7f-befe-4cb6d47e20aa","method":"GET","route":"/v1/backups/:ref"},"status":200,"duration_ms":2,"workflow":{"step":null},"retry":{"count":0,"classification":"not_applicable"},"cache":{"status":"unknown"},"d1":{"prepared_statements":4,"batch_calls":0,"batch_statements":0}}

stdout | apps/ingestion/test/publication-caller-retirement.spec.ts > a repeated native publication through binding execution retains unchanged source evidence and obtains the required checkpoint
{"contract":"card-keepr-operational-log@1","event":"request.completed","runtime":"ingestion","request":{"id":"a44a72ac-a3ef-4eff-8291-d78ad01280d3","method":"GET","route":"/v1/backups/:ref"},"status":200,"duration_ms":2,"workflow":{"step":null},"retry":{"count":0,"classification":"not_applicable"},"cache":{"status":"unknown"},"d1":{"prepared_statements":4,"batch_calls":0,"batch_statements":0}}

stdout | apps/ingestion/test/publication-caller-retirement.spec.ts > a repeated native publication through binding execution retains unchanged source evidence and obtains the required checkpoint
{"contract":"card-keepr-operational-log@1","event":"request.completed","runtime":"ingestion","request":{"id":"d6af7ecc-b85a-4575-bff9-2bc66e425098","method":"GET","route":"/v1/backups/:ref"},"status":200,"duration_ms":2,"workflow":{"step":null},"retry":{"count":0,"classification":"not_applicable"},"cache":{"status":"unknown"},"d1":{"prepared_statements":4,"batch_calls":0,"batch_statements":0}}

stdout | apps/ingestion/test/publication-caller-retirement.spec.ts > a repeated native publication through binding execution retains unchanged source evidence and obtains the required checkpoint
{"contract":"card-keepr-operational-log@1","event":"request.completed","runtime":"ingestion","request":{"id":"a1fdfce7-96c1-4cc8-848e-bf67d82509c1","method":"GET","route":"/v1/backups/:ref"},"status":200,"duration_ms":3,"workflow":{"step":null},"retry":{"count":0,"classification":"not_applicable"},"cache":{"status":"unknown"},"d1":{"prepared_statements":4,"batch_calls":0,"batch_statements":0}}

stdout | apps/ingestion/test/publication-caller-retirement.spec.ts > a repeated native publication through binding execution retains unchanged source evidence and obtains the required checkpoint
{"contract":"card-keepr-operational-log@1","event":"request.completed","runtime":"ingestion","request":{"id":"ceb1cd08-8dfc-454a-901f-60fba5eea816","method":"GET","route":"/v1/backups/:ref"},"status":200,"duration_ms":3,"workflow":{"step":null},"retry":{"count":0,"classification":"not_applicable"},"cache":{"status":"unknown"},"d1":{"prepared_statements":4,"batch_calls":0,"batch_statements":0}}

stdout | apps/ingestion/test/publication-caller-retirement.spec.ts > a repeated native publication through binding execution retains unchanged source evidence and obtains the required checkpoint
{"contract":"card-keepr-operational-log@1","event":"workflow.step.completed","runtime":"ingestion","request":{"id":"backup-e1f458b43b1bd1b6d855e72b3584f0b8d1c4093261a6a364e0a4de8828693450","method":"WORKFLOW","route":"/workflows/card-keepr-catalogue-backup"},"status":500,"duration_ms":115,"workflow":{"step":"export, retain, restore, and verify Catalogue D1","step_count":1},"retry":{"count":1,"classification":"retryable"},"cache":{"status":"unknown"},"d1":{"prepared_statements":286,"batch_calls":2,"batch_statements":18}}

stdout | apps/ingestion/test/publication-caller-retirement.spec.ts > a repeated native publication through binding execution retains unchanged source evidence and obtains the required checkpoint
{"contract":"card-keepr-operational-log@1","event":"request.completed","runtime":"ingestion","request":{"id":"97b7aa8d-0efc-4356-bc5b-209c27ce4235","method":"GET","route":"/v1/backups/:ref"},"status":200,"duration_ms":2,"workflow":{"step":null},"retry":{"count":0,"classification":"not_applicable"},"cache":{"status":"unknown"},"d1":{"prepared_statements":4,"batch_calls":0,"batch_statements":0}}

stdout | apps/ingestion/test/publication-caller-retirement.spec.ts > a repeated native publication through binding execution retains unchanged source evidence and obtains the required checkpoint
{"contract":"card-keepr-operational-log@1","event":"request.completed","runtime":"ingestion","request":{"id":"e93eca4e-4de1-4e5f-8e9c-2d95babb6fbb","method":"GET","route":"/v1/backups/:ref"},"status":200,"duration_ms":2,"workflow":{"step":null},"retry":{"count":0,"classification":"not_applicable"},"cache":{"status":"unknown"},"d1":{"prepared_statements":4,"batch_calls":0,"batch_statements":0}}

stdout | apps/ingestion/test/publication-caller-retirement.spec.ts > a repeated native publication through binding execution retains unchanged source evidence and obtains the required checkpoint
{"contract":"card-keepr-operational-log@1","event":"request.completed","runtime":"ingestion","request":{"id":"bd9a3081-276c-4e59-824c-b439507fc6fa","method":"GET","route":"/v1/backups/:ref"},"status":200,"duration_ms":1,"workflow":{"step":null},"retry":{"count":0,"classification":"not_applicable"},"cache":{"status":"unknown"},"d1":{"prepared_statements":4,"batch_calls":0,"batch_statements":0}}

stdout | apps/ingestion/test/publication-caller-retirement.spec.ts > a repeated native publication through binding execution retains unchanged source evidence and obtains the required checkpoint
{"contract":"card-keepr-operational-log@1","event":"request.completed","runtime":"ingestion","request":{"id":"883359ba-daf7-4ed3-9c9e-201678521b76","method":"GET","route":"/v1/backups/:ref"},"status":200,"duration_ms":3,"workflow":{"step":null},"retry":{"count":0,"classification":"not_applicable"},"cache":{"status":"unknown"},"d1":{"prepared_statements":4,"batch_calls":0,"batch_statements":0}}

stdout | apps/ingestion/test/publication-caller-retirement.spec.ts > a repeated native publication through binding execution retains unchanged source evidence and obtains the required checkpoint
{"contract":"card-keepr-operational-log@1","event":"request.completed","runtime":"ingestion","request":{"id":"13c234cc-fc9e-4b7e-9177-ec91e2fb8ee5","method":"GET","route":"/v1/backups/:ref"},"status":200,"duration_ms":2,"workflow":{"step":null},"retry":{"count":0,"classification":"not_applicable"},"cache":{"status":"unknown"},"d1":{"prepared_statements":4,"batch_calls":0,"batch_statements":0}}

stdout | apps/ingestion/test/publication-caller-retirement.spec.ts > a repeated native publication through binding execution retains unchanged source evidence and obtains the required checkpoint
{"contract":"card-keepr-operational-log@1","event":"request.completed","runtime":"ingestion","request":{"id":"5b58427d-fe3d-4296-8232-27e1226e4248","method":"GET","route":"/v1/backups/:ref"},"status":200,"duration_ms":2,"workflow":{"step":null},"retry":{"count":0,"classification":"not_applicable"},"cache":{"status":"unknown"},"d1":{"prepared_statements":4,"batch_calls":0,"batch_statements":0}}

stdout | apps/ingestion/test/publication-caller-retirement.spec.ts > a repeated native publication through binding execution retains unchanged source evidence and obtains the required checkpoint
{"contract":"card-keepr-operational-log@1","event":"request.completed","runtime":"ingestion","request":{"id":"dc158efb-70cf-4bd6-a78f-281b44fb4769","method":"GET","route":"/v1/backups/:ref"},"status":200,"duration_ms":2,"workflow":{"step":null},"retry":{"count":0,"classification":"not_applicable"},"cache":{"status":"unknown"},"d1":{"prepared_statements":4,"batch_calls":0,"batch_statements":0}}

stdout | apps/ingestion/test/publication-caller-retirement.spec.ts > a repeated native publication through binding execution retains unchanged source evidence and obtains the required checkpoint
{"contract":"card-keepr-operational-log@1","event":"request.completed","runtime":"ingestion","request":{"id":"3626e0d3-2065-44b2-acaf-667ad2bba178","method":"GET","route":"/v1/backups/:ref"},"status":200,"duration_ms":2,"workflow":{"step":null},"retry":{"count":0,"classification":"not_applicable"},"cache":{"status":"unknown"},"d1":{"prepared_statements":4,"batch_calls":0,"batch_statements":0}}

stdout | apps/ingestion/test/publication-caller-retirement.spec.ts > a repeated native publication through binding execution retains unchanged source evidence and obtains the required checkpoint
{"contract":"card-keepr-operational-log@1","event":"request.completed","runtime":"ingestion","request":{"id":"32350e10-4fcc-4eaa-86c3-4699621d092c","method":"GET","route":"/v1/backups/:ref"},"status":200,"duration_ms":2,"workflow":{"step":null},"retry":{"count":0,"classification":"not_applicable"},"cache":{"status":"unknown"},"d1":{"prepared_statements":4,"batch_calls":0,"batch_statements":0}}

stdout | apps/ingestion/test/publication-caller-retirement.spec.ts > a repeated native publication through binding execution retains unchanged source evidence and obtains the required checkpoint
{"contract":"card-keepr-operational-log@1","event":"request.completed","runtime":"ingestion","request":{"id":"b8b90ee8-f262-456e-9883-73b6e2281bd7","method":"GET","route":"/v1/backups/:ref"},"status":200,"duration_ms":2,"workflow":{"step":null},"retry":{"count":0,"classification":"not_applicable"},"cache":{"status":"unknown"},"d1":{"prepared_statements":4,"batch_calls":0,"batch_statements":0}}

stdout | apps/ingestion/test/publication-caller-retirement.spec.ts > a repeated native publication through binding execution retains unchanged source evidence and obtains the required checkpoint
{"contract":"card-keepr-operational-log@1","event":"request.completed","runtime":"ingestion","request":{"id":"c0101799-5de3-4b42-b65d-01d1bb6ca840","method":"GET","route":"/v1/backups/:ref"},"status":200,"duration_ms":4,"workflow":{"step":null},"retry":{"count":0,"classification":"not_applicable"},"cache":{"status":"unknown"},"d1":{"prepared_statements":4,"batch_calls":0,"batch_statements":0}}

stdout | apps/ingestion/test/publication-caller-retirement.spec.ts > a repeated native publication through binding execution retains unchanged source evidence and obtains the required checkpoint
{"contract":"card-keepr-operational-log@1","event":"request.completed","runtime":"ingestion","request":{"id":"e7944c76-cc65-4eac-80c1-24c9874b8156","method":"GET","route":"/v1/backups/:ref"},"status":200,"duration_ms":3,"workflow":{"step":null},"retry":{"count":0,"classification":"not_applicable"},"cache":{"status":"unknown"},"d1":{"prepared_statements":4,"batch_calls":0,"batch_statements":0}}

stdout | apps/ingestion/test/publication-caller-retirement.spec.ts > a repeated native publication through binding execution retains unchanged source evidence and obtains the required checkpoint
{"contract":"card-keepr-operational-log@1","event":"request.completed","runtime":"ingestion","request":{"id":"d68c2e1b-e6dc-4ed7-882d-aedfb1b4789c","method":"GET","route":"/v1/backups/:ref"},"status":200,"duration_ms":3,"workflow":{"step":null},"retry":{"count":0,"classification":"not_applicable"},"cache":{"status":"unknown"},"d1":{"prepared_statements":4,"batch_calls":0,"batch_statements":0}}

stdout | apps/ingestion/test/publication-caller-retirement.spec.ts > a repeated native publication through binding execution retains unchanged source evidence and obtains the required checkpoint
{"contract":"card-keepr-operational-log@1","event":"request.completed","runtime":"ingestion","request":{"id":"eac5b334-7e9a-4a87-b5a3-311db88a1526","method":"GET","route":"/v1/backups/:ref"},"status":200,"duration_ms":2,"workflow":{"step":null},"retry":{"count":0,"classification":"not_applicable"},"cache":{"status":"unknown"},"d1":{"prepared_statements":4,"batch_calls":0,"batch_statements":0}}

stdout | apps/ingestion/test/publication-caller-retirement.spec.ts > a repeated native publication through binding execution retains unchanged source evidence and obtains the required checkpoint
{"contract":"card-keepr-operational-log@1","event":"request.completed","runtime":"ingestion","request":{"id":"7490e6da-2ec0-4951-ba6c-cd2f7d75614d","method":"GET","route":"/v1/backups/:ref"},"status":200,"duration_ms":2,"workflow":{"step":null},"retry":{"count":0,"classification":"not_applicable"},"cache":{"status":"unknown"},"d1":{"prepared_statements":4,"batch_calls":0,"batch_statements":0}}

stdout | apps/ingestion/test/publication-caller-retirement.spec.ts > a repeated native publication through binding execution retains unchanged source evidence and obtains the required checkpoint
{"contract":"card-keepr-operational-log@1","event":"request.completed","runtime":"ingestion","request":{"id":"d1369a30-0ae3-4b0b-a935-9ba5a64e9712","method":"GET","route":"/v1/backups/:ref"},"status":200,"duration_ms":2,"workflow":{"step":null},"retry":{"count":0,"classification":"not_applicable"},"cache":{"status":"unknown"},"d1":{"prepared_statements":4,"batch_calls":0,"batch_statements":0}}

stdout | apps/ingestion/test/publication-caller-retirement.spec.ts > a repeated native publication through binding execution retains unchanged source evidence and obtains the required checkpoint
{"contract":"card-keepr-operational-log@1","event":"request.completed","runtime":"ingestion","request":{"id":"c18723ac-2f30-44d6-8156-8d0d163b7692","method":"GET","route":"/v1/backups/:ref"},"status":200,"duration_ms":3,"workflow":{"step":null},"retry":{"count":0,"classification":"not_applicable"},"cache":{"status":"unknown"},"d1":{"prepared_statements":4,"batch_calls":0,"batch_statements":0}}

stdout | apps/ingestion/test/publication-caller-retirement.spec.ts > a repeated native publication through binding execution retains unchanged source evidence and obtains the required checkpoint
{"contract":"card-keepr-operational-log@1","event":"request.completed","runtime":"ingestion","request":{"id":"768be5bb-ee63-4d7f-8cde-cf353e6625ce","method":"GET","route":"/v1/backups/:ref"},"status":200,"duration_ms":4,"workflow":{"step":null},"retry":{"count":0,"classification":"not_applicable"},"cache":{"status":"unknown"},"d1":{"prepared_statements":4,"batch_calls":0,"batch_statements":0}}

stdout | apps/ingestion/test/publication-caller-retirement.spec.ts > a repeated native publication through binding execution retains unchanged source evidence and obtains the required checkpoint
{"contract":"card-keepr-operational-log@1","event":"request.completed","runtime":"ingestion","request":{"id":"b350effc-7e52-42aa-8868-ae964b7a4a7f","method":"GET","route":"/v1/backups/:ref"},"status":200,"duration_ms":3,"workflow":{"step":null},"retry":{"count":0,"classification":"not_applicable"},"cache":{"status":"unknown"},"d1":{"prepared_statements":4,"batch_calls":0,"batch_statements":0}}

stdout | apps/ingestion/test/publication-caller-retirement.spec.ts > a repeated native publication through binding execution retains unchanged source evidence and obtains the required checkpoint
{"contract":"card-keepr-operational-log@1","event":"request.completed","runtime":"ingestion","request":{"id":"d52984bc-f40b-49ea-acfc-621119585961","method":"GET","route":"/v1/backups/:ref"},"status":200,"duration_ms":3,"workflow":{"step":null},"retry":{"count":0,"classification":"not_applicable"},"cache":{"status":"unknown"},"d1":{"prepared_statements":4,"batch_calls":0,"batch_statements":0}}

stdout | apps/ingestion/test/publication-caller-retirement.spec.ts > a repeated native publication through binding execution retains unchanged source evidence and obtains the required checkpoint
{"contract":"card-keepr-operational-log@1","event":"request.completed","runtime":"ingestion","request":{"id":"15f55c74-bff9-4e7a-914c-0a1c290365b6","method":"GET","route":"/v1/backups/:ref"},"status":200,"duration_ms":7,"workflow":{"step":null},"retry":{"count":0,"classification":"not_applicable"},"cache":{"status":"unknown"},"d1":{"prepared_statements":4,"batch_calls":0,"batch_statements":0}}

stdout | apps/ingestion/test/publication-caller-retirement.spec.ts > a repeated native publication through binding execution retains unchanged source evidence and obtains the required checkpoint
{"contract":"card-keepr-operational-log@1","event":"request.completed","runtime":"ingestion","request":{"id":"5cdc9435-3548-434e-94fd-21a0f2d1b8e5","method":"GET","route":"/v1/backups/:ref"},"status":200,"duration_ms":4,"workflow":{"step":null},"retry":{"count":0,"classification":"not_applicable"},"cache":{"status":"unknown"},"d1":{"prepared_statements":4,"batch_calls":0,"batch_statements":0}}

stdout | apps/ingestion/test/publication-caller-retirement.spec.ts > a repeated native publication through binding execution retains unchanged source evidence and obtains the required checkpoint
{"contract":"card-keepr-operational-log@1","event":"request.completed","runtime":"ingestion","request":{"id":"4071990d-025a-42b3-81e5-1dbd23080110","method":"GET","route":"/v1/backups/:ref"},"status":200,"duration_ms":1,"workflow":{"step":null},"retry":{"count":0,"classification":"not_applicable"},"cache":{"status":"unknown"},"d1":{"prepared_statements":4,"batch_calls":0,"batch_statements":0}}

stdout | apps/ingestion/test/publication-caller-retirement.spec.ts > a repeated native publication through binding execution retains unchanged source evidence and obtains the required checkpoint
{"contract":"card-keepr-operational-log@1","event":"request.completed","runtime":"ingestion","request":{"id":"2985d6ab-371d-4cde-880e-c6330f1b71c2","method":"GET","route":"/v1/backups/:ref"},"status":200,"duration_ms":3,"workflow":{"step":null},"retry":{"count":0,"classification":"not_applicable"},"cache":{"status":"unknown"},"d1":{"prepared_statements":4,"batch_calls":0,"batch_statements":0}}

stdout | apps/ingestion/test/publication-caller-retirement.spec.ts > a repeated native publication through binding execution retains unchanged source evidence and obtains the required checkpoint
{"contract":"card-keepr-operational-log@1","event":"request.completed","runtime":"ingestion","request":{"id":"79983487-24d9-4da0-9a27-86d951a8cfd6","method":"GET","route":"/v1/backups/:ref"},"status":200,"duration_ms":3,"workflow":{"step":null},"retry":{"count":0,"classification":"not_applicable"},"cache":{"status":"unknown"},"d1":{"prepared_statements":4,"batch_calls":0,"batch_statements":0}}

stdout | apps/ingestion/test/publication-caller-retirement.spec.ts > a repeated native publication through binding execution retains unchanged source evidence and obtains the required checkpoint
{"contract":"card-keepr-operational-log@1","event":"request.completed","runtime":"ingestion","request":{"id":"48e252dc-4f95-40fd-ada8-dce6a3abe3c4","method":"GET","route":"/v1/backups/:ref"},"status":200,"duration_ms":3,"workflow":{"step":null},"retry":{"count":0,"classification":"not_applicable"},"cache":{"status":"unknown"},"d1":{"prepared_statements":4,"batch_calls":0,"batch_statements":0}}

stdout | apps/ingestion/test/publication-caller-retirement.spec.ts > a repeated native publication through binding execution retains unchanged source evidence and obtains the required checkpoint
{"contract":"card-keepr-operational-log@1","event":"request.completed","runtime":"ingestion","request":{"id":"d0bbadba-7a18-4bd2-b1b6-9d5b99dcade2","method":"GET","route":"/v1/backups/:ref"},"status":200,"duration_ms":3,"workflow":{"step":null},"retry":{"count":0,"classification":"not_applicable"},"cache":{"status":"unknown"},"d1":{"prepared_statements":4,"batch_calls":0,"batch_statements":0}}

stdout | apps/ingestion/test/publication-caller-retirement.spec.ts > a repeated native publication through binding execution retains unchanged source evidence and obtains the required checkpoint
{"contract":"card-keepr-operational-log@1","event":"request.completed","runtime":"ingestion","request":{"id":"3bb39425-3e7b-4bf3-893c-4b9a9a140bb3","method":"GET","route":"/v1/backups/:ref"},"status":200,"duration_ms":2,"workflow":{"step":null},"retry":{"count":0,"classification":"not_applicable"},"cache":{"status":"unknown"},"d1":{"prepared_statements":4,"batch_calls":0,"batch_statements":0}}

stdout | apps/ingestion/test/publication-caller-retirement.spec.ts > a repeated native publication through binding execution retains unchanged source evidence and obtains the required checkpoint
{"contract":"card-keepr-operational-log@1","event":"request.completed","runtime":"ingestion","request":{"id":"38aade2e-259b-45b2-a90b-212a5d37f95b","method":"GET","route":"/v1/backups/:ref"},"status":200,"duration_ms":2,"workflow":{"step":null},"retry":{"count":0,"classification":"not_applicable"},"cache":{"status":"unknown"},"d1":{"prepared_statements":4,"batch_calls":0,"batch_statements":0}}

stdout | apps/ingestion/test/publication-caller-retirement.spec.ts > a repeated native publication through binding execution retains unchanged source evidence and obtains the required checkpoint
{"contract":"card-keepr-operational-log@1","event":"request.completed","runtime":"ingestion","request":{"id":"fb0f4d57-1a5f-4c23-ba47-32ba29669da7","method":"GET","route":"/v1/backups/:ref"},"status":200,"duration_ms":3,"workflow":{"step":null},"retry":{"count":0,"classification":"not_applicable"},"cache":{"status":"unknown"},"d1":{"prepared_statements":4,"batch_calls":0,"batch_statements":0}}

stdout | apps/ingestion/test/publication-caller-retirement.spec.ts > a repeated native publication through binding execution retains unchanged source evidence and obtains the required checkpoint
{"contract":"card-keepr-operational-log@1","event":"request.completed","runtime":"ingestion","request":{"id":"3d1088d6-3a89-4890-9844-a13622ef5634","method":"GET","route":"/v1/backups/:ref"},"status":200,"duration_ms":2,"workflow":{"step":null},"retry":{"count":0,"classification":"not_applicable"},"cache":{"status":"unknown"},"d1":{"prepared_statements":4,"batch_calls":0,"batch_statements":0}}

stdout | apps/ingestion/test/publication-caller-retirement.spec.ts > a repeated native publication through binding execution retains unchanged source evidence and obtains the required checkpoint
{"contract":"card-keepr-operational-log@1","event":"request.completed","runtime":"ingestion","request":{"id":"9b0fe42d-1df0-44a4-909b-d73a9d7762d6","method":"GET","route":"/v1/backups/:ref"},"status":200,"duration_ms":4,"workflow":{"step":null},"retry":{"count":0,"classification":"not_applicable"},"cache":{"status":"unknown"},"d1":{"prepared_statements":4,"batch_calls":0,"batch_statements":0}}

stdout | apps/ingestion/test/publication-caller-retirement.spec.ts > a repeated native publication through binding execution retains unchanged source evidence and obtains the required checkpoint
{"contract":"card-keepr-operational-log@1","event":"workflow.step.completed","runtime":"ingestion","request":{"id":"backup-e1f458b43b1bd1b6d855e72b3584f0b8d1c4093261a6a364e0a4de8828693450","method":"WORKFLOW","route":"/workflows/card-keepr-catalogue-backup"},"status":500,"duration_ms":116,"workflow":{"step":"export, retain, restore, and verify Catalogue D1","step_count":1},"retry":{"count":2,"classification":"retryable"},"cache":{"status":"unknown"},"d1":{"prepared_statements":286,"batch_calls":2,"batch_statements":18}}

stdout | apps/ingestion/test/publication-caller-retirement.spec.ts > a repeated native publication through binding execution retains unchanged source evidence and obtains the required checkpoint
{"contract":"card-keepr-operational-log@1","event":"request.completed","runtime":"ingestion","request":{"id":"2db8502e-11b6-4f04-840b-844c0e79fa3b","method":"GET","route":"/v1/backups/:ref"},"status":200,"duration_ms":2,"workflow":{"step":null},"retry":{"count":0,"classification":"not_applicable"},"cache":{"status":"unknown"},"d1":{"prepared_statements":4,"batch_calls":0,"batch_statements":0}}

stdout | apps/ingestion/test/publication-caller-retirement.spec.ts > a repeated native publication through binding execution retains unchanged source evidence and obtains the required checkpoint
{"contract":"card-keepr-operational-log@1","event":"request.completed","runtime":"ingestion","request":{"id":"cae8f07f-1658-4828-b582-abde73ec0152","method":"GET","route":"/v1/backups/:ref"},"status":200,"duration_ms":2,"workflow":{"step":null},"retry":{"count":0,"classification":"not_applicable"},"cache":{"status":"unknown"},"d1":{"prepared_statements":4,"batch_calls":0,"batch_statements":0}}

stdout | apps/ingestion/test/publication-caller-retirement.spec.ts > a repeated native publication through binding execution retains unchanged source evidence and obtains the required checkpoint
{"contract":"card-keepr-operational-log@1","event":"request.completed","runtime":"ingestion","request":{"id":"9792519b-c3cf-4f06-a732-4c71c603653a","method":"GET","route":"/v1/backups/:ref"},"status":200,"duration_ms":1,"workflow":{"step":null},"retry":{"count":0,"classification":"not_applicable"},"cache":{"status":"unknown"},"d1":{"prepared_statements":4,"batch_calls":0,"batch_statements":0}}

stdout | apps/ingestion/test/publication-caller-retirement.spec.ts > a repeated native publication through binding execution retains unchanged source evidence and obtains the required checkpoint
{"contract":"card-keepr-operational-log@1","event":"request.completed","runtime":"ingestion","request":{"id":"f5e46d4f-7281-41df-bdda-0f8f3bda55f3","method":"GET","route":"/v1/backups/:ref"},"status":200,"duration_ms":2,"workflow":{"step":null},"retry":{"count":0,"classification":"not_applicable"},"cache":{"status":"unknown"},"d1":{"prepared_statements":4,"batch_calls":0,"batch_statements":0}}

stdout | apps/ingestion/test/publication-caller-retirement.spec.ts > a repeated native publication through binding execution retains unchanged source evidence and obtains the required checkpoint
{"contract":"card-keepr-operational-log@1","event":"request.completed","runtime":"ingestion","request":{"id":"905ce8c1-5b71-4a8f-b59c-b909485a5783","method":"GET","route":"/v1/backups/:ref"},"status":200,"duration_ms":1,"workflow":{"step":null},"retry":{"count":0,"classification":"not_applicable"},"cache":{"status":"unknown"},"d1":{"prepared_statements":4,"batch_calls":0,"batch_statements":0}}

stdout | apps/ingestion/test/publication-caller-retirement.spec.ts > a repeated native publication through binding execution retains unchanged source evidence and obtains the required checkpoint
{"contract":"card-keepr-operational-log@1","event":"request.completed","runtime":"ingestion","request":{"id":"daf96809-9d3f-4a63-b084-bbeb179f17db","method":"GET","route":"/v1/backups/:ref"},"status":200,"duration_ms":2,"workflow":{"step":null},"retry":{"count":0,"classification":"not_applicable"},"cache":{"status":"unknown"},"d1":{"prepared_statements":4,"batch_calls":0,"batch_statements":0}}

stdout | apps/ingestion/test/publication-caller-retirement.spec.ts > a repeated native publication through binding execution retains unchanged source evidence and obtains the required checkpoint
{"contract":"card-keepr-operational-log@1","event":"request.completed","runtime":"ingestion","request":{"id":"c0578f80-1b0e-4d8b-9f4e-01868af43bbc","method":"GET","route":"/v1/backups/:ref"},"status":200,"duration_ms":2,"workflow":{"step":null},"retry":{"count":0,"classification":"not_applicable"},"cache":{"status":"unknown"},"d1":{"prepared_statements":4,"batch_calls":0,"batch_statements":0}}

stdout | apps/ingestion/test/publication-caller-retirement.spec.ts > a repeated native publication through binding execution retains unchanged source evidence and obtains the required checkpoint
{"contract":"card-keepr-operational-log@1","event":"request.completed","runtime":"ingestion","request":{"id":"1396c520-83c8-4672-b882-b77b52c0f888","method":"GET","route":"/v1/backups/:ref"},"status":200,"duration_ms":2,"workflow":{"step":null},"retry":{"count":0,"classification":"not_applicable"},"cache":{"status":"unknown"},"d1":{"prepared_statements":4,"batch_calls":0,"batch_statements":0}}

stdout | apps/ingestion/test/publication-caller-retirement.spec.ts > a repeated native publication through binding execution retains unchanged source evidence and obtains the required checkpoint
{"contract":"card-keepr-operational-log@1","event":"request.completed","runtime":"ingestion","request":{"id":"1acdad93-69bb-4cf5-9ab8-a7c05c5987e8","method":"GET","route":"/v1/backups/:ref"},"status":200,"duration_ms":3,"workflow":{"step":null},"retry":{"count":0,"classification":"not_applicable"},"cache":{"status":"unknown"},"d1":{"prepared_statements":4,"batch_calls":0,"batch_statements":0}}

stdout | apps/ingestion/test/publication-caller-retirement.spec.ts > a repeated native publication through binding execution retains unchanged source evidence and obtains the required checkpoint
{"contract":"card-keepr-operational-log@1","event":"request.completed","runtime":"ingestion","request":{"id":"235454bf-639f-4a93-a5dd-6a2173cb54e0","method":"GET","route":"/v1/backups/:ref"},"status":200,"duration_ms":3,"workflow":{"step":null},"retry":{"count":0,"classification":"not_applicable"},"cache":{"status":"unknown"},"d1":{"prepared_statements":4,"batch_calls":0,"batch_statements":0}}

stdout | apps/ingestion/test/publication-caller-retirement.spec.ts > a repeated native publication through binding execution retains unchanged source evidence and obtains the required checkpoint
{"contract":"card-keepr-operational-log@1","event":"request.completed","runtime":"ingestion","request":{"id":"2ab0cc8d-3be4-4cfb-9b2f-7fab64e96b80","method":"GET","route":"/v1/backups/:ref"},"status":200,"duration_ms":2,"workflow":{"step":null},"retry":{"count":0,"classification":"not_applicable"},"cache":{"status":"unknown"},"d1":{"prepared_statements":4,"batch_calls":0,"batch_statements":0}}

stdout | apps/ingestion/test/publication-caller-retirement.spec.ts > a repeated native publication through binding execution retains unchanged source evidence and obtains the required checkpoint
{"contract":"card-keepr-operational-log@1","event":"request.completed","runtime":"ingestion","request":{"id":"6f3565f5-c62b-445a-859b-c302932d89d7","method":"GET","route":"/v1/backups/:ref"},"status":200,"duration_ms":4,"workflow":{"step":null},"retry":{"count":0,"classification":"not_applicable"},"cache":{"status":"unknown"},"d1":{"prepared_statements":4,"batch_calls":0,"batch_statements":0}}

stdout | apps/ingestion/test/publication-caller-retirement.spec.ts > a repeated native publication through binding execution retains unchanged source evidence and obtains the required checkpoint
{"contract":"card-keepr-operational-log@1","event":"request.completed","runtime":"ingestion","request":{"id":"a07ac808-1a8a-41a5-9c7d-46eae37e820b","method":"GET","route":"/v1/backups/:ref"},"status":200,"duration_ms":3,"workflow":{"step":null},"retry":{"count":0,"classification":"not_applicable"},"cache":{"status":"unknown"},"d1":{"prepared_statements":4,"batch_calls":0,"batch_statements":0}}

stdout | apps/ingestion/test/publication-caller-retirement.spec.ts > a repeated native publication through binding execution retains unchanged source evidence and obtains the required checkpoint
{"contract":"card-keepr-operational-log@1","event":"request.completed","runtime":"ingestion","request":{"id":"6561def3-1760-4541-bf6a-b877a559c411","method":"GET","route":"/v1/backups/:ref"},"status":200,"duration_ms":2,"workflow":{"step":null},"retry":{"count":0,"classification":"not_applicable"},"cache":{"status":"unknown"},"d1":{"prepared_statements":4,"batch_calls":0,"batch_statements":0}}

stdout | apps/ingestion/test/publication-caller-retirement.spec.ts > a repeated native publication through binding execution retains unchanged source evidence and obtains the required checkpoint
{"contract":"card-keepr-operational-log@1","event":"request.completed","runtime":"ingestion","request":{"id":"8f44d1d0-d08f-4abb-b393-77b13cf8e8ba","method":"GET","route":"/v1/backups/:ref"},"status":200,"duration_ms":2,"workflow":{"step":null},"retry":{"count":0,"classification":"not_applicable"},"cache":{"status":"unknown"},"d1":{"prepared_statements":4,"batch_calls":0,"batch_statements":0}}

stdout | apps/ingestion/test/publication-caller-retirement.spec.ts > a repeated native publication through binding execution retains unchanged source evidence and obtains the required checkpoint
{"contract":"card-keepr-operational-log@1","event":"request.completed","runtime":"ingestion","request":{"id":"ce97c3a2-dbe5-4453-ae79-729b9789f285","method":"GET","route":"/v1/backups/:ref"},"status":200,"duration_ms":4,"workflow":{"step":null},"retry":{"count":0,"classification":"not_applicable"},"cache":{"status":"unknown"},"d1":{"prepared_statements":4,"batch_calls":0,"batch_statements":0}}

stdout | apps/ingestion/test/publication-caller-retirement.spec.ts > a repeated native publication through binding execution retains unchanged source evidence and obtains the required checkpoint
{"contract":"card-keepr-operational-log@1","event":"request.completed","runtime":"ingestion","request":{"id":"0291b744-079f-4d5d-9cf2-18113268e523","method":"GET","route":"/v1/backups/:ref"},"status":200,"duration_ms":5,"workflow":{"step":null},"retry":{"count":0,"classification":"not_applicable"},"cache":{"status":"unknown"},"d1":{"prepared_statements":4,"batch_calls":0,"batch_statements":0}}

stdout | apps/ingestion/test/publication-caller-retirement.spec.ts > a repeated native publication through binding execution retains unchanged source evidence and obtains the required checkpoint
{"contract":"card-keepr-operational-log@1","event":"request.completed","runtime":"ingestion","request":{"id":"b334d10d-5456-479c-a679-293210687793","method":"GET","route":"/v1/backups/:ref"},"status":200,"duration_ms":4,"workflow":{"step":null},"retry":{"count":0,"classification":"not_applicable"},"cache":{"status":"unknown"},"d1":{"prepared_statements":4,"batch_calls":0,"batch_statements":0}}

stdout | apps/ingestion/test/publication-caller-retirement.spec.ts > a repeated native publication through binding execution retains unchanged source evidence and obtains the required checkpoint
{"contract":"card-keepr-operational-log@1","event":"request.completed","runtime":"ingestion","request":{"id":"9324ec25-27b4-430d-a62c-ed397b58d0d5","method":"GET","route":"/v1/backups/:ref"},"status":200,"duration_ms":5,"workflow":{"step":null},"retry":{"count":0,"classification":"not_applicable"},"cache":{"status":"unknown"},"d1":{"prepared_statements":4,"batch_calls":0,"batch_statements":0}}

stdout | apps/ingestion/test/publication-caller-retirement.spec.ts > a repeated native publication through binding execution retains unchanged source evidence and obtains the required checkpoint
{"contract":"card-keepr-operational-log@1","event":"request.completed","runtime":"ingestion","request":{"id":"db57f085-e20f-4c28-a671-209263942eee","method":"GET","route":"/v1/backups/:ref"},"status":200,"duration_ms":3,"workflow":{"step":null},"retry":{"count":0,"classification":"not_applicable"},"cache":{"status":"unknown"},"d1":{"prepared_statements":4,"batch_calls":0,"batch_statements":0}}

stdout | apps/ingestion/test/publication-caller-retirement.spec.ts > a repeated native publication through binding execution retains unchanged source evidence and obtains the required checkpoint
{"contract":"card-keepr-operational-log@1","event":"request.completed","runtime":"ingestion","request":{"id":"10f61bab-59da-44e5-b27b-e448ae3bda1f","method":"GET","route":"/v1/backups/:ref"},"status":200,"duration_ms":6,"workflow":{"step":null},"retry":{"count":0,"classification":"not_applicable"},"cache":{"status":"unknown"},"d1":{"prepared_statements":4,"batch_calls":0,"batch_statements":0}}

stdout | apps/ingestion/test/publication-caller-retirement.spec.ts > a repeated native publication through binding execution retains unchanged source evidence and obtains the required checkpoint
{"contract":"card-keepr-operational-log@1","event":"request.completed","runtime":"ingestion","request":{"id":"2aad4941-1002-43d8-9d93-00fbb88ce89c","method":"GET","route":"/v1/backups/:ref"},"status":200,"duration_ms":4,"workflow":{"step":null},"retry":{"count":0,"classification":"not_applicable"},"cache":{"status":"unknown"},"d1":{"prepared_statements":4,"batch_calls":0,"batch_statements":0}}

stdout | apps/ingestion/test/publication-caller-retirement.spec.ts > a repeated native publication through binding execution retains unchanged source evidence and obtains the required checkpoint
{"contract":"card-keepr-operational-log@1","event":"request.completed","runtime":"ingestion","request":{"id":"a7f6e0e9-b913-458e-807a-2312272c1eae","method":"GET","route":"/v1/backups/:ref"},"status":200,"duration_ms":4,"workflow":{"step":null},"retry":{"count":0,"classification":"not_applicable"},"cache":{"status":"unknown"},"d1":{"prepared_statements":4,"batch_calls":0,"batch_statements":0}}

stdout | apps/ingestion/test/publication-caller-retirement.spec.ts > a repeated native publication through binding execution retains unchanged source evidence and obtains the required checkpoint
{"contract":"card-keepr-operational-log@1","event":"request.completed","runtime":"ingestion","request":{"id":"53a824ad-e4d8-40ac-8961-b8abfbb11193","method":"GET","route":"/v1/backups/:ref"},"status":200,"duration_ms":3,"workflow":{"step":null},"retry":{"count":0,"classification":"not_applicable"},"cache":{"status":"unknown"},"d1":{"prepared_statements":4,"batch_calls":0,"batch_statements":0}}

stdout | apps/ingestion/test/publication-caller-retirement.spec.ts > a repeated native publication through binding execution retains unchanged source evidence and obtains the required checkpoint
{"contract":"card-keepr-operational-log@1","event":"request.completed","runtime":"ingestion","request":{"id":"65dfebf3-e150-4dce-acb5-dd761aebeeab","method":"GET","route":"/v1/backups/:ref"},"status":200,"duration_ms":2,"workflow":{"step":null},"retry":{"count":0,"classification":"not_applicable"},"cache":{"status":"unknown"},"d1":{"prepared_statements":4,"batch_calls":0,"batch_statements":0}}

stdout | apps/ingestion/test/publication-caller-retirement.spec.ts > a repeated native publication through binding execution retains unchanged source evidence and obtains the required checkpoint
{"contract":"card-keepr-operational-log@1","event":"request.completed","runtime":"ingestion","request":{"id":"2cd3d19e-f965-4214-ad3a-e65b465dea27","method":"GET","route":"/v1/backups/:ref"},"status":200,"duration_ms":2,"workflow":{"step":null},"retry":{"count":0,"classification":"not_applicable"},"cache":{"status":"unknown"},"d1":{"prepared_statements":4,"batch_calls":0,"batch_statements":0}}

stdout | apps/ingestion/test/publication-caller-retirement.spec.ts > a repeated native publication through binding execution retains unchanged source evidence and obtains the required checkpoint
{"contract":"card-keepr-operational-log@1","event":"request.completed","runtime":"ingestion","request":{"id":"81a08316-a21a-4881-b43e-c4e6dd235642","method":"GET","route":"/v1/backups/:ref"},"status":200,"duration_ms":4,"workflow":{"step":null},"retry":{"count":0,"classification":"not_applicable"},"cache":{"status":"unknown"},"d1":{"prepared_statements":4,"batch_calls":0,"batch_statements":0}}

stdout | apps/ingestion/test/publication-caller-retirement.spec.ts > a repeated native publication through binding execution retains unchanged source evidence and obtains the required checkpoint
{"contract":"card-keepr-operational-log@1","event":"request.completed","runtime":"ingestion","request":{"id":"7187d5d9-4950-48bb-8c27-a4d94142057b","method":"GET","route":"/v1/backups/:ref"},"status":200,"duration_ms":3,"workflow":{"step":null},"retry":{"count":0,"classification":"not_applicable"},"cache":{"status":"unknown"},"d1":{"prepared_statements":4,"batch_calls":0,"batch_statements":0}}

stdout | apps/ingestion/test/publication-caller-retirement.spec.ts > a repeated native publication through binding execution retains unchanged source evidence and obtains the required checkpoint
{"contract":"card-keepr-operational-log@1","event":"request.completed","runtime":"ingestion","request":{"id":"6146ed9c-98da-44a5-bfda-0194ad8b0588","method":"GET","route":"/v1/backups/:ref"},"status":200,"duration_ms":7,"workflow":{"step":null},"retry":{"count":0,"classification":"not_applicable"},"cache":{"status":"unknown"},"d1":{"prepared_statements":4,"batch_calls":0,"batch_statements":0}}

stdout | apps/ingestion/test/publication-caller-retirement.spec.ts > a repeated native publication through binding execution retains unchanged source evidence and obtains the required checkpoint
{"contract":"card-keepr-operational-log@1","event":"request.completed","runtime":"ingestion","request":{"id":"762c19d1-622f-4149-869c-7ab94f594fe6","method":"GET","route":"/v1/backups/:ref"},"status":200,"duration_ms":3,"workflow":{"step":null},"retry":{"count":0,"classification":"not_applicable"},"cache":{"status":"unknown"},"d1":{"prepared_statements":4,"batch_calls":0,"batch_statements":0}}

stdout | apps/ingestion/test/publication-caller-retirement.spec.ts > a repeated native publication through binding execution retains unchanged source evidence and obtains the required checkpoint
{"contract":"card-keepr-operational-log@1","event":"request.completed","runtime":"ingestion","request":{"id":"cb29dc20-f25c-4672-9c5b-f57a27c89371","method":"GET","route":"/v1/backups/:ref"},"status":200,"duration_ms":2,"workflow":{"step":null},"retry":{"count":0,"classification":"not_applicable"},"cache":{"status":"unknown"},"d1":{"prepared_statements":4,"batch_calls":0,"batch_statements":0}}

stdout | apps/ingestion/test/publication-caller-retirement.spec.ts > a repeated native publication through binding execution retains unchanged source evidence and obtains the required checkpoint
{"contract":"card-keepr-operational-log@1","event":"request.completed","runtime":"ingestion","request":{"id":"a0cf85dd-e3c6-4876-a906-57200a5ce7e5","method":"GET","route":"/v1/backups/:ref"},"status":200,"duration_ms":3,"workflow":{"step":null},"retry":{"count":0,"classification":"not_applicable"},"cache":{"status":"unknown"},"d1":{"prepared_statements":4,"batch_calls":0,"batch_statements":0}}

stdout | apps/ingestion/test/publication-caller-retirement.spec.ts > a repeated native publication through binding execution retains unchanged source evidence and obtains the required checkpoint
{"contract":"card-keepr-operational-log@1","event":"request.completed","runtime":"ingestion","request":{"id":"434af0a9-15a2-4a9a-b72a-2a0c05fc2778","method":"GET","route":"/v1/backups/:ref"},"status":200,"duration_ms":12,"workflow":{"step":null},"retry":{"count":0,"classification":"not_applicable"},"cache":{"status":"unknown"},"d1":{"prepared_statements":4,"batch_calls":0,"batch_statements":0}}

stdout | apps/ingestion/test/publication-caller-retirement.spec.ts > a repeated native publication through binding execution retains unchanged source evidence and obtains the required checkpoint
{"contract":"card-keepr-operational-log@1","event":"request.completed","runtime":"ingestion","request":{"id":"03c07df7-0e87-443e-bf6f-d54e6628d95c","method":"GET","route":"/v1/backups/:ref"},"status":200,"duration_ms":3,"workflow":{"step":null},"retry":{"count":0,"classification":"not_applicable"},"cache":{"status":"unknown"},"d1":{"prepared_statements":4,"batch_calls":0,"batch_statements":0}}

stdout | apps/ingestion/test/publication-caller-retirement.spec.ts > a repeated native publication through binding execution retains unchanged source evidence and obtains the required checkpoint
{"contract":"card-keepr-operational-log@1","event":"request.completed","runtime":"ingestion","request":{"id":"1cc0de43-79c0-4a04-b176-5374d86a27c7","method":"GET","route":"/v1/backups/:ref"},"status":200,"duration_ms":3,"workflow":{"step":null},"retry":{"count":0,"classification":"not_applicable"},"cache":{"status":"unknown"},"d1":{"prepared_statements":4,"batch_calls":0,"batch_statements":0}}

stdout | apps/ingestion/test/publication-caller-retirement.spec.ts > a repeated native publication through binding execution retains unchanged source evidence and obtains the required checkpoint
{"contract":"card-keepr-operational-log@1","event":"request.completed","runtime":"ingestion","request":{"id":"45702ef8-bded-46e4-af92-09f45a4f4850","method":"GET","route":"/v1/backups/:ref"},"status":200,"duration_ms":3,"workflow":{"step":null},"retry":{"count":0,"classification":"not_applicable"},"cache":{"status":"unknown"},"d1":{"prepared_statements":4,"batch_calls":0,"batch_statements":0}}

stdout | apps/ingestion/test/publication-caller-retirement.spec.ts > a repeated native publication through binding execution retains unchanged source evidence and obtains the required checkpoint
{"contract":"card-keepr-operational-log@1","event":"request.completed","runtime":"ingestion","request":{"id":"48559f2f-518e-4855-ac87-50a2bee211b7","method":"GET","route":"/v1/backups/:ref"},"status":200,"duration_ms":5,"workflow":{"step":null},"retry":{"count":0,"classification":"not_applicable"},"cache":{"status":"unknown"},"d1":{"prepared_statements":4,"batch_calls":0,"batch_statements":0}}

stdout | apps/ingestion/test/publication-caller-retirement.spec.ts > a repeated native publication through binding execution retains unchanged source evidence and obtains the required checkpoint
{"contract":"card-keepr-operational-log@1","event":"request.completed","runtime":"ingestion","request":{"id":"09fd5d62-ebc0-410e-a126-7e3aff59c516","method":"GET","route":"/v1/backups/:ref"},"status":200,"duration_ms":3,"workflow":{"step":null},"retry":{"count":0,"classification":"not_applicable"},"cache":{"status":"unknown"},"d1":{"prepared_statements":4,"batch_calls":0,"batch_statements":0}}

stdout | apps/ingestion/test/publication-caller-retirement.spec.ts > a repeated native publication through binding execution retains unchanged source evidence and obtains the required checkpoint
{"contract":"card-keepr-operational-log@1","event":"request.completed","runtime":"ingestion","request":{"id":"2113f818-de15-4152-8857-b08f94211fe7","method":"GET","route":"/v1/backups/:ref"},"status":200,"duration_ms":2,"workflow":{"step":null},"retry":{"count":0,"classification":"not_applicable"},"cache":{"status":"unknown"},"d1":{"prepared_statements":4,"batch_calls":0,"batch_statements":0}}

stdout | apps/ingestion/test/publication-caller-retirement.spec.ts > a repeated native publication through binding execution retains unchanged source evidence and obtains the required checkpoint
{"contract":"card-keepr-operational-log@1","event":"request.completed","runtime":"ingestion","request":{"id":"7160f202-2527-471a-bf4f-de5e613a5459","method":"GET","route":"/v1/backups/:ref"},"status":200,"duration_ms":3,"workflow":{"step":null},"retry":{"count":0,"classification":"not_applicable"},"cache":{"status":"unknown"},"d1":{"prepared_statements":4,"batch_calls":0,"batch_statements":0}}

stdout | apps/ingestion/test/publication-caller-retirement.spec.ts > a repeated native publication through binding execution retains unchanged source evidence and obtains the required checkpoint
{"contract":"card-keepr-operational-log@1","event":"request.completed","runtime":"ingestion","request":{"id":"9f2f5303-1524-416f-8345-7d0834375280","method":"GET","route":"/v1/backups/:ref"},"status":200,"duration_ms":3,"workflow":{"step":null},"retry":{"count":0,"classification":"not_applicable"},"cache":{"status":"unknown"},"d1":{"prepared_statements":4,"batch_calls":0,"batch_statements":0}}

stdout | apps/ingestion/test/publication-caller-retirement.spec.ts > a repeated native publication through binding execution retains unchanged source evidence and obtains the required checkpoint
{"contract":"card-keepr-operational-log@1","event":"request.completed","runtime":"ingestion","request":{"id":"a7fb603a-5785-4c64-b39f-f0a9f7f1b5e4","method":"GET","route":"/v1/backups/:ref"},"status":200,"duration_ms":2,"workflow":{"step":null},"retry":{"count":0,"classification":"not_applicable"},"cache":{"status":"unknown"},"d1":{"prepared_statements":4,"batch_calls":0,"batch_statements":0}}

stdout | apps/ingestion/test/publication-caller-retirement.spec.ts > a repeated native publication through binding execution retains unchanged source evidence and obtains the required checkpoint
{"contract":"card-keepr-operational-log@1","event":"request.completed","runtime":"ingestion","request":{"id":"875c0c92-aa9c-4e24-809c-deaf03dcf7ef","method":"GET","route":"/v1/backups/:ref"},"status":200,"duration_ms":2,"workflow":{"step":null},"retry":{"count":0,"classification":"not_applicable"},"cache":{"status":"unknown"},"d1":{"prepared_statements":4,"batch_calls":0,"batch_statements":0}}

stdout | apps/ingestion/test/publication-caller-retirement.spec.ts > a repeated native publication through binding execution retains unchanged source evidence and obtains the required checkpoint
{"contract":"card-keepr-operational-log@1","event":"request.completed","runtime":"ingestion","request":{"id":"701c2209-41b4-46f5-acfc-4a305ce3677f","method":"GET","route":"/v1/backups/:ref"},"status":200,"duration_ms":8,"workflow":{"step":null},"retry":{"count":0,"classification":"not_applicable"},"cache":{"status":"unknown"},"d1":{"prepared_statements":4,"batch_calls":0,"batch_statements":0}}

stdout | apps/ingestion/test/publication-caller-retirement.spec.ts > a repeated native publication through binding execution retains unchanged source evidence and obtains the required checkpoint
{"contract":"card-keepr-operational-log@1","event":"request.completed","runtime":"ingestion","request":{"id":"efc0afaa-dc06-4ec6-a1a8-6599a7b744f7","method":"GET","route":"/v1/backups/:ref"},"status":200,"duration_ms":4,"workflow":{"step":null},"retry":{"count":0,"classification":"not_applicable"},"cache":{"status":"unknown"},"d1":{"prepared_statements":4,"batch_calls":0,"batch_statements":0}}

stdout | apps/ingestion/test/publication-caller-retirement.spec.ts > a repeated native publication through binding execution retains unchanged source evidence and obtains the required checkpoint
{"contract":"card-keepr-operational-log@1","event":"request.completed","runtime":"ingestion","request":{"id":"1f03b359-1a2d-43ef-b3f2-001090584190","method":"GET","route":"/v1/backups/:ref"},"status":200,"duration_ms":5,"workflow":{"step":null},"retry":{"count":0,"classification":"not_applicable"},"cache":{"status":"unknown"},"d1":{"prepared_statements":4,"batch_calls":0,"batch_statements":0}}

stdout | apps/ingestion/test/publication-caller-retirement.spec.ts > a repeated native publication through binding execution retains unchanged source evidence and obtains the required checkpoint
{"contract":"card-keepr-operational-log@1","event":"request.completed","runtime":"ingestion","request":{"id":"ea30f433-aef0-470d-9fec-37b777ba584e","method":"GET","route":"/v1/backups/:ref"},"status":200,"duration_ms":2,"workflow":{"step":null},"retry":{"count":0,"classification":"not_applicable"},"cache":{"status":"unknown"},"d1":{"prepared_statements":4,"batch_calls":0,"batch_statements":0}}

stdout | apps/ingestion/test/publication-caller-retirement.spec.ts > a repeated native publication through binding execution retains unchanged source evidence and obtains the required checkpoint
{"contract":"card-keepr-operational-log@1","event":"request.completed","runtime":"ingestion","request":{"id":"c7814285-80f9-4942-bccd-a64c9b8d60a7","method":"GET","route":"/v1/backups/:ref"},"status":200,"duration_ms":2,"workflow":{"step":null},"retry":{"count":0,"classification":"not_applicable"},"cache":{"status":"unknown"},"d1":{"prepared_statements":4,"batch_calls":0,"batch_statements":0}}

stdout | apps/ingestion/test/publication-caller-retirement.spec.ts > a repeated native publication through binding execution retains unchanged source evidence and obtains the required checkpoint
{"contract":"card-keepr-operational-log@1","event":"request.completed","runtime":"ingestion","request":{"id":"82370983-e919-4288-81d3-78cd99038bd2","method":"GET","route":"/v1/backups/:ref"},"status":200,"duration_ms":2,"workflow":{"step":null},"retry":{"count":0,"classification":"not_applicable"},"cache":{"status":"unknown"},"d1":{"prepared_statements":4,"batch_calls":0,"batch_statements":0}}

stdout | apps/ingestion/test/publication-caller-retirement.spec.ts > a repeated native publication through binding execution retains unchanged source evidence and obtains the required checkpoint
{"contract":"card-keepr-operational-log@1","event":"request.completed","runtime":"ingestion","request":{"id":"e516d16c-d973-463d-a682-0acbafa23879","method":"GET","route":"/v1/backups/:ref"},"status":200,"duration_ms":2,"workflow":{"step":null},"retry":{"count":0,"classification":"not_applicable"},"cache":{"status":"unknown"},"d1":{"prepared_statements":4,"batch_calls":0,"batch_statements":0}}

stdout | apps/ingestion/test/publication-caller-retirement.spec.ts > a repeated native publication through binding execution retains unchanged source evidence and obtains the required checkpoint
{"contract":"card-keepr-operational-log@1","event":"request.completed","runtime":"ingestion","request":{"id":"5d12a970-31a4-47ed-bdf9-adca1017b044","method":"GET","route":"/v1/backups/:ref"},"status":200,"duration_ms":3,"workflow":{"step":null},"retry":{"count":0,"classification":"not_applicable"},"cache":{"status":"unknown"},"d1":{"prepared_statements":4,"batch_calls":0,"batch_statements":0}}

stdout | apps/ingestion/test/publication-caller-retirement.spec.ts > a repeated native publication through binding execution retains unchanged source evidence and obtains the required checkpoint
{"contract":"card-keepr-operational-log@1","event":"request.completed","runtime":"ingestion","request":{"id":"4a27aa3f-4253-4ba9-929f-363e6e8954cc","method":"GET","route":"/v1/backups/:ref"},"status":200,"duration_ms":3,"workflow":{"step":null},"retry":{"count":0,"classification":"not_applicable"},"cache":{"status":"unknown"},"d1":{"prepared_statements":4,"batch_calls":0,"batch_statements":0}}

stdout | apps/ingestion/test/publication-caller-retirement.spec.ts > a repeated native publication through binding execution retains unchanged source evidence and obtains the required checkpoint
{"contract":"card-keepr-operational-log@1","event":"request.completed","runtime":"ingestion","request":{"id":"e72fa97e-d76e-4180-ba3a-cdba4e6c6648","method":"GET","route":"/v1/backups/:ref"},"status":200,"duration_ms":2,"workflow":{"step":null},"retry":{"count":0,"classification":"not_applicable"},"cache":{"status":"unknown"},"d1":{"prepared_statements":4,"batch_calls":0,"batch_statements":0}}

stdout | apps/ingestion/test/publication-caller-retirement.spec.ts > a repeated native publication through binding execution retains unchanged source evidence and obtains the required checkpoint
{"contract":"card-keepr-operational-log@1","event":"request.completed","runtime":"ingestion","request":{"id":"4ad90abc-dfb8-4817-a10e-bc620412b09c","method":"GET","route":"/v1/backups/:ref"},"status":200,"duration_ms":4,"workflow":{"step":null},"retry":{"count":0,"classification":"not_applicable"},"cache":{"status":"unknown"},"d1":{"prepared_statements":4,"batch_calls":0,"batch_statements":0}}

stdout | apps/ingestion/test/publication-caller-retirement.spec.ts > a repeated native publication through binding execution retains unchanged source evidence and obtains the required checkpoint
{"contract":"card-keepr-operational-log@1","event":"request.completed","runtime":"ingestion","request":{"id":"2d10fefc-5a64-4875-90fa-8336ae09a50d","method":"GET","route":"/v1/backups/:ref"},"status":200,"duration_ms":2,"workflow":{"step":null},"retry":{"count":0,"classification":"not_applicable"},"cache":{"status":"unknown"},"d1":{"prepared_statements":4,"batch_calls":0,"batch_statements":0}}

stdout | apps/ingestion/test/publication-caller-retirement.spec.ts > a repeated native publication through binding execution retains unchanged source evidence and obtains the required checkpoint
{"contract":"card-keepr-operational-log@1","event":"request.completed","runtime":"ingestion","request":{"id":"7be29c6b-2c56-4b75-9973-6d4ec534c3c8","method":"GET","route":"/v1/backups/:ref"},"status":200,"duration_ms":2,"workflow":{"step":null},"retry":{"count":0,"classification":"not_applicable"},"cache":{"status":"unknown"},"d1":{"prepared_statements":4,"batch_calls":0,"batch_statements":0}}

stdout | apps/ingestion/test/publication-caller-retirement.spec.ts > a repeated native publication through binding execution retains unchanged source evidence and obtains the required checkpoint
{"contract":"card-keepr-operational-log@1","event":"request.completed","runtime":"ingestion","request":{"id":"cfd1eb4f-c1b4-4f54-b5e5-7014b4018e13","method":"GET","route":"/v1/backups/:ref"},"status":200,"duration_ms":2,"workflow":{"step":null},"retry":{"count":0,"classification":"not_applicable"},"cache":{"status":"unknown"},"d1":{"prepared_statements":4,"batch_calls":0,"batch_statements":0}}

stdout | apps/ingestion/test/publication-caller-retirement.spec.ts > a repeated native publication through binding execution retains unchanged source evidence and obtains the required checkpoint
{"contract":"card-keepr-operational-log@1","event":"request.completed","runtime":"ingestion","request":{"id":"7e193d46-74f5-473a-ba26-a446eef71955","method":"GET","route":"/v1/backups/:ref"},"status":200,"duration_ms":3,"workflow":{"step":null},"retry":{"count":0,"classification":"not_applicable"},"cache":{"status":"unknown"},"d1":{"prepared_statements":4,"batch_calls":0,"batch_statements":0}}

stdout | apps/ingestion/test/publication-caller-retirement.spec.ts > a repeated native publication through binding execution retains unchanged source evidence and obtains the required checkpoint
{"contract":"card-keepr-operational-log@1","event":"request.completed","runtime":"ingestion","request":{"id":"e7ca2369-59cf-42d5-b3fa-0f0ec3db4d53","method":"GET","route":"/v1/backups/:ref"},"status":200,"duration_ms":2,"workflow":{"step":null},"retry":{"count":0,"classification":"not_applicable"},"cache":{"status":"unknown"},"d1":{"prepared_statements":4,"batch_calls":0,"batch_statements":0}}

stdout | apps/ingestion/test/publication-caller-retirement.spec.ts > a repeated native publication through binding execution retains unchanged source evidence and obtains the required checkpoint
{"contract":"card-keepr-operational-log@1","event":"request.completed","runtime":"ingestion","request":{"id":"a17a3a0f-8ce1-4fe6-abbf-f39fc9952f9b","method":"GET","route":"/v1/backups/:ref"},"status":200,"duration_ms":4,"workflow":{"step":null},"retry":{"count":0,"classification":"not_applicable"},"cache":{"status":"unknown"},"d1":{"prepared_statements":4,"batch_calls":0,"batch_statements":0}}

stdout | apps/ingestion/test/publication-caller-retirement.spec.ts > a repeated native publication through binding execution retains unchanged source evidence and obtains the required checkpoint
{"contract":"card-keepr-operational-log@1","event":"request.completed","runtime":"ingestion","request":{"id":"76b95f16-dbd3-41a7-88a2-f4a59f83884a","method":"GET","route":"/v1/backups/:ref"},"status":200,"duration_ms":2,"workflow":{"step":null},"retry":{"count":0,"classification":"not_applicable"},"cache":{"status":"unknown"},"d1":{"prepared_statements":4,"batch_calls":0,"batch_statements":0}}

stdout | apps/ingestion/test/publication-caller-retirement.spec.ts > a repeated native publication through binding execution retains unchanged source evidence and obtains the required checkpoint
{"contract":"card-keepr-operational-log@1","event":"request.completed","runtime":"ingestion","request":{"id":"14a0477f-44a3-4878-a1d2-57447ada9c0c","method":"GET","route":"/v1/backups/:ref"},"status":200,"duration_ms":3,"workflow":{"step":null},"retry":{"count":0,"classification":"not_applicable"},"cache":{"status":"unknown"},"d1":{"prepared_statements":4,"batch_calls":0,"batch_statements":0}}

stdout | apps/ingestion/test/publication-caller-retirement.spec.ts > a repeated native publication through binding execution retains unchanged source evidence and obtains the required checkpoint
{"contract":"card-keepr-operational-log@1","event":"request.completed","runtime":"ingestion","request":{"id":"93e0bc1e-a493-4bfe-be1b-91fe32c46fb5","method":"GET","route":"/v1/backups/:ref"},"status":200,"duration_ms":2,"workflow":{"step":null},"retry":{"count":0,"classification":"not_applicable"},"cache":{"status":"unknown"},"d1":{"prepared_statements":4,"batch_calls":0,"batch_statements":0}}

stdout | apps/ingestion/test/publication-caller-retirement.spec.ts > a repeated native publication through binding execution retains unchanged source evidence and obtains the required checkpoint
{"contract":"card-keepr-operational-log@1","event":"workflow.step.completed","runtime":"ingestion","request":{"id":"backup-e1f458b43b1bd1b6d855e72b3584f0b8d1c4093261a6a364e0a4de8828693450","method":"WORKFLOW","route":"/workflows/card-keepr-catalogue-backup"},"status":500,"duration_ms":125,"workflow":{"step":"export, retain, restore, and verify Catalogue D1","step_count":1},"retry":{"count":3,"classification":"retryable"},"cache":{"status":"unknown"},"d1":{"prepared_statements":286,"batch_calls":2,"batch_statements":18}}

stdout | apps/ingestion/test/publication-caller-retirement.spec.ts > a repeated native publication through binding execution retains unchanged source evidence and obtains the required checkpoint
{"contract":"card-keepr-operational-log@1","event":"workflow.step.completed","runtime":"ingestion","request":{"id":"backup-e1f458b43b1bd1b6d855e72b3584f0b8d1c4093261a6a364e0a4de8828693450","method":"WORKFLOW","route":"/workflows/card-keepr-catalogue-backup"},"status":200,"duration_ms":1,"workflow":{"step":"finalize exhausted Catalogue backup failure","step_count":1},"retry":{"count":0,"classification":"not_applicable"},"cache":{"status":"unknown"},"d1":{"prepared_statements":4,"batch_calls":1,"batch_statements":2}}

stdout | apps/ingestion/test/publication-caller-retirement.spec.ts > a repeated native publication through binding execution retains unchanged source evidence and obtains the required checkpoint
{"contract":"card-keepr-operational-log@1","event":"request.completed","runtime":"ingestion","request":{"id":"e8cdc949-24f1-48a2-afd3-25d47282f83d","method":"GET","route":"/v1/backups/:ref"},"status":200,"duration_ms":1,"workflow":{"step":null},"retry":{"count":0,"classification":"not_applicable"},"cache":{"status":"unknown"},"d1":{"prepared_statements":4,"batch_calls":0,"batch_statements":0}}

stdout | apps/ingestion/test/publication-caller-retirement.spec.ts > a repeated native publication through controlled execution retains unchanged source evidence and obtains the required checkpoint
{"contract":"card-keepr-operational-log@1","event":"request.completed","runtime":"ingestion","request":{"id":"515fd4a3-c1ee-4571-a71c-799f2088444a","method":"GET","route":"/v1/ingestion-runs/:ref"},"status":200,"duration_ms":5,"workflow":{"step":null},"retry":{"count":0,"classification":"not_applicable"},"cache":{"status":"unknown"},"d1":{"prepared_statements":26,"batch_calls":0,"batch_statements":0}}

stdout | apps/ingestion/test/publication-caller-retirement.spec.ts > a repeated native publication through controlled execution retains unchanged source evidence and obtains the required checkpoint
{"contract":"card-keepr-operational-log@1","event":"request.completed","runtime":"ingestion","request":{"id":"42d8fe98-8e31-4abf-b9b5-796368bfa6c0","method":"POST","route":"/v1/game-candidates"},"status":201,"duration_ms":3,"workflow":{"step":null},"retry":{"count":0,"classification":"not_applicable"},"cache":{"status":"unknown"},"d1":{"prepared_statements":25,"batch_calls":1,"batch_statements":15}}

stdout | apps/ingestion/test/publication-caller-retirement.spec.ts > a repeated native publication through controlled execution retains unchanged source evidence and obtains the required checkpoint
{"contract":"card-keepr-operational-log@1","event":"workflow.step.completed","runtime":"ingestion","request":{"id":"game-reconcile-064b61060aa2f598ecb42c7dcafbe75b1ca13ed00b761fe8920b4c1e4543306b","method":"WORKFLOW","route":"/workflows/:ref"},"status":200,"duration_ms":1,"workflow":{"step":"initialize reconciliation operation","step_count":1},"retry":{"count":0,"classification":"not_applicable"},"cache":{"status":"unknown"},"d1":{"prepared_statements":1,"batch_calls":0,"batch_statements":0}}

stdout | apps/ingestion/test/publication-caller-retirement.spec.ts > a repeated native publication through controlled execution retains unchanged source evidence and obtains the required checkpoint
{"contract":"card-keepr-operational-log@1","event":"workflow.step.completed","runtime":"ingestion","request":{"id":"game-reconcile-064b61060aa2f598ecb42c7dcafbe75b1ca13ed00b761fe8920b4c1e4543306b","method":"WORKFLOW","route":"/workflows/:ref"},"status":200,"duration_ms":1,"workflow":{"step":"read reconciliation dispatch","step_count":1},"retry":{"count":0,"classification":"not_applicable"},"cache":{"status":"unknown"},"d1":{"prepared_statements":2,"batch_calls":0,"batch_statements":0}}

stdout | apps/ingestion/test/publication-caller-retirement.spec.ts > a repeated native publication through controlled execution retains unchanged source evidence and obtains the required checkpoint
{"contract":"card-keepr-operational-log@1","event":"workflow.step.completed","runtime":"ingestion","request":{"id":"game-reconcile-064b61060aa2f598ecb42c7dcafbe75b1ca13ed00b761fe8920b4c1e4543306b","method":"WORKFLOW","route":"/workflows/:ref"},"status":200,"duration_ms":2,"workflow":{"step":"reconcile retained Card, Printing, and Erratum evidence","step_count":1},"retry":{"count":0,"classification":"not_applicable"},"cache":{"status":"unknown"},"d1":{"prepared_statements":17,"batch_calls":3,"batch_statements":11}}

stdout | apps/ingestion/test/publication-caller-retirement.spec.ts > a repeated native publication through controlled execution retains unchanged source evidence and obtains the required checkpoint
{"contract":"card-keepr-operational-log@1","event":"workflow.step.completed","runtime":"ingestion","request":{"id":"game-reconcile-064b61060aa2f598ecb42c7dcafbe75b1ca13ed00b761fe8920b4c1e4543306b","method":"WORKFLOW","route":"/workflows/:ref"},"status":200,"duration_ms":2,"workflow":{"step":"reconcile retained Card, Printing, and Erratum evidence-unit-1","step_count":1},"retry":{"count":0,"classification":"not_applicable"},"cache":{"status":"unknown"},"d1":{"prepared_statements":17,"batch_calls":3,"batch_statements":11}}

stdout | apps/ingestion/test/publication-caller-retirement.spec.ts > a repeated native publication through controlled execution retains unchanged source evidence and obtains the required checkpoint
{"contract":"card-keepr-operational-log@1","event":"workflow.step.completed","runtime":"ingestion","request":{"id":"game-reconcile-064b61060aa2f598ecb42c7dcafbe75b1ca13ed00b761fe8920b4c1e4543306b","method":"WORKFLOW","route":"/workflows/:ref"},"status":200,"duration_ms":2,"workflow":{"step":"reconcile retained Card, Printing, and Erratum evidence-unit-2","step_count":1},"retry":{"count":0,"classification":"not_applicable"},"cache":{"status":"unknown"},"d1":{"prepared_statements":16,"batch_calls":3,"batch_statements":11}}

stdout | apps/ingestion/test/publication-caller-retirement.spec.ts > a repeated native publication through controlled execution retains unchanged source evidence and obtains the required checkpoint
{"contract":"card-keepr-operational-log@1","event":"workflow.step.completed","runtime":"ingestion","request":{"id":"game-reconcile-064b61060aa2f598ecb42c7dcafbe75b1ca13ed00b761fe8920b4c1e4543306b","method":"WORKFLOW","route":"/workflows/:ref"},"status":200,"duration_ms":2,"workflow":{"step":"reconcile retained Card, Printing, and Erratum evidence-unit-3","step_count":1},"retry":{"count":0,"classification":"not_applicable"},"cache":{"status":"unknown"},"d1":{"prepared_statements":18,"batch_calls":4,"batch_statements":13}}

stdout | apps/ingestion/test/publication-caller-retirement.spec.ts > a repeated native publication through controlled execution retains unchanged source evidence and obtains the required checkpoint
{"contract":"card-keepr-operational-log@1","event":"workflow.step.completed","runtime":"ingestion","request":{"id":"game-reconcile-064b61060aa2f598ecb42c7dcafbe75b1ca13ed00b761fe8920b4c1e4543306b","method":"WORKFLOW","route":"/workflows/:ref"},"status":200,"duration_ms":2,"workflow":{"step":"reconcile retained Card, Printing, and Erratum evidence-unit-4","step_count":1},"retry":{"count":0,"classification":"not_applicable"},"cache":{"status":"unknown"},"d1":{"prepared_statements":16,"batch_calls":3,"batch_statements":11}}

stdout | apps/ingestion/test/publication-caller-retirement.spec.ts > a repeated native publication through controlled execution retains unchanged source evidence and obtains the required checkpoint
{"contract":"card-keepr-operational-log@1","event":"workflow.step.completed","runtime":"ingestion","request":{"id":"game-reconcile-064b61060aa2f598ecb42c7dcafbe75b1ca13ed00b761fe8920b4c1e4543306b","method":"WORKFLOW","route":"/workflows/:ref"},"status":200,"duration_ms":2,"workflow":{"step":"reconcile retained Card, Printing, and Erratum evidence-unit-5","step_count":1},"retry":{"count":0,"classification":"not_applicable"},"cache":{"status":"unknown"},"d1":{"prepared_statements":16,"batch_calls":3,"batch_statements":11}}

stdout | apps/ingestion/test/publication-caller-retirement.spec.ts > a repeated native publication through controlled execution retains unchanged source evidence and obtains the required checkpoint
{"contract":"card-keepr-operational-log@1","event":"workflow.step.completed","runtime":"ingestion","request":{"id":"game-reconcile-064b61060aa2f598ecb42c7dcafbe75b1ca13ed00b761fe8920b4c1e4543306b","method":"WORKFLOW","route":"/workflows/:ref"},"status":200,"duration_ms":2,"workflow":{"step":"reconcile retained Card, Printing, and Erratum evidence-unit-6","step_count":1},"retry":{"count":0,"classification":"not_applicable"},"cache":{"status":"unknown"},"d1":{"prepared_statements":20,"batch_calls":4,"batch_statements":13}}

stdout | apps/ingestion/test/publication-caller-retirement.spec.ts > a repeated native publication through controlled execution retains unchanged source evidence and obtains the required checkpoint
{"contract":"card-keepr-operational-log@1","event":"workflow.step.completed","runtime":"ingestion","request":{"id":"game-reconcile-064b61060aa2f598ecb42c7dcafbe75b1ca13ed00b761fe8920b4c1e4543306b","method":"WORKFLOW","route":"/workflows/:ref"},"status":200,"duration_ms":2,"workflow":{"step":"reconcile retained Card, Printing, and Erratum evidence-unit-7","step_count":1},"retry":{"count":0,"classification":"not_applicable"},"cache":{"status":"unknown"},"d1":{"prepared_statements":18,"batch_calls":3,"batch_statements":11}}

stdout | apps/ingestion/test/publication-caller-retirement.spec.ts > a repeated native publication through controlled execution retains unchanged source evidence and obtains the required checkpoint
{"contract":"card-keepr-operational-log@1","event":"workflow.step.completed","runtime":"ingestion","request":{"id":"game-reconcile-064b61060aa2f598ecb42c7dcafbe75b1ca13ed00b761fe8920b4c1e4543306b","method":"WORKFLOW","route":"/workflows/:ref"},"status":200,"duration_ms":2,"workflow":{"step":"reconcile retained Card, Printing, and Erratum evidence-unit-8","step_count":1},"retry":{"count":0,"classification":"not_applicable"},"cache":{"status":"unknown"},"d1":{"prepared_statements":22,"batch_calls":4,"batch_statements":13}}

stdout | apps/ingestion/test/publication-caller-retirement.spec.ts > a repeated native publication through controlled execution retains unchanged source evidence and obtains the required checkpoint
{"contract":"card-keepr-operational-log@1","event":"workflow.step.completed","runtime":"ingestion","request":{"id":"game-reconcile-064b61060aa2f598ecb42c7dcafbe75b1ca13ed00b761fe8920b4c1e4543306b","method":"WORKFLOW","route":"/workflows/:ref"},"status":200,"duration_ms":2,"workflow":{"step":"reconcile retained Card, Printing, and Erratum evidence-unit-9","step_count":1},"retry":{"count":0,"classification":"not_applicable"},"cache":{"status":"unknown"},"d1":{"prepared_statements":15,"batch_calls":3,"batch_statements":11}}

stdout | apps/ingestion/test/publication-caller-retirement.spec.ts > a repeated native publication through controlled execution retains unchanged source evidence and obtains the required checkpoint
{"contract":"card-keepr-operational-log@1","event":"workflow.step.completed","runtime":"ingestion","request":{"id":"game-reconcile-064b61060aa2f598ecb42c7dcafbe75b1ca13ed00b761fe8920b4c1e4543306b","method":"WORKFLOW","route":"/workflows/:ref"},"status":200,"duration_ms":2,"workflow":{"step":"reconcile retained Card, Printing, and Erratum evidence-unit-10","step_count":1},"retry":{"count":0,"classification":"not_applicable"},"cache":{"status":"unknown"},"d1":{"prepared_statements":15,"batch_calls":3,"batch_statements":11}}

stdout | apps/ingestion/test/publication-caller-retirement.spec.ts > a repeated native publication through controlled execution retains unchanged source evidence and obtains the required checkpoint
{"contract":"card-keepr-operational-log@1","event":"workflow.step.completed","runtime":"ingestion","request":{"id":"game-reconcile-064b61060aa2f598ecb42c7dcafbe75b1ca13ed00b761fe8920b4c1e4543306b","method":"WORKFLOW","route":"/workflows/:ref"},"status":200,"duration_ms":3,"workflow":{"step":"reconcile retained Card, Printing, and Erratum evidence-unit-11","step_count":1},"retry":{"count":0,"classification":"not_applicable"},"cache":{"status":"unknown"},"d1":{"prepared_statements":20,"batch_calls":3,"batch_statements":11}}

stdout | apps/ingestion/test/publication-caller-retirement.spec.ts > a repeated native publication through controlled execution retains unchanged source evidence and obtains the required checkpoint
{"contract":"card-keepr-operational-log@1","event":"workflow.step.completed","runtime":"ingestion","request":{"id":"game-reconcile-064b61060aa2f598ecb42c7dcafbe75b1ca13ed00b761fe8920b4c1e4543306b","method":"WORKFLOW","route":"/workflows/:ref"},"status":200,"duration_ms":3,"workflow":{"step":"reconcile retained Card, Printing, and Erratum evidence-unit-12","step_count":1},"retry":{"count":0,"classification":"not_applicable"},"cache":{"status":"unknown"},"d1":{"prepared_statements":23,"batch_calls":4,"batch_statements":13}}

stdout | apps/ingestion/test/publication-caller-retirement.spec.ts > a repeated native publication through controlled execution retains unchanged source evidence and obtains the required checkpoint
{"contract":"card-keepr-operational-log@1","event":"workflow.step.completed","runtime":"ingestion","request":{"id":"game-reconcile-064b61060aa2f598ecb42c7dcafbe75b1ca13ed00b761fe8920b4c1e4543306b","method":"WORKFLOW","route":"/workflows/:ref"},"status":200,"duration_ms":2,"workflow":{"step":"reconcile retained Card, Printing, and Erratum evidence-unit-13","step_count":1},"retry":{"count":0,"classification":"not_applicable"},"cache":{"status":"unknown"},"d1":{"prepared_statements":21,"batch_calls":3,"batch_statements":11}}

stdout | apps/ingestion/test/publication-caller-retirement.spec.ts > a repeated native publication through controlled execution retains unchanged source evidence and obtains the required checkpoint
{"contract":"card-keepr-operational-log@1","event":"workflow.step.completed","runtime":"ingestion","request":{"id":"game-reconcile-064b61060aa2f598ecb42c7dcafbe75b1ca13ed00b761fe8920b4c1e4543306b","method":"WORKFLOW","route":"/workflows/:ref"},"status":200,"duration_ms":2,"workflow":{"step":"reconcile retained Card, Printing, and Erratum evidence-unit-14","step_count":1},"retry":{"count":0,"classification":"not_applicable"},"cache":{"status":"unknown"},"d1":{"prepared_statements":21,"batch_calls":4,"batch_statements":13}}

stdout | apps/ingestion/test/publication-caller-retirement.spec.ts > a repeated native publication through controlled execution retains unchanged source evidence and obtains the required checkpoint
{"contract":"card-keepr-operational-log@1","event":"workflow.step.completed","runtime":"ingestion","request":{"id":"game-reconcile-064b61060aa2f598ecb42c7dcafbe75b1ca13ed00b761fe8920b4c1e4543306b","method":"WORKFLOW","route":"/workflows/:ref"},"status":200,"duration_ms":3,"workflow":{"step":"reconcile retained Card, Printing, and Erratum evidence-unit-15","step_count":1},"retry":{"count":0,"classification":"not_applicable"},"cache":{"status":"unknown"},"d1":{"prepared_statements":22,"batch_calls":3,"batch_statements":11}}

stdout | apps/ingestion/test/publication-caller-retirement.spec.ts > a repeated native publication through controlled execution retains unchanged source evidence and obtains the required checkpoint
{"contract":"card-keepr-operational-log@1","event":"workflow.step.completed","runtime":"ingestion","request":{"id":"game-reconcile-064b61060aa2f598ecb42c7dcafbe75b1ca13ed00b761fe8920b4c1e4543306b","method":"WORKFLOW","route":"/workflows/:ref"},"status":200,"duration_ms":2,"workflow":{"step":"reconcile retained Card, Printing, and Erratum evidence-unit-16","step_count":1},"retry":{"count":0,"classification":"not_applicable"},"cache":{"status":"unknown"},"d1":{"prepared_statements":19,"batch_calls":3,"batch_statements":11}}

stdout | apps/ingestion/test/publication-caller-retirement.spec.ts > a repeated native publication through controlled execution retains unchanged source evidence and obtains the required checkpoint
{"contract":"card-keepr-operational-log@1","event":"workflow.step.completed","runtime":"ingestion","request":{"id":"game-reconcile-064b61060aa2f598ecb42c7dcafbe75b1ca13ed00b761fe8920b4c1e4543306b","method":"WORKFLOW","route":"/workflows/:ref"},"status":200,"duration_ms":2,"workflow":{"step":"reconcile retained Card, Printing, and Erratum evidence-unit-17","step_count":1},"retry":{"count":0,"classification":"not_applicable"},"cache":{"status":"unknown"},"d1":{"prepared_statements":19,"batch_calls":3,"batch_statements":11}}

stdout | apps/ingestion/test/publication-caller-retirement.spec.ts > a repeated native publication through controlled execution retains unchanged source evidence and obtains the required checkpoint
{"contract":"card-keepr-operational-log@1","event":"workflow.step.completed","runtime":"ingestion","request":{"id":"game-reconcile-064b61060aa2f598ecb42c7dcafbe75b1ca13ed00b761fe8920b4c1e4543306b","method":"WORKFLOW","route":"/workflows/:ref"},"status":200,"duration_ms":3,"workflow":{"step":"reconcile retained Card, Printing, and Erratum evidence-unit-18","step_count":1},"retry":{"count":0,"classification":"not_applicable"},"cache":{"status":"unknown"},"d1":{"prepared_statements":19,"batch_calls":3,"batch_statements":11}}

stdout | apps/ingestion/test/publication-caller-retirement.spec.ts > a repeated native publication through controlled execution retains unchanged source evidence and obtains the required checkpoint
{"contract":"card-keepr-operational-log@1","event":"workflow.step.completed","runtime":"ingestion","request":{"id":"game-reconcile-064b61060aa2f598ecb42c7dcafbe75b1ca13ed00b761fe8920b4c1e4543306b","method":"WORKFLOW","route":"/workflows/:ref"},"status":200,"duration_ms":6,"workflow":{"step":"reconcile retained Card, Printing, and Erratum evidence-unit-19","step_count":1},"retry":{"count":0,"classification":"not_applicable"},"cache":{"status":"unknown"},"d1":{"prepared_statements":19,"batch_calls":3,"batch_statements":11}}

stdout | apps/ingestion/test/publication-caller-retirement.spec.ts > a repeated native publication through controlled execution retains unchanged source evidence and obtains the required checkpoint
{"contract":"card-keepr-operational-log@1","event":"workflow.step.completed","runtime":"ingestion","request":{"id":"game-reconcile-064b61060aa2f598ecb42c7dcafbe75b1ca13ed00b761fe8920b4c1e4543306b","method":"WORKFLOW","route":"/workflows/:ref"},"status":200,"duration_ms":6,"workflow":{"step":"reconcile retained Card, Printing, and Erratum evidence-unit-20","step_count":1},"retry":{"count":0,"classification":"not_applicable"},"cache":{"status":"unknown"},"d1":{"prepared_statements":31,"batch_calls":7,"batch_statements":21}}

stdout | apps/ingestion/test/publication-caller-retirement.spec.ts > a repeated native publication through controlled execution retains unchanged source evidence and obtains the required checkpoint
{"contract":"card-keepr-operational-log@1","event":"workflow.step.completed","runtime":"ingestion","request":{"id":"game-reconcile-064b61060aa2f598ecb42c7dcafbe75b1ca13ed00b761fe8920b4c1e4543306b","method":"WORKFLOW","route":"/workflows/:ref"},"status":200,"duration_ms":3,"workflow":{"step":"reconcile retained Card, Printing, and Erratum evidence-unit-21","step_count":1},"retry":{"count":0,"classification":"not_applicable"},"cache":{"status":"unknown"},"d1":{"prepared_statements":23,"batch_calls":4,"batch_statements":13}}

stdout | apps/ingestion/test/publication-caller-retirement.spec.ts > a repeated native publication through controlled execution retains unchanged source evidence and obtains the required checkpoint
{"contract":"card-keepr-operational-log@1","event":"workflow.step.completed","runtime":"ingestion","request":{"id":"game-reconcile-064b61060aa2f598ecb42c7dcafbe75b1ca13ed00b761fe8920b4c1e4543306b","method":"WORKFLOW","route":"/workflows/:ref"},"status":200,"duration_ms":3,"workflow":{"step":"reconcile retained Card, Printing, and Erratum evidence-unit-22","step_count":1},"retry":{"count":0,"classification":"not_applicable"},"cache":{"status":"unknown"},"d1":{"prepared_statements":23,"batch_calls":3,"batch_statements":11}}

stdout | apps/ingestion/test/publication-caller-retirement.spec.ts > a repeated native publication through controlled execution retains unchanged source evidence and obtains the required checkpoint
{"contract":"card-keepr-operational-log@1","event":"workflow.step.completed","runtime":"ingestion","request":{"id":"game-reconcile-064b61060aa2f598ecb42c7dcafbe75b1ca13ed00b761fe8920b4c1e4543306b","method":"WORKFLOW","route":"/workflows/:ref"},"status":200,"duration_ms":3,"workflow":{"step":"reconcile retained Card, Printing, and Erratum evidence-unit-23","step_count":1},"retry":{"count":0,"classification":"not_applicable"},"cache":{"status":"unknown"},"d1":{"prepared_statements":22,"batch_calls":3,"batch_statements":11}}

stdout | apps/ingestion/test/publication-caller-retirement.spec.ts > a repeated native publication through controlled execution retains unchanged source evidence and obtains the required checkpoint
{"contract":"card-keepr-operational-log@1","event":"workflow.step.completed","runtime":"ingestion","request":{"id":"game-reconcile-064b61060aa2f598ecb42c7dcafbe75b1ca13ed00b761fe8920b4c1e4543306b","method":"WORKFLOW","route":"/workflows/:ref"},"status":200,"duration_ms":7,"workflow":{"step":"reconcile retained Card, Printing, and Erratum evidence-unit-24","step_count":1},"retry":{"count":0,"classification":"not_applicable"},"cache":{"status":"unknown"},"d1":{"prepared_statements":25,"batch_calls":4,"batch_statements":13}}

stdout | apps/ingestion/test/publication-caller-retirement.spec.ts > a repeated native publication through controlled execution retains unchanged source evidence and obtains the required checkpoint
{"contract":"card-keepr-operational-log@1","event":"workflow.step.completed","runtime":"ingestion","request":{"id":"game-reconcile-064b61060aa2f598ecb42c7dcafbe75b1ca13ed00b761fe8920b4c1e4543306b","method":"WORKFLOW","route":"/workflows/:ref"},"status":200,"duration_ms":3,"workflow":{"step":"reconcile retained Card, Printing, and Erratum evidence-unit-25","step_count":1},"retry":{"count":0,"classification":"not_applicable"},"cache":{"status":"unknown"},"d1":{"prepared_statements":23,"batch_calls":4,"batch_statements":13}}

stdout | apps/ingestion/test/publication-caller-retirement.spec.ts > a repeated native publication through controlled execution retains unchanged source evidence and obtains the required checkpoint
{"contract":"card-keepr-operational-log@1","event":"workflow.step.completed","runtime":"ingestion","request":{"id":"game-reconcile-064b61060aa2f598ecb42c7dcafbe75b1ca13ed00b761fe8920b4c1e4543306b","method":"WORKFLOW","route":"/workflows/:ref"},"status":200,"duration_ms":3,"workflow":{"step":"reconcile retained Card, Printing, and Erratum evidence-unit-26","step_count":1},"retry":{"count":0,"classification":"not_applicable"},"cache":{"status":"unknown"},"d1":{"prepared_statements":25,"batch_calls":5,"batch_statements":15}}

stdout | apps/ingestion/test/publication-caller-retirement.spec.ts > a repeated native publication through controlled execution retains unchanged source evidence and obtains the required checkpoint
{"contract":"card-keepr-operational-log@1","event":"workflow.step.completed","runtime":"ingestion","request":{"id":"game-reconcile-064b61060aa2f598ecb42c7dcafbe75b1ca13ed00b761fe8920b4c1e4543306b","method":"WORKFLOW","route":"/workflows/:ref"},"status":200,"duration_ms":4,"workflow":{"step":"reconcile retained Card, Printing, and Erratum evidence-unit-27","step_count":1},"retry":{"count":0,"classification":"not_applicable"},"cache":{"status":"unknown"},"d1":{"prepared_statements":22,"batch_calls":4,"batch_statements":13}}

stdout | apps/ingestion/test/publication-caller-retirement.spec.ts > a repeated native publication through controlled execution retains unchanged source evidence and obtains the required checkpoint
{"contract":"card-keepr-operational-log@1","event":"workflow.step.completed","runtime":"ingestion","request":{"id":"game-reconcile-064b61060aa2f598ecb42c7dcafbe75b1ca13ed00b761fe8920b4c1e4543306b","method":"WORKFLOW","route":"/workflows/:ref"},"status":200,"duration_ms":6,"workflow":{"step":"reconcile retained Card, Printing, and Erratum evidence-unit-28","step_count":1},"retry":{"count":0,"classification":"not_applicable"},"cache":{"status":"unknown"},"d1":{"prepared_statements":22,"batch_calls":4,"batch_statements":13}}

stdout | apps/ingestion/test/publication-caller-retirement.spec.ts > a repeated native publication through controlled execution retains unchanged source evidence and obtains the required checkpoint
{"contract":"card-keepr-operational-log@1","event":"workflow.step.completed","runtime":"ingestion","request":{"id":"game-reconcile-064b61060aa2f598ecb42c7dcafbe75b1ca13ed00b761fe8920b4c1e4543306b","method":"WORKFLOW","route":"/workflows/:ref"},"status":200,"duration_ms":1,"workflow":{"step":"reconcile retained Card, Printing, and Erratum evidence-unit-29","step_count":1},"retry":{"count":0,"classification":"not_applicable"},"cache":{"status":"unknown"},"d1":{"prepared_statements":14,"batch_calls":3,"batch_statements":11}}

stdout | apps/ingestion/test/publication-caller-retirement.spec.ts > a repeated native publication through controlled execution retains unchanged source evidence and obtains the required checkpoint
{"contract":"card-keepr-operational-log@1","event":"workflow.step.completed","runtime":"ingestion","request":{"id":"game-reconcile-064b61060aa2f598ecb42c7dcafbe75b1ca13ed00b761fe8920b4c1e4543306b","method":"WORKFLOW","route":"/workflows/:ref"},"status":200,"duration_ms":2,"workflow":{"step":"reconcile retained Card, Printing, and Erratum evidence-unit-30","step_count":1},"retry":{"count":0,"classification":"not_applicable"},"cache":{"status":"unknown"},"d1":{"prepared_statements":14,"batch_calls":3,"batch_statements":11}}

stdout | apps/ingestion/test/publication-caller-retirement.spec.ts > a repeated native publication through controlled execution retains unchanged source evidence and obtains the required checkpoint
{"contract":"card-keepr-operational-log@1","event":"workflow.step.completed","runtime":"ingestion","request":{"id":"game-reconcile-064b61060aa2f598ecb42c7dcafbe75b1ca13ed00b761fe8920b4c1e4543306b","method":"WORKFLOW","route":"/workflows/:ref"},"status":200,"duration_ms":1,"workflow":{"step":"reconcile retained Card, Printing, and Erratum evidence-unit-31","step_count":1},"retry":{"count":0,"classification":"not_applicable"},"cache":{"status":"unknown"},"d1":{"prepared_statements":14,"batch_calls":3,"batch_statements":11}}

stdout | apps/ingestion/test/publication-caller-retirement.spec.ts > a repeated native publication through controlled execution retains unchanged source evidence and obtains the required checkpoint
{"contract":"card-keepr-operational-log@1","event":"workflow.step.completed","runtime":"ingestion","request":{"id":"game-reconcile-064b61060aa2f598ecb42c7dcafbe75b1ca13ed00b761fe8920b4c1e4543306b","method":"WORKFLOW","route":"/workflows/:ref"},"status":200,"duration_ms":1,"workflow":{"step":"reconcile retained Card, Printing, and Erratum evidence-unit-32","step_count":1},"retry":{"count":0,"classification":"not_applicable"},"cache":{"status":"unknown"},"d1":{"prepared_statements":14,"batch_calls":3,"batch_statements":11}}

stdout | apps/ingestion/test/publication-caller-retirement.spec.ts > a repeated native publication through controlled execution retains unchanged source evidence and obtains the required checkpoint
{"contract":"card-keepr-operational-log@1","event":"workflow.step.completed","runtime":"ingestion","request":{"id":"game-reconcile-064b61060aa2f598ecb42c7dcafbe75b1ca13ed00b761fe8920b4c1e4543306b","method":"WORKFLOW","route":"/workflows/:ref"},"status":200,"duration_ms":2,"workflow":{"step":"reconcile retained Card, Printing, and Erratum evidence-unit-33","step_count":1},"retry":{"count":0,"classification":"not_applicable"},"cache":{"status":"unknown"},"d1":{"prepared_statements":14,"batch_calls":3,"batch_statements":11}}

stdout | apps/ingestion/test/publication-caller-retirement.spec.ts > a repeated native publication through controlled execution retains unchanged source evidence and obtains the required checkpoint
{"contract":"card-keepr-operational-log@1","event":"workflow.step.completed","runtime":"ingestion","request":{"id":"game-reconcile-064b61060aa2f598ecb42c7dcafbe75b1ca13ed00b761fe8920b4c1e4543306b","method":"WORKFLOW","route":"/workflows/:ref"},"status":200,"duration_ms":1,"workflow":{"step":"reconcile retained Card, Printing, and Erratum evidence-unit-34","step_count":1},"retry":{"count":0,"classification":"not_applicable"},"cache":{"status":"unknown"},"d1":{"prepared_statements":16,"batch_calls":3,"batch_statements":11}}

stdout | apps/ingestion/test/publication-caller-retirement.spec.ts > a repeated native publication through controlled execution retains unchanged source evidence and obtains the required checkpoint
{"contract":"card-keepr-operational-log@1","event":"workflow.step.completed","runtime":"ingestion","request":{"id":"game-reconcile-064b61060aa2f598ecb42c7dcafbe75b1ca13ed00b761fe8920b4c1e4543306b","method":"WORKFLOW","route":"/workflows/:ref"},"status":200,"duration_ms":1,"workflow":{"step":"reconcile retained Card, Printing, and Erratum evidence-unit-35","step_count":1},"retry":{"count":0,"classification":"not_applicable"},"cache":{"status":"unknown"},"d1":{"prepared_statements":19,"batch_calls":3,"batch_statements":11}}

stdout | apps/ingestion/test/publication-caller-retirement.spec.ts > a repeated native publication through controlled execution retains unchanged source evidence and obtains the required checkpoint
{"contract":"card-keepr-operational-log@1","event":"workflow.step.completed","runtime":"ingestion","request":{"id":"game-reconcile-064b61060aa2f598ecb42c7dcafbe75b1ca13ed00b761fe8920b4c1e4543306b","method":"WORKFLOW","route":"/workflows/:ref"},"status":200,"duration_ms":3,"workflow":{"step":"reconcile retained Card, Printing, and Erratum evidence-unit-36","step_count":1},"retry":{"count":0,"classification":"not_applicable"},"cache":{"status":"unknown"},"d1":{"prepared_statements":23,"batch_calls":3,"batch_statements":11}}

stdout | apps/ingestion/test/publication-caller-retirement.spec.ts > a repeated native publication through controlled execution retains unchanged source evidence and obtains the required checkpoint
{"contract":"card-keepr-operational-log@1","event":"workflow.step.completed","runtime":"ingestion","request":{"id":"game-reconcile-064b61060aa2f598ecb42c7dcafbe75b1ca13ed00b761fe8920b4c1e4543306b","method":"WORKFLOW","route":"/workflows/:ref"},"status":200,"duration_ms":3,"workflow":{"step":"reconcile retained Card, Printing, and Erratum evidence-unit-37","step_count":1},"retry":{"count":0,"classification":"not_applicable"},"cache":{"status":"unknown"},"d1":{"prepared_statements":24,"batch_calls":3,"batch_statements":11}}

stdout | apps/ingestion/test/publication-caller-retirement.spec.ts > a repeated native publication through controlled execution retains unchanged source evidence and obtains the required checkpoint
{"contract":"card-keepr-operational-log@1","event":"workflow.step.completed","runtime":"ingestion","request":{"id":"game-reconcile-064b61060aa2f598ecb42c7dcafbe75b1ca13ed00b761fe8920b4c1e4543306b","method":"WORKFLOW","route":"/workflows/:ref"},"status":200,"duration_ms":4,"workflow":{"step":"reconcile retained Card, Printing, and Erratum evidence-unit-38","step_count":1},"retry":{"count":0,"classification":"not_applicable"},"cache":{"status":"unknown"},"d1":{"prepared_statements":28,"batch_calls":3,"batch_statements":11}}

stdout | apps/ingestion/test/publication-caller-retirement.spec.ts > a repeated native publication through controlled execution retains unchanged source evidence and obtains the required checkpoint
{"contract":"card-keepr-operational-log@1","event":"workflow.step.completed","runtime":"ingestion","request":{"id":"game-reconcile-064b61060aa2f598ecb42c7dcafbe75b1ca13ed00b761fe8920b4c1e4543306b","method":"WORKFLOW","route":"/workflows/:ref"},"status":200,"duration_ms":3,"workflow":{"step":"reconcile retained Card, Printing, and Erratum evidence-unit-39","step_count":1},"retry":{"count":0,"classification":"not_applicable"},"cache":{"status":"unknown"},"d1":{"prepared_statements":25,"batch_calls":3,"batch_statements":11}}

stdout | apps/ingestion/test/publication-caller-retirement.spec.ts > a repeated native publication through controlled execution retains unchanged source evidence and obtains the required checkpoint
{"contract":"card-keepr-operational-log@1","event":"workflow.step.completed","runtime":"ingestion","request":{"id":"game-reconcile-064b61060aa2f598ecb42c7dcafbe75b1ca13ed00b761fe8920b4c1e4543306b","method":"WORKFLOW","route":"/workflows/:ref"},"status":200,"duration_ms":0,"workflow":{"step":"retain reconciliation successor","step_count":1},"retry":{"count":0,"classification":"not_applicable"},"cache":{"status":"unknown"},"d1":{"prepared_statements":2,"batch_calls":1,"batch_statements":2}}

stdout | apps/ingestion/test/publication-caller-retirement.spec.ts > a repeated native publication through controlled execution retains unchanged source evidence and obtains the required checkpoint
{"contract":"card-keepr-operational-log@1","event":"workflow.step.completed","runtime":"ingestion","request":{"id":"game-reconcile-064b61060aa2f598ecb42c7dcafbe75b1ca13ed00b761fe8920b4c1e4543306b","method":"WORKFLOW","route":"/workflows/:ref"},"status":200,"duration_ms":0,"workflow":{"step":"dispatch reconciliation successor","step_count":1},"retry":{"count":0,"classification":"not_applicable"},"cache":{"status":"unknown"},"d1":{"prepared_statements":0,"batch_calls":0,"batch_statements":0}}

stdout | apps/ingestion/test/publication-caller-retirement.spec.ts > a repeated native publication through controlled execution retains unchanged source evidence and obtains the required checkpoint
{"contract":"card-keepr-operational-log@1","event":"workflow.step.completed","runtime":"ingestion","request":{"id":"reconcile-shard-cf29992258cf8a1f05eeb892961f21ace6a61247a4d69bd562da31a022b3ccdd","method":"WORKFLOW","route":"/workflows/:ref"},"status":200,"duration_ms":0,"workflow":{"step":"initialize reconciliation operation","step_count":1},"retry":{"count":0,"classification":"not_applicable"},"cache":{"status":"unknown"},"d1":{"prepared_statements":1,"batch_calls":0,"batch_statements":0}}

stdout | apps/ingestion/test/publication-caller-retirement.spec.ts > a repeated native publication through controlled execution retains unchanged source evidence and obtains the required checkpoint
{"contract":"card-keepr-operational-log@1","event":"workflow.step.completed","runtime":"ingestion","request":{"id":"reconcile-shard-cf29992258cf8a1f05eeb892961f21ace6a61247a4d69bd562da31a022b3ccdd","method":"WORKFLOW","route":"/workflows/:ref"},"status":200,"duration_ms":0,"workflow":{"step":"read reconciliation dispatch","step_count":1},"retry":{"count":0,"classification":"not_applicable"},"cache":{"status":"unknown"},"d1":{"prepared_statements":2,"batch_calls":0,"batch_statements":0}}

stdout | apps/ingestion/test/publication-caller-retirement.spec.ts > a repeated native publication through controlled execution retains unchanged source evidence and obtains the required checkpoint
{"contract":"card-keepr-operational-log@1","event":"workflow.step.completed","runtime":"ingestion","request":{"id":"reconcile-shard-cf29992258cf8a1f05eeb892961f21ace6a61247a4d69bd562da31a022b3ccdd","method":"WORKFLOW","route":"/workflows/:ref"},"status":200,"duration_ms":7,"workflow":{"step":"reconcile retained Card, Printing, and Erratum evidence-unit-40","step_count":1},"retry":{"count":0,"classification":"not_applicable"},"cache":{"status":"unknown"},"d1":{"prepared_statements":52,"batch_calls":14,"batch_statements":37}}

stdout | apps/ingestion/test/publication-caller-retirement.spec.ts > a repeated native publication through controlled execution retains unchanged source evidence and obtains the required checkpoint
{"contract":"card-keepr-operational-log@1","event":"workflow.step.completed","runtime":"ingestion","request":{"id":"reconcile-shard-cf29992258cf8a1f05eeb892961f21ace6a61247a4d69bd562da31a022b3ccdd","method":"WORKFLOW","route":"/workflows/:ref"},"status":200,"duration_ms":1,"workflow":{"step":"reconcile retained Card, Printing, and Erratum evidence-unit-41","step_count":1},"retry":{"count":0,"classification":"not_applicable"},"cache":{"status":"unknown"},"d1":{"prepared_statements":14,"batch_calls":3,"batch_statements":11}}

stdout | apps/ingestion/test/publication-caller-retirement.spec.ts > a repeated native publication through controlled execution retains unchanged source evidence and obtains the required checkpoint
{"contract":"card-keepr-operational-log@1","event":"workflow.step.completed","runtime":"ingestion","request":{"id":"reconcile-shard-cf29992258cf8a1f05eeb892961f21ace6a61247a4d69bd562da31a022b3ccdd","method":"WORKFLOW","route":"/workflows/:ref"},"status":200,"duration_ms":1,"workflow":{"step":"reconcile retained Card, Printing, and Erratum evidence-unit-42","step_count":1},"retry":{"count":0,"classification":"not_applicable"},"cache":{"status":"unknown"},"d1":{"prepared_statements":12,"batch_calls":3,"batch_statements":11}}

stdout | apps/ingestion/test/publication-caller-retirement.spec.ts > a repeated native publication through controlled execution retains unchanged source evidence and obtains the required checkpoint
{"contract":"card-keepr-operational-log@1","event":"workflow.step.completed","runtime":"ingestion","request":{"id":"reconcile-shard-cf29992258cf8a1f05eeb892961f21ace6a61247a4d69bd562da31a022b3ccdd","method":"WORKFLOW","route":"/workflows/:ref"},"status":200,"duration_ms":2,"workflow":{"step":"reconcile retained Card, Printing, and Erratum evidence-unit-43","step_count":1},"retry":{"count":0,"classification":"not_applicable"},"cache":{"status":"unknown"},"d1":{"prepared_statements":13,"batch_calls":4,"batch_statements":13}}

stdout | apps/ingestion/test/publication-caller-retirement.spec.ts > a repeated native publication through controlled execution retains unchanged source evidence and obtains the required checkpoint
{"contract":"card-keepr-operational-log@1","event":"workflow.step.completed","runtime":"ingestion","request":{"id":"reconcile-shard-cf29992258cf8a1f05eeb892961f21ace6a61247a4d69bd562da31a022b3ccdd","method":"WORKFLOW","route":"/workflows/:ref"},"status":200,"duration_ms":1,"workflow":{"step":"reconcile retained Card, Printing, and Erratum evidence-unit-44","step_count":1},"retry":{"count":0,"classification":"not_applicable"},"cache":{"status":"unknown"},"d1":{"prepared_statements":13,"batch_calls":4,"batch_statements":13}}

stdout | apps/ingestion/test/publication-caller-retirement.spec.ts > a repeated native publication through controlled execution retains unchanged source evidence and obtains the required checkpoint
{"contract":"card-keepr-operational-log@1","event":"workflow.step.completed","runtime":"ingestion","request":{"id":"reconcile-shard-cf29992258cf8a1f05eeb892961f21ace6a61247a4d69bd562da31a022b3ccdd","method":"WORKFLOW","route":"/workflows/:ref"},"status":200,"duration_ms":2,"workflow":{"step":"reconcile retained Card, Printing, and Erratum evidence-unit-45","step_count":1},"retry":{"count":0,"classification":"not_applicable"},"cache":{"status":"unknown"},"d1":{"prepared_statements":13,"batch_calls":4,"batch_statements":13}}

stdout | apps/ingestion/test/publication-caller-retirement.spec.ts > a repeated native publication through controlled execution retains unchanged source evidence and obtains the required checkpoint
{"contract":"card-keepr-operational-log@1","event":"workflow.step.completed","runtime":"ingestion","request":{"id":"reconcile-shard-cf29992258cf8a1f05eeb892961f21ace6a61247a4d69bd562da31a022b3ccdd","method":"WORKFLOW","route":"/workflows/:ref"},"status":200,"duration_ms":1,"workflow":{"step":"reconcile retained Card, Printing, and Erratum evidence-unit-46","step_count":1},"retry":{"count":0,"classification":"not_applicable"},"cache":{"status":"unknown"},"d1":{"prepared_statements":13,"batch_calls":4,"batch_statements":13}}

stdout | apps/ingestion/test/publication-caller-retirement.spec.ts > a repeated native publication through controlled execution retains unchanged source evidence and obtains the required checkpoint
{"contract":"card-keepr-operational-log@1","event":"workflow.step.completed","runtime":"ingestion","request":{"id":"reconcile-shard-cf29992258cf8a1f05eeb892961f21ace6a61247a4d69bd562da31a022b3ccdd","method":"WORKFLOW","route":"/workflows/:ref"},"status":200,"duration_ms":1,"workflow":{"step":"reconcile retained Card, Printing, and Erratum evidence-unit-47","step_count":1},"retry":{"count":0,"classification":"not_applicable"},"cache":{"status":"unknown"},"d1":{"prepared_statements":13,"batch_calls":4,"batch_statements":13}}

stdout | apps/ingestion/test/publication-caller-retirement.spec.ts > a repeated native publication through controlled execution retains unchanged source evidence and obtains the required checkpoint
{"contract":"card-keepr-operational-log@1","event":"workflow.step.completed","runtime":"ingestion","request":{"id":"reconcile-shard-cf29992258cf8a1f05eeb892961f21ace6a61247a4d69bd562da31a022b3ccdd","method":"WORKFLOW","route":"/workflows/:ref"},"status":200,"duration_ms":2,"workflow":{"step":"reconcile retained Card, Printing, and Erratum evidence-unit-48","step_count":1},"retry":{"count":0,"classification":"not_applicable"},"cache":{"status":"unknown"},"d1":{"prepared_statements":13,"batch_calls":4,"batch_statements":13}}

stdout | apps/ingestion/test/publication-caller-retirement.spec.ts > a repeated native publication through controlled execution retains unchanged source evidence and obtains the required checkpoint
{"contract":"card-keepr-operational-log@1","event":"workflow.step.completed","runtime":"ingestion","request":{"id":"reconcile-shard-cf29992258cf8a1f05eeb892961f21ace6a61247a4d69bd562da31a022b3ccdd","method":"WORKFLOW","route":"/workflows/:ref"},"status":200,"duration_ms":1,"workflow":{"step":"reconcile retained Card, Printing, and Erratum evidence-unit-49","step_count":1},"retry":{"count":0,"classification":"not_applicable"},"cache":{"status":"unknown"},"d1":{"prepared_statements":13,"batch_calls":4,"batch_statements":13}}

stdout | apps/ingestion/test/publication-caller-retirement.spec.ts > a repeated native publication through controlled execution retains unchanged source evidence and obtains the required checkpoint
{"contract":"card-keepr-operational-log@1","event":"workflow.step.completed","runtime":"ingestion","request":{"id":"reconcile-shard-cf29992258cf8a1f05eeb892961f21ace6a61247a4d69bd562da31a022b3ccdd","method":"WORKFLOW","route":"/workflows/:ref"},"status":200,"duration_ms":1,"workflow":{"step":"reconcile retained Card, Printing, and Erratum evidence-unit-50","step_count":1},"retry":{"count":0,"classification":"not_applicable"},"cache":{"status":"unknown"},"d1":{"prepared_statements":13,"batch_calls":4,"batch_statements":13}}

stdout | apps/ingestion/test/publication-caller-retirement.spec.ts > a repeated native publication through controlled execution retains unchanged source evidence and obtains the required checkpoint
{"contract":"card-keepr-operational-log@1","event":"workflow.step.completed","runtime":"ingestion","request":{"id":"reconcile-shard-cf29992258cf8a1f05eeb892961f21ace6a61247a4d69bd562da31a022b3ccdd","method":"WORKFLOW","route":"/workflows/:ref"},"status":200,"duration_ms":1,"workflow":{"step":"reconcile retained Card, Printing, and Erratum evidence-unit-51","step_count":1},"retry":{"count":0,"classification":"not_applicable"},"cache":{"status":"unknown"},"d1":{"prepared_statements":13,"batch_calls":4,"batch_statements":13}}

stdout | apps/ingestion/test/publication-caller-retirement.spec.ts > a repeated native publication through controlled execution retains unchanged source evidence and obtains the required checkpoint
{"contract":"card-keepr-operational-log@1","event":"workflow.step.completed","runtime":"ingestion","request":{"id":"reconcile-shard-cf29992258cf8a1f05eeb892961f21ace6a61247a4d69bd562da31a022b3ccdd","method":"WORKFLOW","route":"/workflows/:ref"},"status":200,"duration_ms":1,"workflow":{"step":"reconcile retained Card, Printing, and Erratum evidence-unit-52","step_count":1},"retry":{"count":0,"classification":"not_applicable"},"cache":{"status":"unknown"},"d1":{"prepared_statements":13,"batch_calls":4,"batch_statements":13}}

stdout | apps/ingestion/test/publication-caller-retirement.spec.ts > a repeated native publication through controlled execution retains unchanged source evidence and obtains the required checkpoint
{"contract":"card-keepr-operational-log@1","event":"workflow.step.completed","runtime":"ingestion","request":{"id":"reconcile-shard-cf29992258cf8a1f05eeb892961f21ace6a61247a4d69bd562da31a022b3ccdd","method":"WORKFLOW","route":"/workflows/:ref"},"status":200,"duration_ms":2,"workflow":{"step":"reconcile retained Card, Printing, and Erratum evidence-unit-53","step_count":1},"retry":{"count":0,"classification":"not_applicable"},"cache":{"status":"unknown"},"d1":{"prepared_statements":13,"batch_calls":4,"batch_statements":13}}

stdout | apps/ingestion/test/publication-caller-retirement.spec.ts > a repeated native publication through controlled execution retains unchanged source evidence and obtains the required checkpoint
{"contract":"card-keepr-operational-log@1","event":"workflow.step.completed","runtime":"ingestion","request":{"id":"reconcile-shard-cf29992258cf8a1f05eeb892961f21ace6a61247a4d69bd562da31a022b3ccdd","method":"WORKFLOW","route":"/workflows/:ref"},"status":200,"duration_ms":1,"workflow":{"step":"reconcile retained Card, Printing, and Erratum evidence-unit-54","step_count":1},"retry":{"count":0,"classification":"not_applicable"},"cache":{"status":"unknown"},"d1":{"prepared_statements":13,"batch_calls":4,"batch_statements":13}}

stdout | apps/ingestion/test/publication-caller-retirement.spec.ts > a repeated native publication through controlled execution retains unchanged source evidence and obtains the required checkpoint
{"contract":"card-keepr-operational-log@1","event":"workflow.step.completed","runtime":"ingestion","request":{"id":"reconcile-shard-cf29992258cf8a1f05eeb892961f21ace6a61247a4d69bd562da31a022b3ccdd","method":"WORKFLOW","route":"/workflows/:ref"},"status":200,"duration_ms":1,"workflow":{"step":"reconcile retained Card, Printing, and Erratum evidence-unit-55","step_count":1},"retry":{"count":0,"classification":"not_applicable"},"cache":{"status":"unknown"},"d1":{"prepared_statements":14,"batch_calls":4,"batch_statements":13}}

stdout | apps/ingestion/test/publication-caller-retirement.spec.ts > a repeated native publication through controlled execution retains unchanged source evidence and obtains the required checkpoint
{"contract":"card-keepr-operational-log@1","event":"workflow.step.completed","runtime":"ingestion","request":{"id":"reconcile-shard-cf29992258cf8a1f05eeb892961f21ace6a61247a4d69bd562da31a022b3ccdd","method":"WORKFLOW","route":"/workflows/:ref"},"status":200,"duration_ms":2,"workflow":{"step":"reconcile retained Card, Printing, and Erratum evidence-unit-56","step_count":1},"retry":{"count":0,"classification":"not_applicable"},"cache":{"status":"unknown"},"d1":{"prepared_statements":13,"batch_calls":4,"batch_statements":13}}

stdout | apps/ingestion/test/publication-caller-retirement.spec.ts > a repeated native publication through controlled execution retains unchanged source evidence and obtains the required checkpoint
{"contract":"card-keepr-operational-log@1","event":"workflow.step.completed","runtime":"ingestion","request":{"id":"reconcile-shard-cf29992258cf8a1f05eeb892961f21ace6a61247a4d69bd562da31a022b3ccdd","method":"WORKFLOW","route":"/workflows/:ref"},"status":200,"duration_ms":2,"workflow":{"step":"reconcile retained Card, Printing, and Erratum evidence-unit-57","step_count":1},"retry":{"count":0,"classification":"not_applicable"},"cache":{"status":"unknown"},"d1":{"prepared_statements":13,"batch_calls":4,"batch_statements":13}}

stdout | apps/ingestion/test/publication-caller-retirement.spec.ts > a repeated native publication through controlled execution retains unchanged source evidence and obtains the required checkpoint
{"contract":"card-keepr-operational-log@1","event":"workflow.step.completed","runtime":"ingestion","request":{"id":"reconcile-shard-cf29992258cf8a1f05eeb892961f21ace6a61247a4d69bd562da31a022b3ccdd","method":"WORKFLOW","route":"/workflows/:ref"},"status":200,"duration_ms":2,"workflow":{"step":"reconcile retained Card, Printing, and Erratum evidence-unit-58","step_count":1},"retry":{"count":0,"classification":"not_applicable"},"cache":{"status":"unknown"},"d1":{"prepared_statements":21,"batch_calls":8,"batch_statements":21}}

stdout | apps/ingestion/test/publication-caller-retirement.spec.ts > a repeated native publication through controlled execution retains unchanged source evidence and obtains the required checkpoint
{"contract":"card-keepr-operational-log@1","event":"workflow.step.completed","runtime":"ingestion","request":{"id":"reconcile-shard-cf29992258cf8a1f05eeb892961f21ace6a61247a4d69bd562da31a022b3ccdd","method":"WORKFLOW","route":"/workflows/:ref"},"status":200,"duration_ms":2,"workflow":{"step":"reconcile retained Card, Printing, and Erratum evidence-unit-59","step_count":1},"retry":{"count":0,"classification":"not_applicable"},"cache":{"status":"unknown"},"d1":{"prepared_statements":19,"batch_calls":7,"batch_statements":19}}

stdout | apps/ingestion/test/publication-caller-retirement.spec.ts > a repeated native publication through controlled execution retains unchanged source evidence and obtains the required checkpoint
{"contract":"card-keepr-operational-log@1","event":"workflow.step.completed","runtime":"ingestion","request":{"id":"reconcile-shard-cf29992258cf8a1f05eeb892961f21ace6a61247a4d69bd562da31a022b3ccdd","method":"WORKFLOW","route":"/workflows/:ref"},"status":200,"duration_ms":2,"workflow":{"step":"reconcile retained Card, Printing, and Erratum evidence-unit-60","step_count":1},"retry":{"count":0,"classification":"not_applicable"},"cache":{"status":"unknown"},"d1":{"prepared_statements":19,"batch_calls":7,"batch_statements":19}}

stdout | apps/ingestion/test/publication-caller-retirement.spec.ts > a repeated native publication through controlled execution retains unchanged source evidence and obtains the required checkpoint
{"contract":"card-keepr-operational-log@1","event":"workflow.step.completed","runtime":"ingestion","request":{"id":"reconcile-shard-cf29992258cf8a1f05eeb892961f21ace6a61247a4d69bd562da31a022b3ccdd","method":"WORKFLOW","route":"/workflows/:ref"},"status":200,"duration_ms":1,"workflow":{"step":"reconcile retained Card, Printing, and Erratum evidence-unit-61","step_count":1},"retry":{"count":0,"classification":"not_applicable"},"cache":{"status":"unknown"},"d1":{"prepared_statements":13,"batch_calls":4,"batch_statements":13}}

stdout | apps/ingestion/test/publication-caller-retirement.spec.ts > a repeated native publication through controlled execution retains unchanged source evidence and obtains the required checkpoint
{"contract":"card-keepr-operational-log@1","event":"workflow.step.completed","runtime":"ingestion","request":{"id":"reconcile-shard-cf29992258cf8a1f05eeb892961f21ace6a61247a4d69bd562da31a022b3ccdd","method":"WORKFLOW","route":"/workflows/:ref"},"status":200,"duration_ms":1,"workflow":{"step":"reconcile retained Card, Printing, and Erratum evidence-unit-62","step_count":1},"retry":{"count":0,"classification":"not_applicable"},"cache":{"status":"unknown"},"d1":{"prepared_statements":13,"batch_calls":4,"batch_statements":13}}

stdout | apps/ingestion/test/publication-caller-retirement.spec.ts > a repeated native publication through controlled execution retains unchanged source evidence and obtains the required checkpoint
{"contract":"card-keepr-operational-log@1","event":"workflow.step.completed","runtime":"ingestion","request":{"id":"reconcile-shard-cf29992258cf8a1f05eeb892961f21ace6a61247a4d69bd562da31a022b3ccdd","method":"WORKFLOW","route":"/workflows/:ref"},"status":200,"duration_ms":2,"workflow":{"step":"reconcile retained Card, Printing, and Erratum evidence-unit-63","step_count":1},"retry":{"count":0,"classification":"not_applicable"},"cache":{"status":"unknown"},"d1":{"prepared_statements":22,"batch_calls":8,"batch_statements":21}}

stdout | apps/ingestion/test/publication-caller-retirement.spec.ts > a repeated native publication through controlled execution retains unchanged source evidence and obtains the required checkpoint
{"contract":"card-keepr-operational-log@1","event":"workflow.step.completed","runtime":"ingestion","request":{"id":"reconcile-shard-cf29992258cf8a1f05eeb892961f21ace6a61247a4d69bd562da31a022b3ccdd","method":"WORKFLOW","route":"/workflows/:ref"},"status":200,"duration_ms":3,"workflow":{"step":"reconcile retained Card, Printing, and Erratum evidence-unit-64","step_count":1},"retry":{"count":0,"classification":"not_applicable"},"cache":{"status":"unknown"},"d1":{"prepared_statements":22,"batch_calls":8,"batch_statements":21}}

stdout | apps/ingestion/test/publication-caller-retirement.spec.ts > a repeated native publication through controlled execution retains unchanged source evidence and obtains the required checkpoint
{"contract":"card-keepr-operational-log@1","event":"workflow.step.completed","runtime":"ingestion","request":{"id":"reconcile-shard-cf29992258cf8a1f05eeb892961f21ace6a61247a4d69bd562da31a022b3ccdd","method":"WORKFLOW","route":"/workflows/:ref"},"status":200,"duration_ms":2,"workflow":{"step":"reconcile retained Card, Printing, and Erratum evidence-unit-65","step_count":1},"retry":{"count":0,"classification":"not_applicable"},"cache":{"status":"unknown"},"d1":{"prepared_statements":19,"batch_calls":7,"batch_statements":19}}

stdout | apps/ingestion/test/publication-caller-retirement.spec.ts > a repeated native publication through controlled execution retains unchanged source evidence and obtains the required checkpoint
{"contract":"card-keepr-operational-log@1","event":"workflow.step.completed","runtime":"ingestion","request":{"id":"reconcile-shard-cf29992258cf8a1f05eeb892961f21ace6a61247a4d69bd562da31a022b3ccdd","method":"WORKFLOW","route":"/workflows/:ref"},"status":200,"duration_ms":1,"workflow":{"step":"reconcile retained Card, Printing, and Erratum evidence-unit-66","step_count":1},"retry":{"count":0,"classification":"not_applicable"},"cache":{"status":"unknown"},"d1":{"prepared_statements":13,"batch_calls":4,"batch_statements":13}}

stdout | apps/ingestion/test/publication-caller-retirement.spec.ts > a repeated native publication through controlled execution retains unchanged source evidence and obtains the required checkpoint
{"contract":"card-keepr-operational-log@1","event":"workflow.step.completed","runtime":"ingestion","request":{"id":"reconcile-shard-cf29992258cf8a1f05eeb892961f21ace6a61247a4d69bd562da31a022b3ccdd","method":"WORKFLOW","route":"/workflows/:ref"},"status":200,"duration_ms":3,"workflow":{"step":"reconcile retained Card, Printing, and Erratum evidence-unit-67","step_count":1},"retry":{"count":0,"classification":"not_applicable"},"cache":{"status":"unknown"},"d1":{"prepared_statements":27,"batch_calls":7,"batch_statements":26}}

stdout | apps/ingestion/test/publication-caller-retirement.spec.ts > a repeated native publication through controlled execution retains unchanged source evidence and obtains the required checkpoint
{"contract":"card-keepr-operational-log@1","event":"workflow.step.completed","runtime":"ingestion","request":{"id":"reconcile-shard-cf29992258cf8a1f05eeb892961f21ace6a61247a4d69bd562da31a022b3ccdd","method":"WORKFLOW","route":"/workflows/:ref"},"status":200,"duration_ms":2,"workflow":{"step":"reconcile retained Card, Printing, and Erratum evidence-unit-68","step_count":1},"retry":{"count":0,"classification":"not_applicable"},"cache":{"status":"unknown"},"d1":{"prepared_statements":13,"batch_calls":4,"batch_statements":13}}

stdout | apps/ingestion/test/publication-caller-retirement.spec.ts > a repeated native publication through controlled execution retains unchanged source evidence and obtains the required checkpoint
{"contract":"card-keepr-operational-log@1","event":"workflow.step.completed","runtime":"ingestion","request":{"id":"reconcile-shard-cf29992258cf8a1f05eeb892961f21ace6a61247a4d69bd562da31a022b3ccdd","method":"WORKFLOW","route":"/workflows/:ref"},"status":200,"duration_ms":2,"workflow":{"step":"reconcile retained Card, Printing, and Erratum evidence-unit-69","step_count":1},"retry":{"count":0,"classification":"not_applicable"},"cache":{"status":"unknown"},"d1":{"prepared_statements":19,"batch_calls":7,"batch_statements":19}}

stdout | apps/ingestion/test/publication-caller-retirement.spec.ts > a repeated native publication through controlled execution retains unchanged source evidence and obtains the required checkpoint
{"contract":"card-keepr-operational-log@1","event":"workflow.step.completed","runtime":"ingestion","request":{"id":"reconcile-shard-cf29992258cf8a1f05eeb892961f21ace6a61247a4d69bd562da31a022b3ccdd","method":"WORKFLOW","route":"/workflows/:ref"},"status":200,"duration_ms":1,"workflow":{"step":"reconcile retained Card, Printing, and Erratum evidence-unit-70","step_count":1},"retry":{"count":0,"classification":"not_applicable"},"cache":{"status":"unknown"},"d1":{"prepared_statements":13,"batch_calls":4,"batch_statements":13}}

stdout | apps/ingestion/test/publication-caller-retirement.spec.ts > a repeated native publication through controlled execution retains unchanged source evidence and obtains the required checkpoint
{"contract":"card-keepr-operational-log@1","event":"workflow.step.completed","runtime":"ingestion","request":{"id":"reconcile-shard-cf29992258cf8a1f05eeb892961f21ace6a61247a4d69bd562da31a022b3ccdd","method":"WORKFLOW","route":"/workflows/:ref"},"status":200,"duration_ms":1,"workflow":{"step":"reconcile retained Card, Printing, and Erratum evidence-unit-71","step_count":1},"retry":{"count":0,"classification":"not_applicable"},"cache":{"status":"unknown"},"d1":{"prepared_statements":13,"batch_calls":4,"batch_statements":13}}

stdout | apps/ingestion/test/publication-caller-retirement.spec.ts > a repeated native publication through controlled execution retains unchanged source evidence and obtains the required checkpoint
{"contract":"card-keepr-operational-log@1","event":"workflow.step.completed","runtime":"ingestion","request":{"id":"reconcile-shard-cf29992258cf8a1f05eeb892961f21ace6a61247a4d69bd562da31a022b3ccdd","method":"WORKFLOW","route":"/workflows/:ref"},"status":200,"duration_ms":1,"workflow":{"step":"reconcile retained Card, Printing, and Erratum evidence-unit-72","step_count":1},"retry":{"count":0,"classification":"not_applicable"},"cache":{"status":"unknown"},"d1":{"prepared_statements":13,"batch_calls":4,"batch_statements":13}}

stdout | apps/ingestion/test/publication-caller-retirement.spec.ts > a repeated native publication through controlled execution retains unchanged source evidence and obtains the required checkpoint
{"contract":"card-keepr-operational-log@1","event":"workflow.step.completed","runtime":"ingestion","request":{"id":"reconcile-shard-cf29992258cf8a1f05eeb892961f21ace6a61247a4d69bd562da31a022b3ccdd","method":"WORKFLOW","route":"/workflows/:ref"},"status":200,"duration_ms":2,"workflow":{"step":"reconcile retained Card, Printing, and Erratum evidence-unit-73","step_count":1},"retry":{"count":0,"classification":"not_applicable"},"cache":{"status":"unknown"},"d1":{"prepared_statements":13,"batch_calls":4,"batch_statements":13}}

stdout | apps/ingestion/test/publication-caller-retirement.spec.ts > a repeated native publication through controlled execution retains unchanged source evidence and obtains the required checkpoint
{"contract":"card-keepr-operational-log@1","event":"workflow.step.completed","runtime":"ingestion","request":{"id":"reconcile-shard-cf29992258cf8a1f05eeb892961f21ace6a61247a4d69bd562da31a022b3ccdd","method":"WORKFLOW","route":"/workflows/:ref"},"status":200,"duration_ms":1,"workflow":{"step":"reconcile retained Card, Printing, and Erratum evidence-unit-74","step_count":1},"retry":{"count":0,"classification":"not_applicable"},"cache":{"status":"unknown"},"d1":{"prepared_statements":14,"batch_calls":4,"batch_statements":13}}

stdout | apps/ingestion/test/publication-caller-retirement.spec.ts > a repeated native publication through controlled execution retains unchanged source evidence and obtains the required checkpoint
{"contract":"card-keepr-operational-log@1","event":"workflow.step.completed","runtime":"ingestion","request":{"id":"reconcile-shard-cf29992258cf8a1f05eeb892961f21ace6a61247a4d69bd562da31a022b3ccdd","method":"WORKFLOW","route":"/workflows/:ref"},"status":200,"duration_ms":2,"workflow":{"step":"reconcile retained Card, Printing, and Erratum evidence-unit-75","step_count":1},"retry":{"count":0,"classification":"not_applicable"},"cache":{"status":"unknown"},"d1":{"prepared_statements":14,"batch_calls":4,"batch_statements":13}}

stdout | apps/ingestion/test/publication-caller-retirement.spec.ts > a repeated native publication through controlled execution retains unchanged source evidence and obtains the required checkpoint
{"contract":"card-keepr-operational-log@1","event":"workflow.step.completed","runtime":"ingestion","request":{"id":"reconcile-shard-cf29992258cf8a1f05eeb892961f21ace6a61247a4d69bd562da31a022b3ccdd","method":"WORKFLOW","route":"/workflows/:ref"},"status":200,"duration_ms":1,"workflow":{"step":"reconcile retained Card, Printing, and Erratum evidence-unit-76","step_count":1},"retry":{"count":0,"classification":"not_applicable"},"cache":{"status":"unknown"},"d1":{"prepared_statements":13,"batch_calls":4,"batch_statements":13}}

stdout | apps/ingestion/test/publication-caller-retirement.spec.ts > a repeated native publication through controlled execution retains unchanged source evidence and obtains the required checkpoint
{"contract":"card-keepr-operational-log@1","event":"workflow.step.completed","runtime":"ingestion","request":{"id":"reconcile-shard-cf29992258cf8a1f05eeb892961f21ace6a61247a4d69bd562da31a022b3ccdd","method":"WORKFLOW","route":"/workflows/:ref"},"status":200,"duration_ms":2,"workflow":{"step":"reconcile retained Card, Printing, and Erratum evidence-unit-77","step_count":1},"retry":{"count":0,"classification":"not_applicable"},"cache":{"status":"unknown"},"d1":{"prepared_statements":14,"batch_calls":4,"batch_statements":13}}

stdout | apps/ingestion/test/publication-caller-retirement.spec.ts > a repeated native publication through controlled execution retains unchanged source evidence and obtains the required checkpoint
{"contract":"card-keepr-operational-log@1","event":"workflow.step.completed","runtime":"ingestion","request":{"id":"reconcile-shard-cf29992258cf8a1f05eeb892961f21ace6a61247a4d69bd562da31a022b3ccdd","method":"WORKFLOW","route":"/workflows/:ref"},"status":200,"duration_ms":1,"workflow":{"step":"reconcile retained Card, Printing, and Erratum evidence-unit-78","step_count":1},"retry":{"count":0,"classification":"not_applicable"},"cache":{"status":"unknown"},"d1":{"prepared_statements":14,"batch_calls":4,"batch_statements":13}}

stdout | apps/ingestion/test/publication-caller-retirement.spec.ts > a repeated native publication through controlled execution retains unchanged source evidence and obtains the required checkpoint
{"contract":"card-keepr-operational-log@1","event":"workflow.step.completed","runtime":"ingestion","request":{"id":"reconcile-shard-cf29992258cf8a1f05eeb892961f21ace6a61247a4d69bd562da31a022b3ccdd","method":"WORKFLOW","route":"/workflows/:ref"},"status":200,"duration_ms":4,"workflow":{"step":"reconcile retained Card, Printing, and Erratum evidence-unit-79","step_count":1},"retry":{"count":0,"classification":"not_applicable"},"cache":{"status":"unknown"},"d1":{"prepared_statements":30,"batch_calls":11,"batch_statements":27}}

stdout | apps/ingestion/test/publication-caller-retirement.spec.ts > a repeated native publication through controlled execution retains unchanged source evidence and obtains the required checkpoint
{"contract":"card-keepr-operational-log@1","event":"workflow.step.completed","runtime":"ingestion","request":{"id":"reconcile-shard-cf29992258cf8a1f05eeb892961f21ace6a61247a4d69bd562da31a022b3ccdd","method":"WORKFLOW","route":"/workflows/:ref"},"status":200,"duration_ms":0,"workflow":{"step":"retain reconciliation successor","step_count":1},"retry":{"count":0,"classification":"not_applicable"},"cache":{"status":"unknown"},"d1":{"prepared_statements":2,"batch_calls":1,"batch_statements":2}}

stdout | apps/ingestion/test/publication-caller-retirement.spec.ts > a repeated native publication through controlled execution retains unchanged source evidence and obtains the required checkpoint
{"contract":"card-keepr-operational-log@1","event":"workflow.step.completed","runtime":"ingestion","request":{"id":"reconcile-shard-cf29992258cf8a1f05eeb892961f21ace6a61247a4d69bd562da31a022b3ccdd","method":"WORKFLOW","route":"/workflows/:ref"},"status":200,"duration_ms":0,"workflow":{"step":"dispatch reconciliation successor","step_count":1},"retry":{"count":0,"classification":"not_applicable"},"cache":{"status":"unknown"},"d1":{"prepared_statements":0,"batch_calls":0,"batch_statements":0}}

stdout | apps/ingestion/test/publication-caller-retirement.spec.ts > a repeated native publication through controlled execution retains unchanged source evidence and obtains the required checkpoint
{"contract":"card-keepr-operational-log@1","event":"workflow.step.completed","runtime":"ingestion","request":{"id":"reconcile-shard-36d8892c1906164a48a4bb7ed35f09761b61b556aad2f05692f38e9ad45194e9","method":"WORKFLOW","route":"/workflows/:ref"},"status":200,"duration_ms":0,"workflow":{"step":"initialize reconciliation operation","step_count":1},"retry":{"count":0,"classification":"not_applicable"},"cache":{"status":"unknown"},"d1":{"prepared_statements":1,"batch_calls":0,"batch_statements":0}}

stdout | apps/ingestion/test/publication-caller-retirement.spec.ts > a repeated native publication through controlled execution retains unchanged source evidence and obtains the required checkpoint
{"contract":"card-keepr-operational-log@1","event":"workflow.step.completed","runtime":"ingestion","request":{"id":"reconcile-shard-36d8892c1906164a48a4bb7ed35f09761b61b556aad2f05692f38e9ad45194e9","method":"WORKFLOW","route":"/workflows/:ref"},"status":200,"duration_ms":1,"workflow":{"step":"read reconciliation dispatch","step_count":1},"retry":{"count":0,"classification":"not_applicable"},"cache":{"status":"unknown"},"d1":{"prepared_statements":2,"batch_calls":0,"batch_statements":0}}

stdout | apps/ingestion/test/publication-caller-retirement.spec.ts > a repeated native publication through controlled execution retains unchanged source evidence and obtains the required checkpoint
{"contract":"card-keepr-operational-log@1","event":"workflow.step.completed","runtime":"ingestion","request":{"id":"reconcile-shard-36d8892c1906164a48a4bb7ed35f09761b61b556aad2f05692f38e9ad45194e9","method":"WORKFLOW","route":"/workflows/:ref"},"status":200,"duration_ms":1,"workflow":{"step":"reconcile retained Card, Printing, and Erratum evidence-unit-80","step_count":1},"retry":{"count":0,"classification":"not_applicable"},"cache":{"status":"unknown"},"d1":{"prepared_statements":15,"batch_calls":5,"batch_statements":15}}

stdout | apps/ingestion/test/publication-caller-retirement.spec.ts > a repeated native publication through controlled execution retains unchanged source evidence and obtains the required checkpoint
{"contract":"card-keepr-operational-log@1","event":"workflow.step.completed","runtime":"ingestion","request":{"id":"reconcile-shard-36d8892c1906164a48a4bb7ed35f09761b61b556aad2f05692f38e9ad45194e9","method":"WORKFLOW","route":"/workflows/:ref"},"status":200,"duration_ms":1,"workflow":{"step":"reconcile retained Card, Printing, and Erratum evidence-unit-81","step_count":1},"retry":{"count":0,"classification":"not_applicable"},"cache":{"status":"unknown"},"d1":{"prepared_statements":16,"batch_calls":5,"batch_statements":15}}

stdout | apps/ingestion/test/publication-caller-retirement.spec.ts > a repeated native publication through controlled execution retains unchanged source evidence and obtains the required checkpoint
{"contract":"card-keepr-operational-log@1","event":"workflow.step.completed","runtime":"ingestion","request":{"id":"reconcile-shard-36d8892c1906164a48a4bb7ed35f09761b61b556aad2f05692f38e9ad45194e9","method":"WORKFLOW","route":"/workflows/:ref"},"status":200,"duration_ms":2,"workflow":{"step":"reconcile retained Card, Printing, and Erratum evidence-unit-82","step_count":1},"retry":{"count":0,"classification":"not_applicable"},"cache":{"status":"unknown"},"d1":{"prepared_statements":16,"batch_calls":5,"batch_statements":15}}

stdout | apps/ingestion/test/publication-caller-retirement.spec.ts > a repeated native publication through controlled execution retains unchanged source evidence and obtains the required checkpoint
{"contract":"card-keepr-operational-log@1","event":"workflow.step.completed","runtime":"ingestion","request":{"id":"reconcile-shard-36d8892c1906164a48a4bb7ed35f09761b61b556aad2f05692f38e9ad45194e9","method":"WORKFLOW","route":"/workflows/:ref"},"status":200,"duration_ms":3,"workflow":{"step":"reconcile retained Card, Printing, and Erratum evidence-unit-83","step_count":1},"retry":{"count":0,"classification":"not_applicable"},"cache":{"status":"unknown"},"d1":{"prepared_statements":20,"batch_calls":7,"batch_statements":19}}

stdout | apps/ingestion/test/publication-caller-retirement.spec.ts > a repeated native publication through controlled execution retains unchanged source evidence and obtains the required checkpoint
{"contract":"card-keepr-operational-log@1","event":"workflow.step.completed","runtime":"ingestion","request":{"id":"reconcile-shard-36d8892c1906164a48a4bb7ed35f09761b61b556aad2f05692f38e9ad45194e9","method":"WORKFLOW","route":"/workflows/:ref"},"status":200,"duration_ms":2,"workflow":{"step":"reconcile retained Card, Printing, and Erratum evidence-unit-84","step_count":1},"retry":{"count":0,"classification":"not_applicable"},"cache":{"status":"unknown"},"d1":{"prepared_statements":15,"batch_calls":4,"batch_statements":13}}

stdout | apps/ingestion/test/publication-caller-retirement.spec.ts > a repeated native publication through controlled execution retains unchanged source evidence and obtains the required checkpoint
{"contract":"card-keepr-operational-log@1","event":"workflow.step.completed","runtime":"ingestion","request":{"id":"reconcile-shard-36d8892c1906164a48a4bb7ed35f09761b61b556aad2f05692f38e9ad45194e9","method":"WORKFLOW","route":"/workflows/:ref"},"status":200,"duration_ms":1,"workflow":{"step":"reconcile retained Card, Printing, and Erratum evidence-unit-85","step_count":1},"retry":{"count":0,"classification":"not_applicable"},"cache":{"status":"unknown"},"d1":{"prepared_statements":15,"batch_calls":4,"batch_statements":13}}

stdout | apps/ingestion/test/publication-caller-retirement.spec.ts > a repeated native publication through controlled execution retains unchanged source evidence and obtains the required checkpoint
{"contract":"card-keepr-operational-log@1","event":"workflow.step.completed","runtime":"ingestion","request":{"id":"reconcile-shard-36d8892c1906164a48a4bb7ed35f09761b61b556aad2f05692f38e9ad45194e9","method":"WORKFLOW","route":"/workflows/:ref"},"status":200,"duration_ms":2,"workflow":{"step":"reconcile retained Card, Printing, and Erratum evidence-unit-86","step_count":1},"retry":{"count":0,"classification":"not_applicable"},"cache":{"status":"unknown"},"d1":{"prepared_statements":20,"batch_calls":7,"batch_statements":19}}

stdout | apps/ingestion/test/publication-caller-retirement.spec.ts > a repeated native publication through controlled execution retains unchanged source evidence and obtains the required checkpoint
{"contract":"card-keepr-operational-log@1","event":"workflow.step.completed","runtime":"ingestion","request":{"id":"reconcile-shard-36d8892c1906164a48a4bb7ed35f09761b61b556aad2f05692f38e9ad45194e9","method":"WORKFLOW","route":"/workflows/:ref"},"status":200,"duration_ms":3,"workflow":{"step":"reconcile retained Card, Printing, and Erratum evidence-unit-87","step_count":1},"retry":{"count":0,"classification":"not_applicable"},"cache":{"status":"unknown"},"d1":{"prepared_statements":23,"batch_calls":8,"batch_statements":21}}

stdout | apps/ingestion/test/publication-caller-retirement.spec.ts > a repeated native publication through controlled execution retains unchanged source evidence and obtains the required checkpoint
{"contract":"card-keepr-operational-log@1","event":"workflow.step.completed","runtime":"ingestion","request":{"id":"reconcile-shard-36d8892c1906164a48a4bb7ed35f09761b61b556aad2f05692f38e9ad45194e9","method":"WORKFLOW","route":"/workflows/:ref"},"status":200,"duration_ms":2,"workflow":{"step":"reconcile retained Card, Printing, and Erratum evidence-unit-88","step_count":1},"retry":{"count":0,"classification":"not_applicable"},"cache":{"status":"unknown"},"d1":{"prepared_statements":17,"batch_calls":5,"batch_statements":15}}

stdout | apps/ingestion/test/publication-caller-retirement.spec.ts > a repeated native publication through controlled execution retains unchanged source evidence and obtains the required checkpoint
{"contract":"card-keepr-operational-log@1","event":"workflow.step.completed","runtime":"ingestion","request":{"id":"reconcile-shard-36d8892c1906164a48a4bb7ed35f09761b61b556aad2f05692f38e9ad45194e9","method":"WORKFLOW","route":"/workflows/:ref"},"status":200,"duration_ms":6,"workflow":{"step":"reconcile retained Card, Printing, and Erratum evidence-unit-89","step_count":1},"retry":{"count":0,"classification":"not_applicable"},"cache":{"status":"unknown"},"d1":{"prepared_statements":18,"batch_calls":5,"batch_statements":15}}

stdout | apps/ingestion/test/publication-caller-retirement.spec.ts > a repeated native publication through controlled execution retains unchanged source evidence and obtains the required checkpoint
{"contract":"card-keepr-operational-log@1","event":"workflow.step.completed","runtime":"ingestion","request":{"id":"reconcile-shard-36d8892c1906164a48a4bb7ed35f09761b61b556aad2f05692f38e9ad45194e9","method":"WORKFLOW","route":"/workflows/:ref"},"status":200,"duration_ms":6,"workflow":{"step":"reconcile retained Card, Printing, and Erratum evidence-unit-90","step_count":1},"retry":{"count":0,"classification":"not_applicable"},"cache":{"status":"unknown"},"d1":{"prepared_statements":39,"batch_calls":14,"batch_statements":33}}

stdout | apps/ingestion/test/publication-caller-retirement.spec.ts > a repeated native publication through controlled execution retains unchanged source evidence and obtains the required checkpoint
{"contract":"card-keepr-operational-log@1","event":"workflow.step.completed","runtime":"ingestion","request":{"id":"reconcile-shard-36d8892c1906164a48a4bb7ed35f09761b61b556aad2f05692f38e9ad45194e9","method":"WORKFLOW","route":"/workflows/:ref"},"status":200,"duration_ms":7,"workflow":{"step":"reconcile retained Card, Printing, and Erratum evidence-unit-91","step_count":1},"retry":{"count":0,"classification":"not_applicable"},"cache":{"status":"unknown"},"d1":{"prepared_statements":49,"batch_calls":20,"batch_statements":45}}

stdout | apps/ingestion/test/publication-caller-retirement.spec.ts > a repeated native publication through controlled execution retains unchanged source evidence and obtains the required checkpoint
{"contract":"card-keepr-operational-log@1","event":"workflow.step.completed","runtime":"ingestion","request":{"id":"reconcile-shard-36d8892c1906164a48a4bb7ed35f09761b61b556aad2f05692f38e9ad45194e9","method":"WORKFLOW","route":"/workflows/:ref"},"status":200,"duration_ms":3,"workflow":{"step":"reconcile retained Card, Printing, and Erratum evidence-unit-92","step_count":1},"retry":{"count":0,"classification":"not_applicable"},"cache":{"status":"unknown"},"d1":{"prepared_statements":22,"batch_calls":7,"batch_statements":21}}

stdout | apps/ingestion/test/publication-caller-retirement.spec.ts > a repeated native publication through controlled execution retains unchanged source evidence and obtains the required checkpoint
{"contract":"card-keepr-operational-log@1","event":"workflow.step.completed","runtime":"ingestion","request":{"id":"reconcile-shard-36d8892c1906164a48a4bb7ed35f09761b61b556aad2f05692f38e9ad45194e9","method":"WORKFLOW","route":"/workflows/:ref"},"status":200,"duration_ms":3,"workflow":{"step":"reconcile retained Card, Printing, and Erratum evidence-unit-93","step_count":1},"retry":{"count":0,"classification":"not_applicable"},"cache":{"status":"unknown"},"d1":{"prepared_statements":23,"batch_calls":5,"batch_statements":17}}

stdout | apps/ingestion/test/publication-caller-retirement.spec.ts > a repeated native publication through controlled execution retains unchanged source evidence and obtains the required checkpoint
{"contract":"card-keepr-operational-log@1","event":"workflow.step.completed","runtime":"ingestion","request":{"id":"reconcile-shard-36d8892c1906164a48a4bb7ed35f09761b61b556aad2f05692f38e9ad45194e9","method":"WORKFLOW","route":"/workflows/:ref"},"status":200,"duration_ms":5,"workflow":{"step":"reconcile retained Card, Printing, and Erratum evidence-unit-94","step_count":1},"retry":{"count":0,"classification":"not_applicable"},"cache":{"status":"unknown"},"d1":{"prepared_statements":14,"batch_calls":4,"batch_statements":13}}

stdout | apps/ingestion/test/publication-caller-retirement.spec.ts > a repeated native publication through controlled execution retains unchanged source evidence and obtains the required checkpoint
{"contract":"card-keepr-operational-log@1","event":"workflow.step.completed","runtime":"ingestion","request":{"id":"reconcile-shard-36d8892c1906164a48a4bb7ed35f09761b61b556aad2f05692f38e9ad45194e9","method":"WORKFLOW","route":"/workflows/:ref"},"status":200,"duration_ms":3,"workflow":{"step":"reconcile retained Card, Printing, and Erratum evidence-unit-95","step_count":1},"retry":{"count":0,"classification":"not_applicable"},"cache":{"status":"unknown"},"d1":{"prepared_statements":23,"batch_calls":7,"batch_statements":21}}

stdout | apps/ingestion/test/publication-caller-retirement.spec.ts > a repeated native publication through controlled execution retains unchanged source evidence and obtains the required checkpoint
{"contract":"card-keepr-operational-log@1","event":"workflow.step.completed","runtime":"ingestion","request":{"id":"reconcile-shard-36d8892c1906164a48a4bb7ed35f09761b61b556aad2f05692f38e9ad45194e9","method":"WORKFLOW","route":"/workflows/:ref"},"status":200,"duration_ms":2,"workflow":{"step":"reconcile retained Card, Printing, and Erratum evidence-unit-96","step_count":1},"retry":{"count":0,"classification":"not_applicable"},"cache":{"status":"unknown"},"d1":{"prepared_statements":16,"batch_calls":5,"batch_statements":15}}

stdout | apps/ingestion/test/publication-caller-retirement.spec.ts > a repeated native publication through controlled execution retains unchanged source evidence and obtains the required checkpoint
{"contract":"card-keepr-operational-log@1","event":"workflow.step.completed","runtime":"ingestion","request":{"id":"reconcile-shard-36d8892c1906164a48a4bb7ed35f09761b61b556aad2f05692f38e9ad45194e9","method":"WORKFLOW","route":"/workflows/:ref"},"status":200,"duration_ms":2,"workflow":{"step":"reconcile retained Card, Printing, and Erratum evidence-unit-97","step_count":1},"retry":{"count":0,"classification":"not_applicable"},"cache":{"status":"unknown"},"d1":{"prepared_statements":23,"batch_calls":7,"batch_statements":21}}

stdout | apps/ingestion/test/publication-caller-retirement.spec.ts > a repeated native publication through controlled execution retains unchanged source evidence and obtains the required checkpoint
{"contract":"card-keepr-operational-log@1","event":"workflow.step.completed","runtime":"ingestion","request":{"id":"reconcile-shard-36d8892c1906164a48a4bb7ed35f09761b61b556aad2f05692f38e9ad45194e9","method":"WORKFLOW","route":"/workflows/:ref"},"status":200,"duration_ms":2,"workflow":{"step":"reconcile retained Card, Printing, and Erratum evidence-unit-98","step_count":1},"retry":{"count":0,"classification":"not_applicable"},"cache":{"status":"unknown"},"d1":{"prepared_statements":16,"batch_calls":5,"batch_statements":15}}

stdout | apps/ingestion/test/publication-caller-retirement.spec.ts > a repeated native publication through controlled execution retains unchanged source evidence and obtains the required checkpoint
{"contract":"card-keepr-operational-log@1","event":"workflow.step.completed","runtime":"ingestion","request":{"id":"reconcile-shard-36d8892c1906164a48a4bb7ed35f09761b61b556aad2f05692f38e9ad45194e9","method":"WORKFLOW","route":"/workflows/:ref"},"status":200,"duration_ms":2,"workflow":{"step":"reconcile retained Card, Printing, and Erratum evidence-unit-99","step_count":1},"retry":{"count":0,"classification":"not_applicable"},"cache":{"status":"unknown"},"d1":{"prepared_statements":23,"batch_calls":7,"batch_statements":21}}

stdout | apps/ingestion/test/publication-caller-retirement.spec.ts > a repeated native publication through controlled execution retains unchanged source evidence and obtains the required checkpoint
{"contract":"card-keepr-operational-log@1","event":"workflow.step.completed","runtime":"ingestion","request":{"id":"reconcile-shard-36d8892c1906164a48a4bb7ed35f09761b61b556aad2f05692f38e9ad45194e9","method":"WORKFLOW","route":"/workflows/:ref"},"status":200,"duration_ms":2,"workflow":{"step":"reconcile retained Card, Printing, and Erratum evidence-unit-100","step_count":1},"retry":{"count":0,"classification":"not_applicable"},"cache":{"status":"unknown"},"d1":{"prepared_statements":16,"batch_calls":5,"batch_statements":15}}

stdout | apps/ingestion/test/publication-caller-retirement.spec.ts > a repeated native publication through controlled execution retains unchanged source evidence and obtains the required checkpoint
{"contract":"card-keepr-operational-log@1","event":"workflow.step.completed","runtime":"ingestion","request":{"id":"reconcile-shard-36d8892c1906164a48a4bb7ed35f09761b61b556aad2f05692f38e9ad45194e9","method":"WORKFLOW","route":"/workflows/:ref"},"status":200,"duration_ms":2,"workflow":{"step":"reconcile retained Card, Printing, and Erratum evidence-unit-101","step_count":1},"retry":{"count":0,"classification":"not_applicable"},"cache":{"status":"unknown"},"d1":{"prepared_statements":23,"batch_calls":7,"batch_statements":21}}

stdout | apps/ingestion/test/publication-caller-retirement.spec.ts > a repeated native publication through controlled execution retains unchanged source evidence and obtains the required checkpoint
{"contract":"card-keepr-operational-log@1","event":"workflow.step.completed","runtime":"ingestion","request":{"id":"reconcile-shard-36d8892c1906164a48a4bb7ed35f09761b61b556aad2f05692f38e9ad45194e9","method":"WORKFLOW","route":"/workflows/:ref"},"status":200,"duration_ms":2,"workflow":{"step":"reconcile retained Card, Printing, and Erratum evidence-unit-102","step_count":1},"retry":{"count":0,"classification":"not_applicable"},"cache":{"status":"unknown"},"d1":{"prepared_statements":16,"batch_calls":5,"batch_statements":15}}

stdout | apps/ingestion/test/publication-caller-retirement.spec.ts > a repeated native publication through controlled execution retains unchanged source evidence and obtains the required checkpoint
{"contract":"card-keepr-operational-log@1","event":"workflow.step.completed","runtime":"ingestion","request":{"id":"reconcile-shard-36d8892c1906164a48a4bb7ed35f09761b61b556aad2f05692f38e9ad45194e9","method":"WORKFLOW","route":"/workflows/:ref"},"status":200,"duration_ms":1,"workflow":{"step":"reconcile retained Card, Printing, and Erratum evidence-unit-103","step_count":1},"retry":{"count":0,"classification":"not_applicable"},"cache":{"status":"unknown"},"d1":{"prepared_statements":14,"batch_calls":4,"batch_statements":13}}

stdout | apps/ingestion/test/publication-caller-retirement.spec.ts > a repeated native publication through controlled execution retains unchanged source evidence and obtains the required checkpoint
{"contract":"card-keepr-operational-log@1","event":"workflow.step.completed","runtime":"ingestion","request":{"id":"reconcile-shard-36d8892c1906164a48a4bb7ed35f09761b61b556aad2f05692f38e9ad45194e9","method":"WORKFLOW","route":"/workflows/:ref"},"status":200,"duration_ms":3,"workflow":{"step":"reconcile retained Card, Printing, and Erratum evidence-unit-104","step_count":1},"retry":{"count":0,"classification":"not_applicable"},"cache":{"status":"unknown"},"d1":{"prepared_statements":23,"batch_calls":7,"batch_statements":21}}

stdout | apps/ingestion/test/publication-caller-retirement.spec.ts > a repeated native publication through controlled execution retains unchanged source evidence and obtains the required checkpoint
{"contract":"card-keepr-operational-log@1","event":"workflow.step.completed","runtime":"ingestion","request":{"id":"reconcile-shard-36d8892c1906164a48a4bb7ed35f09761b61b556aad2f05692f38e9ad45194e9","method":"WORKFLOW","route":"/workflows/:ref"},"status":200,"duration_ms":1,"workflow":{"step":"reconcile retained Card, Printing, and Erratum evidence-unit-105","step_count":1},"retry":{"count":0,"classification":"not_applicable"},"cache":{"status":"unknown"},"d1":{"prepared_statements":16,"batch_calls":5,"batch_statements":15}}

stdout | apps/ingestion/test/publication-caller-retirement.spec.ts > a repeated native publication through controlled execution retains unchanged source evidence and obtains the required checkpoint
{"contract":"card-keepr-operational-log@1","event":"workflow.step.completed","runtime":"ingestion","request":{"id":"reconcile-shard-36d8892c1906164a48a4bb7ed35f09761b61b556aad2f05692f38e9ad45194e9","method":"WORKFLOW","route":"/workflows/:ref"},"status":200,"duration_ms":3,"workflow":{"step":"reconcile retained Card, Printing, and Erratum evidence-unit-106","step_count":1},"retry":{"count":0,"classification":"not_applicable"},"cache":{"status":"unknown"},"d1":{"prepared_statements":19,"batch_calls":5,"batch_statements":17}}

stdout | apps/ingestion/test/publication-caller-retirement.spec.ts > a repeated native publication through controlled execution retains unchanged source evidence and obtains the required checkpoint
{"contract":"card-keepr-operational-log@1","event":"workflow.step.completed","runtime":"ingestion","request":{"id":"reconcile-shard-36d8892c1906164a48a4bb7ed35f09761b61b556aad2f05692f38e9ad45194e9","method":"WORKFLOW","route":"/workflows/:ref"},"status":200,"duration_ms":2,"workflow":{"step":"reconcile retained Card, Printing, and Erratum evidence-unit-107","step_count":1},"retry":{"count":0,"classification":"not_applicable"},"cache":{"status":"unknown"},"d1":{"prepared_statements":14,"batch_calls":4,"batch_statements":13}}

stdout | apps/ingestion/test/publication-caller-retirement.spec.ts > a repeated native publication through controlled execution retains unchanged source evidence and obtains the required checkpoint
{"contract":"card-keepr-operational-log@1","event":"workflow.step.completed","runtime":"ingestion","request":{"id":"reconcile-shard-36d8892c1906164a48a4bb7ed35f09761b61b556aad2f05692f38e9ad45194e9","method":"WORKFLOW","route":"/workflows/:ref"},"status":200,"duration_ms":1,"workflow":{"step":"reconcile retained Card, Printing, and Erratum evidence-unit-108","step_count":1},"retry":{"count":0,"classification":"not_applicable"},"cache":{"status":"unknown"},"d1":{"prepared_statements":14,"batch_calls":4,"batch_statements":13}}

stdout | apps/ingestion/test/publication-caller-retirement.spec.ts > a repeated native publication through controlled execution retains unchanged source evidence and obtains the required checkpoint
{"contract":"card-keepr-operational-log@1","event":"workflow.step.completed","runtime":"ingestion","request":{"id":"reconcile-shard-36d8892c1906164a48a4bb7ed35f09761b61b556aad2f05692f38e9ad45194e9","method":"WORKFLOW","route":"/workflows/:ref"},"status":200,"duration_ms":2,"workflow":{"step":"reconcile retained Card, Printing, and Erratum evidence-unit-109","step_count":1},"retry":{"count":0,"classification":"not_applicable"},"cache":{"status":"unknown"},"d1":{"prepared_statements":14,"batch_calls":4,"batch_statements":13}}

stdout | apps/ingestion/test/publication-caller-retirement.spec.ts > a repeated native publication through controlled execution retains unchanged source evidence and obtains the required checkpoint
{"contract":"card-keepr-operational-log@1","event":"workflow.step.completed","runtime":"ingestion","request":{"id":"reconcile-shard-36d8892c1906164a48a4bb7ed35f09761b61b556aad2f05692f38e9ad45194e9","method":"WORKFLOW","route":"/workflows/:ref"},"status":200,"duration_ms":2,"workflow":{"step":"reconcile retained Card, Printing, and Erratum evidence-unit-110","step_count":1},"retry":{"count":0,"classification":"not_applicable"},"cache":{"status":"unknown"},"d1":{"prepared_statements":19,"batch_calls":5,"batch_statements":17}}

stdout | apps/ingestion/test/publication-caller-retirement.spec.ts > a repeated native publication through controlled execution retains unchanged source evidence and obtains the required checkpoint
{"contract":"card-keepr-operational-log@1","event":"workflow.step.completed","runtime":"ingestion","request":{"id":"reconcile-shard-36d8892c1906164a48a4bb7ed35f09761b61b556aad2f05692f38e9ad45194e9","method":"WORKFLOW","route":"/workflows/:ref"},"status":200,"duration_ms":1,"workflow":{"step":"reconcile retained Card, Printing, and Erratum evidence-unit-111","step_count":1},"retry":{"count":0,"classification":"not_applicable"},"cache":{"status":"unknown"},"d1":{"prepared_statements":14,"batch_calls":4,"batch_statements":13}}

stdout | apps/ingestion/test/publication-caller-retirement.spec.ts > a repeated native publication through controlled execution retains unchanged source evidence and obtains the required checkpoint
{"contract":"card-keepr-operational-log@1","event":"workflow.step.completed","runtime":"ingestion","request":{"id":"reconcile-shard-36d8892c1906164a48a4bb7ed35f09761b61b556aad2f05692f38e9ad45194e9","method":"WORKFLOW","route":"/workflows/:ref"},"status":200,"duration_ms":2,"workflow":{"step":"reconcile retained Card, Printing, and Erratum evidence-unit-112","step_count":1},"retry":{"count":0,"classification":"not_applicable"},"cache":{"status":"unknown"},"d1":{"prepared_statements":14,"batch_calls":4,"batch_statements":13}}

stdout | apps/ingestion/test/publication-caller-retirement.spec.ts > a repeated native publication through controlled execution retains unchanged source evidence and obtains the required checkpoint
{"contract":"card-keepr-operational-log@1","event":"workflow.step.completed","runtime":"ingestion","request":{"id":"reconcile-shard-36d8892c1906164a48a4bb7ed35f09761b61b556aad2f05692f38e9ad45194e9","method":"WORKFLOW","route":"/workflows/:ref"},"status":200,"duration_ms":1,"workflow":{"step":"reconcile retained Card, Printing, and Erratum evidence-unit-113","step_count":1},"retry":{"count":0,"classification":"not_applicable"},"cache":{"status":"unknown"},"d1":{"prepared_statements":15,"batch_calls":4,"batch_statements":13}}

stdout | apps/ingestion/test/publication-caller-retirement.spec.ts > a repeated native publication through controlled execution retains unchanged source evidence and obtains the required checkpoint
{"contract":"card-keepr-operational-log@1","event":"workflow.step.completed","runtime":"ingestion","request":{"id":"reconcile-shard-36d8892c1906164a48a4bb7ed35f09761b61b556aad2f05692f38e9ad45194e9","method":"WORKFLOW","route":"/workflows/:ref"},"status":200,"duration_ms":2,"workflow":{"step":"reconcile retained Card, Printing, and Erratum evidence-unit-114","step_count":1},"retry":{"count":0,"classification":"not_applicable"},"cache":{"status":"unknown"},"d1":{"prepared_statements":14,"batch_calls":4,"batch_statements":13}}

stdout | apps/ingestion/test/publication-caller-retirement.spec.ts > a repeated native publication through controlled execution retains unchanged source evidence and obtains the required checkpoint
{"contract":"card-keepr-operational-log@1","event":"workflow.step.completed","runtime":"ingestion","request":{"id":"reconcile-shard-36d8892c1906164a48a4bb7ed35f09761b61b556aad2f05692f38e9ad45194e9","method":"WORKFLOW","route":"/workflows/:ref"},"status":200,"duration_ms":3,"workflow":{"step":"reconcile retained Card, Printing, and Erratum evidence-unit-115","step_count":1},"retry":{"count":0,"classification":"not_applicable"},"cache":{"status":"unknown"},"d1":{"prepared_statements":22,"batch_calls":8,"batch_statements":21}}

stdout | apps/ingestion/test/publication-caller-retirement.spec.ts > a repeated native publication through controlled execution retains unchanged source evidence and obtains the required checkpoint
{"contract":"card-keepr-operational-log@1","event":"workflow.step.completed","runtime":"ingestion","request":{"id":"reconcile-shard-36d8892c1906164a48a4bb7ed35f09761b61b556aad2f05692f38e9ad45194e9","method":"WORKFLOW","route":"/workflows/:ref"},"status":200,"duration_ms":3,"workflow":{"step":"reconcile retained Card, Printing, and Erratum evidence-unit-116","step_count":1},"retry":{"count":0,"classification":"not_applicable"},"cache":{"status":"unknown"},"d1":{"prepared_statements":23,"batch_calls":8,"batch_statements":21}}

stdout | apps/ingestion/test/publication-caller-retirement.spec.ts > a repeated native publication through controlled execution retains unchanged source evidence and obtains the required checkpoint
{"contract":"card-keepr-operational-log@1","event":"workflow.step.completed","runtime":"ingestion","request":{"id":"reconcile-shard-36d8892c1906164a48a4bb7ed35f09761b61b556aad2f05692f38e9ad45194e9","method":"WORKFLOW","route":"/workflows/:ref"},"status":200,"duration_ms":2,"workflow":{"step":"reconcile retained Card, Printing, and Erratum evidence-unit-117","step_count":1},"retry":{"count":0,"classification":"not_applicable"},"cache":{"status":"unknown"},"d1":{"prepared_statements":19,"batch_calls":5,"batch_statements":15}}

stdout | apps/ingestion/test/publication-caller-retirement.spec.ts > a repeated native publication through controlled execution retains unchanged source evidence and obtains the required checkpoint
{"contract":"card-keepr-operational-log@1","event":"workflow.step.completed","runtime":"ingestion","request":{"id":"reconcile-shard-36d8892c1906164a48a4bb7ed35f09761b61b556aad2f05692f38e9ad45194e9","method":"WORKFLOW","route":"/workflows/:ref"},"status":200,"duration_ms":8,"workflow":{"step":"reconcile retained Card, Printing, and Erratum evidence-unit-118","step_count":1},"retry":{"count":0,"classification":"not_applicable"},"cache":{"status":"unknown"},"d1":{"prepared_statements":59,"batch_calls":13,"batch_statements":31}}

stdout | apps/ingestion/test/publication-caller-retirement.spec.ts > a repeated native publication through controlled execution retains unchanged source evidence and obtains the required checkpoint
{"contract":"card-keepr-operational-log@1","event":"workflow.step.completed","runtime":"ingestion","request":{"id":"reconcile-shard-36d8892c1906164a48a4bb7ed35f09761b61b556aad2f05692f38e9ad45194e9","method":"WORKFLOW","route":"/workflows/:ref"},"status":200,"duration_ms":2,"workflow":{"step":"reconcile retained Card, Printing, and Erratum evidence-unit-119","step_count":1},"retry":{"count":0,"classification":"not_applicable"},"cache":{"status":"unknown"},"d1":{"prepared_statements":20,"batch_calls":5,"batch_statements":15}}

stdout | apps/ingestion/test/publication-caller-retirement.spec.ts > a repeated native publication through controlled execution retains unchanged source evidence and obtains the required checkpoint
{"contract":"card-keepr-operational-log@1","event":"workflow.step.completed","runtime":"ingestion","request":{"id":"reconcile-shard-36d8892c1906164a48a4bb7ed35f09761b61b556aad2f05692f38e9ad45194e9","method":"WORKFLOW","route":"/workflows/:ref"},"status":200,"duration_ms":0,"workflow":{"step":"retain reconciliation successor","step_count":1},"retry":{"count":0,"classification":"not_applicable"},"cache":{"status":"unknown"},"d1":{"prepared_statements":2,"batch_calls":1,"batch_statements":2}}

stdout | apps/ingestion/test/publication-caller-retirement.spec.ts > a repeated native publication through controlled execution retains unchanged source evidence and obtains the required checkpoint
{"contract":"card-keepr-operational-log@1","event":"workflow.step.completed","runtime":"ingestion","request":{"id":"reconcile-shard-36d8892c1906164a48a4bb7ed35f09761b61b556aad2f05692f38e9ad45194e9","method":"WORKFLOW","route":"/workflows/:ref"},"status":200,"duration_ms":0,"workflow":{"step":"dispatch reconciliation successor","step_count":1},"retry":{"count":0,"classification":"not_applicable"},"cache":{"status":"unknown"},"d1":{"prepared_statements":0,"batch_calls":0,"batch_statements":0}}

stdout | apps/ingestion/test/publication-caller-retirement.spec.ts > a repeated native publication through controlled execution retains unchanged source evidence and obtains the required checkpoint
{"contract":"card-keepr-operational-log@1","event":"workflow.step.completed","runtime":"ingestion","request":{"id":"reconcile-shard-825b5d85858b83a687c8372b23158dcebe5d6018b9d6dc91b1dbf5b489d8775c","method":"WORKFLOW","route":"/workflows/:ref"},"status":200,"duration_ms":0,"workflow":{"step":"initialize reconciliation operation","step_count":1},"retry":{"count":0,"classification":"not_applicable"},"cache":{"status":"unknown"},"d1":{"prepared_statements":1,"batch_calls":0,"batch_statements":0}}

stdout | apps/ingestion/test/publication-caller-retirement.spec.ts > a repeated native publication through controlled execution retains unchanged source evidence and obtains the required checkpoint
{"contract":"card-keepr-operational-log@1","event":"workflow.step.completed","runtime":"ingestion","request":{"id":"reconcile-shard-825b5d85858b83a687c8372b23158dcebe5d6018b9d6dc91b1dbf5b489d8775c","method":"WORKFLOW","route":"/workflows/:ref"},"status":200,"duration_ms":1,"workflow":{"step":"read reconciliation dispatch","step_count":1},"retry":{"count":0,"classification":"not_applicable"},"cache":{"status":"unknown"},"d1":{"prepared_statements":2,"batch_calls":0,"batch_statements":0}}

stdout | apps/ingestion/test/publication-caller-retirement.spec.ts > a repeated native publication through controlled execution retains unchanged source evidence and obtains the required checkpoint
{"contract":"card-keepr-operational-log@1","event":"workflow.step.completed","runtime":"ingestion","request":{"id":"reconcile-shard-825b5d85858b83a687c8372b23158dcebe5d6018b9d6dc91b1dbf5b489d8775c","method":"WORKFLOW","route":"/workflows/:ref"},"status":200,"duration_ms":4,"workflow":{"step":"reconcile retained Card, Printing, and Erratum evidence-unit-120","step_count":1},"retry":{"count":0,"classification":"not_applicable"},"cache":{"status":"unknown"},"d1":{"prepared_statements":30,"batch_calls":6,"batch_statements":17}}

stdout | apps/ingestion/test/publication-caller-retirement.spec.ts > a repeated native publication through controlled execution retains unchanged source evidence and obtains the required checkpoint
{"contract":"card-keepr-operational-log@1","event":"workflow.step.completed","runtime":"ingestion","request":{"id":"reconcile-shard-825b5d85858b83a687c8372b23158dcebe5d6018b9d6dc91b1dbf5b489d8775c","method":"WORKFLOW","route":"/workflows/:ref"},"status":200,"duration_ms":2,"workflow":{"step":"reconcile retained Card, Printing, and Erratum evidence-unit-121","step_count":1},"retry":{"count":0,"classification":"not_applicable"},"cache":{"status":"unknown"},"d1":{"prepared_statements":19,"batch_calls":5,"batch_statements":15}}

stdout | apps/ingestion/test/publication-caller-retirement.spec.ts > a repeated native publication through controlled execution retains unchanged source evidence and obtains the required checkpoint
{"contract":"card-keepr-operational-log@1","event":"workflow.step.completed","runtime":"ingestion","request":{"id":"reconcile-shard-825b5d85858b83a687c8372b23158dcebe5d6018b9d6dc91b1dbf5b489d8775c","method":"WORKFLOW","route":"/workflows/:ref"},"status":200,"duration_ms":4,"workflow":{"step":"reconcile retained Card, Printing, and Erratum evidence-unit-122","step_count":1},"retry":{"count":0,"classification":"not_applicable"},"cache":{"status":"unknown"},"d1":{"prepared_statements":30,"batch_calls":6,"batch_statements":17}}

stdout | apps/ingestion/test/publication-caller-retirement.spec.ts > a repeated native publication through controlled execution retains unchanged source evidence and obtains the required checkpoint
{"contract":"card-keepr-operational-log@1","event":"workflow.step.completed","runtime":"ingestion","request":{"id":"reconcile-shard-825b5d85858b83a687c8372b23158dcebe5d6018b9d6dc91b1dbf5b489d8775c","method":"WORKFLOW","route":"/workflows/:ref"},"status":200,"duration_ms":2,"workflow":{"step":"reconcile retained Card, Printing, and Erratum evidence-unit-123","step_count":1},"retry":{"count":0,"classification":"not_applicable"},"cache":{"status":"unknown"},"d1":{"prepared_statements":20,"batch_calls":5,"batch_statements":15}}

stdout | apps/ingestion/test/publication-caller-retirement.spec.ts > a repeated native publication through controlled execution retains unchanged source evidence and obtains the required checkpoint
{"contract":"card-keepr-operational-log@1","event":"workflow.step.completed","runtime":"ingestion","request":{"id":"reconcile-shard-825b5d85858b83a687c8372b23158dcebe5d6018b9d6dc91b1dbf5b489d8775c","method":"WORKFLOW","route":"/workflows/:ref"},"status":200,"duration_ms":2,"workflow":{"step":"reconcile retained Card, Printing, and Erratum evidence-unit-124","step_count":1},"retry":{"count":0,"classification":"not_applicable"},"cache":{"status":"unknown"},"d1":{"prepared_statements":21,"batch_calls":6,"batch_statements":17}}

stdout | apps/ingestion/test/publication-caller-retirement.spec.ts > a repeated native publication through controlled execution retains unchanged source evidence and obtains the required checkpoint
{"contract":"card-keepr-operational-log@1","event":"workflow.step.completed","runtime":"ingestion","request":{"id":"reconcile-shard-825b5d85858b83a687c8372b23158dcebe5d6018b9d6dc91b1dbf5b489d8775c","method":"WORKFLOW","route":"/workflows/:ref"},"status":200,"duration_ms":2,"workflow":{"step":"reconcile retained Card, Printing, and Erratum evidence-unit-125","step_count":1},"retry":{"count":0,"classification":"not_applicable"},"cache":{"status":"unknown"},"d1":{"prepared_statements":18,"batch_calls":5,"batch_statements":15}}

stdout | apps/ingestion/test/publication-caller-retirement.spec.ts > a repeated native publication through controlled execution retains unchanged source evidence and obtains the required checkpoint
{"contract":"card-keepr-operational-log@1","event":"workflow.step.completed","runtime":"ingestion","request":{"id":"reconcile-shard-825b5d85858b83a687c8372b23158dcebe5d6018b9d6dc91b1dbf5b489d8775c","method":"WORKFLOW","route":"/workflows/:ref"},"status":200,"duration_ms":2,"workflow":{"step":"reconcile retained Card, Printing, and Erratum evidence-unit-126","step_count":1},"retry":{"count":0,"classification":"not_applicable"},"cache":{"status":"unknown"},"d1":{"prepared_statements":20,"batch_calls":5,"batch_statements":18}}

stdout | apps/ingestion/test/publication-caller-retirement.spec.ts > a repeated native publication through controlled execution retains unchanged source evidence and obtains the required checkpoint
{"contract":"card-keepr-operational-log@1","event":"workflow.step.completed","runtime":"ingestion","request":{"id":"reconcile-shard-825b5d85858b83a687c8372b23158dcebe5d6018b9d6dc91b1dbf5b489d8775c","method":"WORKFLOW","route":"/workflows/:ref"},"status":200,"duration_ms":0,"workflow":{"step":"notify reconciliation root","step_count":1},"retry":{"count":0,"classification":"not_applicable"},"cache":{"status":"unknown"},"d1":{"prepared_statements":0,"batch_calls":0,"batch_statements":0}}

stdout | apps/ingestion/test/publication-caller-retirement.spec.ts > a repeated native publication through controlled execution retains unchanged source evidence and obtains the required checkpoint
{"contract":"card-keepr-operational-log@1","event":"request.completed","runtime":"ingestion","request":{"id":"e260aab4-98f3-4dae-bc09-8922b5382e2a","method":"GET","route":"/v1/game-candidates/:ref"},"status":200,"duration_ms":1,"workflow":{"step":null},"retry":{"count":0,"classification":"not_applicable"},"cache":{"status":"unknown"},"d1":{"prepared_statements":2,"batch_calls":0,"batch_statements":0}}

stdout | apps/ingestion/test/publication-caller-retirement.spec.ts > a repeated native publication through controlled execution retains unchanged source evidence and obtains the required checkpoint
{"contract":"card-keepr-operational-log@1","event":"request.completed","runtime":"ingestion","request":{"id":"c7216569-c71c-4923-a78a-ac5f601b09b8","method":"GET","route":"/v1/ingestion-runs/:ref/evidence"},"status":200,"duration_ms":4,"workflow":{"step":null},"retry":{"count":0,"classification":"not_applicable"},"cache":{"status":"unknown"},"d1":{"prepared_statements":25,"batch_calls":0,"batch_statements":0}}

stdout | apps/ingestion/test/publication-caller-retirement.spec.ts > a repeated native publication through controlled execution retains unchanged source evidence and obtains the required checkpoint
{"contract":"card-keepr-operational-log@1","event":"request.completed","runtime":"ingestion","request":{"id":"7fa4036c-2cb6-4726-b2c7-80820c10de13","method":"GET","route":"/v1/game-candidates/:ref/inspection"},"status":200,"duration_ms":2,"workflow":{"step":null},"retry":{"count":0,"classification":"not_applicable"},"cache":{"status":"unknown"},"d1":{"prepared_statements":10,"batch_calls":0,"batch_statements":0}}

stdout | apps/ingestion/test/publication-caller-retirement.spec.ts > a repeated native publication through controlled execution retains unchanged source evidence and obtains the required checkpoint
{"contract":"card-keepr-operational-log@1","event":"request.completed","runtime":"ingestion","request":{"id":"22eca532-55e0-4ce2-877a-da5eb681cc1e","method":"POST","route":"/v1/game-candidates/:ref/publication-preparation/start"},"status":202,"duration_ms":2,"workflow":{"step":null},"retry":{"count":0,"classification":"not_applicable"},"cache":{"status":"unknown"},"d1":{"prepared_statements":13,"batch_calls":2,"batch_statements":6}}

stdout | apps/ingestion/test/publication-caller-retirement.spec.ts > a repeated native publication through controlled execution retains unchanged source evidence and obtains the required checkpoint
{"contract":"card-keepr-operational-log@1","event":"workflow.step.completed","runtime":"ingestion","request":{"id":"publication-f6fc89b86feadf9c6e97c2f0e480f2409855d320d19d35bda35794f853b92f24","method":"WORKFLOW","route":"/workflows/:ref"},"status":200,"duration_ms":3,"workflow":{"step":"prepare publication artifacts 1","step_count":1},"retry":{"count":0,"classification":"not_applicable"},"cache":{"status":"unknown"},"d1":{"prepared_statements":16,"batch_calls":2,"batch_statements":6}}

stdout | apps/ingestion/test/publication-caller-retirement.spec.ts > a repeated native publication through controlled execution retains unchanged source evidence and obtains the required checkpoint
{"contract":"card-keepr-operational-log@1","event":"workflow.step.completed","runtime":"ingestion","request":{"id":"publication-f6fc89b86feadf9c6e97c2f0e480f2409855d320d19d35bda35794f853b92f24","method":"WORKFLOW","route":"/workflows/:ref"},"status":200,"duration_ms":2,"workflow":{"step":"prepare publication artifacts 2","step_count":1},"retry":{"count":0,"classification":"not_applicable"},"cache":{"status":"unknown"},"d1":{"prepared_statements":15,"batch_calls":2,"batch_statements":5}}

stdout | apps/ingestion/test/publication-caller-retirement.spec.ts > a repeated native publication through controlled execution retains unchanged source evidence and obtains the required checkpoint
{"contract":"card-keepr-operational-log@1","event":"workflow.step.completed","runtime":"ingestion","request":{"id":"publication-f6fc89b86feadf9c6e97c2f0e480f2409855d320d19d35bda35794f853b92f24","method":"WORKFLOW","route":"/workflows/:ref"},"status":200,"duration_ms":6,"workflow":{"step":"prepare publication artifacts 3","step_count":1},"retry":{"count":0,"classification":"not_applicable"},"cache":{"status":"unknown"},"d1":{"prepared_statements":29,"batch_calls":4,"batch_statements":21}}

stdout | apps/ingestion/test/publication-caller-retirement.spec.ts > a repeated native publication through controlled execution retains unchanged source evidence and obtains the required checkpoint
{"contract":"card-keepr-operational-log@1","event":"workflow.step.completed","runtime":"ingestion","request":{"id":"publication-f6fc89b86feadf9c6e97c2f0e480f2409855d320d19d35bda35794f853b92f24","method":"WORKFLOW","route":"/workflows/:ref"},"status":200,"duration_ms":5,"workflow":{"step":"prepare publication artifacts 4","step_count":1},"retry":{"count":0,"classification":"not_applicable"},"cache":{"status":"unknown"},"d1":{"prepared_statements":26,"batch_calls":4,"batch_statements":17}}

stdout | apps/ingestion/test/publication-caller-retirement.spec.ts > a repeated native publication through controlled execution retains unchanged source evidence and obtains the required checkpoint
{"contract":"card-keepr-operational-log@1","event":"workflow.step.completed","runtime":"ingestion","request":{"id":"publication-f6fc89b86feadf9c6e97c2f0e480f2409855d320d19d35bda35794f853b92f24","method":"WORKFLOW","route":"/workflows/:ref"},"status":200,"duration_ms":2,"workflow":{"step":"prepare publication artifacts 5","step_count":1},"retry":{"count":0,"classification":"not_applicable"},"cache":{"status":"unknown"},"d1":{"prepared_statements":15,"batch_calls":2,"batch_statements":5}}

stdout | apps/ingestion/test/publication-caller-retirement.spec.ts > a repeated native publication through controlled execution retains unchanged source evidence and obtains the required checkpoint
{"contract":"card-keepr-operational-log@1","event":"workflow.step.completed","runtime":"ingestion","request":{"id":"publication-f6fc89b86feadf9c6e97c2f0e480f2409855d320d19d35bda35794f853b92f24","method":"WORKFLOW","route":"/workflows/:ref"},"status":200,"duration_ms":8,"workflow":{"step":"prepare publication artifacts 6","step_count":1},"retry":{"count":0,"classification":"not_applicable"},"cache":{"status":"unknown"},"d1":{"prepared_statements":48,"batch_calls":6,"batch_statements":41}}

stdout | apps/ingestion/test/publication-caller-retirement.spec.ts > a repeated native publication through controlled execution retains unchanged source evidence and obtains the required checkpoint
{"contract":"card-keepr-operational-log@1","event":"workflow.step.completed","runtime":"ingestion","request":{"id":"publication-f6fc89b86feadf9c6e97c2f0e480f2409855d320d19d35bda35794f853b92f24","method":"WORKFLOW","route":"/workflows/:ref"},"status":200,"duration_ms":9,"workflow":{"step":"prepare publication artifacts 7","step_count":1},"retry":{"count":0,"classification":"not_applicable"},"cache":{"status":"unknown"},"d1":{"prepared_statements":54,"batch_calls":6,"batch_statements":42}}

stdout | apps/ingestion/test/publication-caller-retirement.spec.ts > a repeated native publication through controlled execution retains unchanged source evidence and obtains the required checkpoint
{"contract":"card-keepr-operational-log@1","event":"workflow.step.completed","runtime":"ingestion","request":{"id":"publication-f6fc89b86feadf9c6e97c2f0e480f2409855d320d19d35bda35794f853b92f24","method":"WORKFLOW","route":"/workflows/:ref"},"status":200,"duration_ms":8,"workflow":{"step":"prepare publication artifacts 8","step_count":1},"retry":{"count":0,"classification":"not_applicable"},"cache":{"status":"unknown"},"d1":{"prepared_statements":44,"batch_calls":4,"batch_statements":33}}

stdout | apps/ingestion/test/publication-caller-retirement.spec.ts > a repeated native publication through controlled execution retains unchanged source evidence and obtains the required checkpoint
{"contract":"card-keepr-operational-log@1","event":"workflow.step.completed","runtime":"ingestion","request":{"id":"publication-f6fc89b86feadf9c6e97c2f0e480f2409855d320d19d35bda35794f853b92f24","method":"WORKFLOW","route":"/workflows/:ref"},"status":200,"duration_ms":1,"workflow":{"step":"prepare publication artifacts 9","step_count":1},"retry":{"count":0,"classification":"not_applicable"},"cache":{"status":"unknown"},"d1":{"prepared_statements":12,"batch_calls":2,"batch_statements":5}}

stdout | apps/ingestion/test/publication-caller-retirement.spec.ts > a repeated native publication through controlled execution retains unchanged source evidence and obtains the required checkpoint
{"contract":"card-keepr-operational-log@1","event":"workflow.step.completed","runtime":"ingestion","request":{"id":"publication-f6fc89b86feadf9c6e97c2f0e480f2409855d320d19d35bda35794f853b92f24","method":"WORKFLOW","route":"/workflows/:ref"},"status":200,"duration_ms":4,"workflow":{"step":"prepare publication artifacts 10","step_count":1},"retry":{"count":0,"classification":"not_applicable"},"cache":{"status":"unknown"},"d1":{"prepared_statements":15,"batch_calls":4,"batch_statements":9}}

stdout | apps/ingestion/test/publication-caller-retirement.spec.ts > a repeated native publication through controlled execution retains unchanged source evidence and obtains the required checkpoint
{"contract":"card-keepr-operational-log@1","event":"workflow.step.completed","runtime":"ingestion","request":{"id":"publication-f6fc89b86feadf9c6e97c2f0e480f2409855d320d19d35bda35794f853b92f24","method":"WORKFLOW","route":"/workflows/:ref"},"status":200,"duration_ms":2,"workflow":{"step":"prepare publication artifacts 11","step_count":1},"retry":{"count":0,"classification":"not_applicable"},"cache":{"status":"unknown"},"d1":{"prepared_statements":15,"batch_calls":4,"batch_statements":8}}

stdout | apps/ingestion/test/publication-caller-retirement.spec.ts > a repeated native publication through controlled execution retains unchanged source evidence and obtains the required checkpoint
{"contract":"card-keepr-operational-log@1","event":"request.completed","runtime":"ingestion","request":{"id":"af639c67-83ee-4882-a8c9-81b72d340fe6","method":"GET","route":"/v1/game-candidates/:ref/publication-preparation"},"status":200,"duration_ms":1,"workflow":{"step":null},"retry":{"count":0,"classification":"not_applicable"},"cache":{"status":"unknown"},"d1":{"prepared_statements":3,"batch_calls":0,"batch_statements":0}}

stdout | apps/ingestion/test/publication-caller-retirement.spec.ts > a repeated native publication through controlled execution retains unchanged source evidence and obtains the required checkpoint
{"contract":"card-keepr-operational-log@1","event":"request.completed","runtime":"ingestion","request":{"id":"781add46-21e7-476f-a3a9-6630444c388f","method":"POST","route":"/v1/publications/start"},"status":202,"duration_ms":3,"workflow":{"step":null},"retry":{"count":0,"classification":"not_applicable"},"cache":{"status":"unknown"},"d1":{"prepared_statements":16,"batch_calls":1,"batch_statements":2}}

stdout | apps/ingestion/test/publication-caller-retirement.spec.ts > a repeated native publication through controlled execution retains unchanged source evidence and obtains the required checkpoint
{"contract":"card-keepr-operational-log@1","event":"workflow.step.completed","runtime":"ingestion","request":{"id":"switch-e741dd4aae0ee403084e5a78872a49c30b52bd76aebf08c2813c154814ddbad8","method":"WORKFLOW","route":"/workflows/:ref"},"status":200,"duration_ms":0,"workflow":{"step":"classify accepted game facts","step_count":1},"retry":{"count":0,"classification":"not_applicable"},"cache":{"status":"unknown"},"d1":{"prepared_statements":1,"batch_calls":0,"batch_statements":0}}

stdout | apps/ingestion/test/publication-caller-retirement.spec.ts > a repeated native publication through controlled execution retains unchanged source evidence and obtains the required checkpoint
{"contract":"card-keepr-operational-log@1","event":"workflow.step.completed","runtime":"ingestion","request":{"id":"switch-e741dd4aae0ee403084e5a78872a49c30b52bd76aebf08c2813c154814ddbad8","method":"WORKFLOW","route":"/workflows/:ref"},"status":200,"duration_ms":10,"workflow":{"step":"prepare public export 0","step_count":1},"retry":{"count":0,"classification":"not_applicable"},"cache":{"status":"unknown"},"d1":{"prepared_statements":35,"batch_calls":4,"batch_statements":21}}

stdout | apps/ingestion/test/publication-caller-retirement.spec.ts > a repeated native publication through controlled execution retains unchanged source evidence and obtains the required checkpoint
{"contract":"card-keepr-operational-log@1","event":"workflow.step.completed","runtime":"ingestion","request":{"id":"switch-e741dd4aae0ee403084e5a78872a49c30b52bd76aebf08c2813c154814ddbad8","method":"WORKFLOW","route":"/workflows/:ref"},"status":200,"duration_ms":7,"workflow":{"step":"prepare public export 1","step_count":1},"retry":{"count":0,"classification":"not_applicable"},"cache":{"status":"unknown"},"d1":{"prepared_statements":27,"batch_calls":4,"batch_statements":17}}

stdout | apps/ingestion/test/publication-caller-retirement.spec.ts > a repeated native publication through controlled execution retains unchanged source evidence and obtains the required checkpoint
{"contract":"card-keepr-operational-log@1","event":"workflow.step.completed","runtime":"ingestion","request":{"id":"switch-e741dd4aae0ee403084e5a78872a49c30b52bd76aebf08c2813c154814ddbad8","method":"WORKFLOW","route":"/workflows/:ref"},"status":200,"duration_ms":2,"workflow":{"step":"prepare public export 2","step_count":1},"retry":{"count":0,"classification":"not_applicable"},"cache":{"status":"unknown"},"d1":{"prepared_statements":13,"batch_calls":4,"batch_statements":9}}

stdout | apps/ingestion/test/publication-caller-retirement.spec.ts > a repeated native publication through controlled execution retains unchanged source evidence and obtains the required checkpoint
{"contract":"card-keepr-operational-log@1","event":"workflow.step.completed","runtime":"ingestion","request":{"id":"switch-e741dd4aae0ee403084e5a78872a49c30b52bd76aebf08c2813c154814ddbad8","method":"WORKFLOW","route":"/workflows/:ref"},"status":200,"duration_ms":3,"workflow":{"step":"prepare public export 3","step_count":1},"retry":{"count":0,"classification":"not_applicable"},"cache":{"status":"unknown"},"d1":{"prepared_statements":13,"batch_calls":4,"batch_statements":8}}

stdout | apps/ingestion/test/publication-caller-retirement.spec.ts > a repeated native publication through controlled execution retains unchanged source evidence and obtains the required checkpoint
{"contract":"card-keepr-operational-log@1","event":"workflow.step.completed","runtime":"ingestion","request":{"id":"switch-e741dd4aae0ee403084e5a78872a49c30b52bd76aebf08c2813c154814ddbad8","method":"WORKFLOW","route":"/workflows/:ref"},"status":200,"duration_ms":9,"workflow":{"step":"publication switch 3","step_count":1},"retry":{"count":0,"classification":"not_applicable"},"cache":{"status":"unknown"},"d1":{"prepared_statements":45,"batch_calls":3,"batch_statements":20}}

stdout | apps/ingestion/test/publication-caller-retirement.spec.ts > a repeated native publication through controlled execution retains unchanged source evidence and obtains the required checkpoint
{"contract":"card-keepr-operational-log@1","event":"workflow.step.completed","runtime":"ingestion","request":{"id":"switch-e741dd4aae0ee403084e5a78872a49c30b52bd76aebf08c2813c154814ddbad8","method":"WORKFLOW","route":"/workflows/:ref"},"status":200,"duration_ms":2,"workflow":{"step":"dispatch composition backup","step_count":1},"retry":{"count":0,"classification":"not_applicable"},"cache":{"status":"unknown"},"d1":{"prepared_statements":10,"batch_calls":1,"batch_statements":2}}

stdout | apps/ingestion/test/publication-caller-retirement.spec.ts > a repeated native publication through controlled execution retains unchanged source evidence and obtains the required checkpoint
{"contract":"card-keepr-operational-log@1","event":"workflow.step.completed","runtime":"ingestion","request":{"id":"backup-bc1d525d5e0bef2db0bc36582071da9d7357bc9cd8568955b7370588bdf27a66","method":"WORKFLOW","route":"/workflows/:ref"},"status":500,"duration_ms":112,"workflow":{"step":"export, retain, restore, and verify Catalogue D1","step_count":1},"retry":{"count":0,"classification":"retryable"},"cache":{"status":"unknown"},"d1":{"prepared_statements":289,"batch_calls":3,"batch_statements":21}}

stdout | apps/ingestion/test/publication-caller-retirement.spec.ts > a repeated native publication through controlled execution retains unchanged source evidence and obtains the required checkpoint
{"contract":"card-keepr-operational-log@1","event":"workflow.step.completed","runtime":"ingestion","request":{"id":"backup-bc1d525d5e0bef2db0bc36582071da9d7357bc9cd8568955b7370588bdf27a66","method":"WORKFLOW","route":"/workflows/:ref"},"status":200,"duration_ms":1,"workflow":{"step":"finalize exhausted Catalogue backup failure","step_count":1},"retry":{"count":0,"classification":"not_applicable"},"cache":{"status":"unknown"},"d1":{"prepared_statements":4,"batch_calls":1,"batch_statements":2}}

stdout | apps/ingestion/test/publication-caller-retirement.spec.ts > a repeated native publication through controlled execution retains unchanged source evidence and obtains the required checkpoint
{"contract":"card-keepr-operational-log@1","event":"request.completed","runtime":"ingestion","request":{"id":"75da8986-8658-4490-bd9e-8b119dabe397","method":"GET","route":"/v1/publications/:ref"},"status":200,"duration_ms":1,"workflow":{"step":null},"retry":{"count":0,"classification":"not_applicable"},"cache":{"status":"unknown"},"d1":{"prepared_statements":2,"batch_calls":0,"batch_statements":0}}

stdout | apps/ingestion/test/publication-caller-retirement.spec.ts > a repeated native publication through controlled execution retains unchanged source evidence and obtains the required checkpoint
{"contract":"card-keepr-operational-log@1","event":"request.completed","runtime":"ingestion","request":{"id":"4647ddb8-d7f0-49e7-9115-bfad5bae6882","method":"GET","route":"/v1/backups/:ref"},"status":200,"duration_ms":1,"workflow":{"step":null},"retry":{"count":0,"classification":"not_applicable"},"cache":{"status":"unknown"},"d1":{"prepared_statements":4,"batch_calls":0,"batch_statements":0}}

 ❯ apps/ingestion/test/publication-caller-retirement.spec.ts (5 tests | 3 failed) 13461ms
   × a collected source publishes through exact native owner operations after run approval is retired 5006ms
   × a repeated native publication through binding execution retains unchanged source evidence and obtains the required checkpoint 4852ms
   × a repeated native publication through controlled execution retains unchanged source evidence and obtains the required checkpoint 891ms
   ✓ preparation predecessor retains a pending checkpoint and blocks a base successor publication  1318ms
   ✓ preparation predecessor retains a pending checkpoint and blocks a withdrawn successor publication  1394ms
uncaught exception; exception = workerd/io/io-context.c++:1642: failed: jsg.Error: The Workers runtime canceled this request because it detected that your Worker's code had hung and would never generate a response. Refer to: https://developers.cloudflare.com/workers/observability/errors/
stack: 105cfd37f
console warning; message = Called .text() on an HTTP body which does not appear to be text. The body's Content-Type is "application/octet-stream". The result will probably be corrupted. Consider checking the Content-Type header before interpreting entities as text.
 ✓ apps/ingestion/test/evidence-cleanup.spec.ts (25 tests) 8468ms
   ✓ owner cleanup persists the exact thirty-day eligibility boundary and resumes its intent  348ms
   ✓ unused terminal capture bytes are deleted with retained results and content becomes explicitly gone  349ms
   ✓ references acquired after intent protect shared bytes before deletion  333ms
   ✓ cleanup cannot race a reference acquisition during the R2 delete and retries a lost delete response  340ms
   ✓ logical reclamation waits for retained pre-reservation backups, then reclaims after ordinary retention rotation  347ms
   ✓ automatic shipped cleanup Workflow completes without a CLI advance loop  357ms
   ✓ an unsettled multipart writer is conclusively aborted and cannot complete after cleanup  337ms
   ✓ newly acquired paused shared snapshot preserves its physical bytes  333ms
   ✓ owner reclaims a positively inventoried abandoned preparation orphan without traversing shared roots  329ms
   ✓ a conclusively deleted staging key can hold the same bytes for a new preparation; old delete tickets cannot cross incarnations  344ms
   ✓ an ambiguous staging deletion keeps its ticket open and prevents reuse despite another HEAD showing absence  349ms
   ✓ a live uploaded 304 reference protects bytes before finalization (corrupt projection: false)  333ms
   ✓ a live uploaded 304 reference protects bytes before finalization (corrupt projection: true)  339ms
   ✓ an unfinished 304 reuse retains raw bytes until the newer failed owner's exact retention boundary  342ms
   ✓ a corrupted terminal projection cannot authorize a cleanup or physical delete  331ms
   ✓ exhausted Workflow retries retain a pause that an explicit retry resumes  336ms
   ✓ an unrelated staging key progresses while a prior delete outcome remains unknown  340ms
   ✓ historical published candidate evidence remains retained without any parsed observations  333ms
   ✓ an explicit retention policy is durable and its changed replay is rejected  337ms
   ✓ the production system clock ignores an owner supplied future deletion time  338ms
   ✓ concurrent conflicting capture starts cannot silently share an idempotency key  330ms
   ✓ concurrent conflicting staging starts cannot silently share an idempotency key  329ms
   ✓ a staging batch waits for late writes and leaves only ambiguous writer tickets open  336ms
   ✓ staging retry settles only the writer token actually observed in object metadata  348ms
   ✓ a new staging identity cannot replace corrupt pre-registry bytes or receipt a partial artifact batch  329ms
 ✓ apps/ingestion/test/reconciliation-resource-budget.spec.ts (7 tests) 2935ms
   ✓ uncheckpointed reducer output replays within one callback and rejects changed effects  422ms
   ✓ native history counts large hydrated plans toward its callback budget  817ms
   ✓ a reconciliation callback cannot make its 101st D1 call  340ms
   ✓ EVIDENCE_OBJECTS allows four open bodies and releases them when the callback closes  370ms
   ✓ PRINTING_IMAGES allows four open bodies and releases them when the callback closes  334ms
   ✓ CATALOGUE_EXPORTS allows four open bodies and releases them when the callback closes  329ms
   ✓ Workflow binding and instance calls share the callback allowance  322ms

⎯⎯⎯⎯⎯⎯⎯ Failed Tests 3 ⎯⎯⎯⎯⎯⎯⎯

 FAIL  apps/ingestion/test/publication-caller-retirement.spec.ts > a collected source publishes through exact native owner operations after run approval is retired
AssertionError: {"contract":"card-keepr-catalogue-backup-status@1","idempotency_key":"backup_f69d5538-fc5f-4a93-8425-fec118c24183","catalogue_revision_id":"catrev_f69d5538-fc5f-4a93-8425-fec118c24183","state":"failed","attempt_digest":"8a21e0c25746b08b96f453cb51a43414b81aa29ed8730a6e75218bac8130462e","object_key":"catalogue-backups/backup_f69d5538-fc5f-4a93-8425-fec118c24183","content_sha256":null,"manifest_sha256":null,"d1_bookmark":null,"publication_operation_id":"publication_f69d5538-fc5f-4a93-8425-fec118c24183","publication_ingestion_run_id":"run_df8b29e82358fe351a25b462b15f4cf2ca802c451494351edfa3bb06d8f1205d","linked_attempt_id":null,"disposable_database_id":null,"restore_generation":0,"restore_phase":null,"failure":{"code":"backup_failed","detail":"Unexpected token 'E', \"Error: ENO\"... is not valid JSON"},"workflow_instance_id":"backup-f2ec338ed3cd936533274f309b23c3ca4a5d3940928cc61413f4049e60342bb7","dispatch":{"state":"dispatched","attempt_count":1,"updated_at":"2026-09-12T04:54:31.206Z","workflow_instance_id":"backup-f2ec338ed3cd936533274f309b23c3ca4a5d3940928cc61413f4049e60342bb7","failure":null,"retry":null},"resume":null,"retry":{"failed_attempt_id":"backup_f69d5538-fc5f-4a93-8425-fec118c24183","failed_attempt_digest":"8a21e0c25746b08b96f453cb51a43414b81aa29ed8730a6e75218bac8130462e"}}: expected 'failed' to be 'verified' // Object.is equality

Expected: "verified"
Received: "failed"

 ❯ waitForVerifiedPublicationBackup apps/ingestion/test/native-publication-helpers.ts:145:66
    143|     timeoutMs,
    144|   );
    145|   expect(backup.document.state, JSON.stringify(backup.document)).toBe(…
       |                                                                  ^
    146|   expect(backup.document.catalogue_revision_id).toBe(revisionId);
    147| }
 ❯ verifyPublicationResult apps/ingestion/test/native-publication-helpers.ts:177:3
 ❯ approveNativeCandidateThroughBinding apps/ingestion/test/native-publication-helpers.ts:172:3
 ❯ apps/ingestion/test/publication-caller-retirement.spec.ts:64:18

⎯⎯⎯⎯⎯⎯⎯⎯⎯⎯⎯⎯⎯⎯⎯⎯⎯⎯⎯⎯⎯⎯⎯⎯[1/3]⎯

 FAIL  apps/ingestion/test/publication-caller-retirement.spec.ts > a repeated native publication through binding execution retains unchanged source evidence and obtains the required checkpoint
AssertionError: {"contract":"card-keepr-catalogue-backup-status@1","idempotency_key":"backup_9cd3c082-bd65-4f09-a715-f892f4d9a28c","catalogue_revision_id":"catrev_9cd3c082-bd65-4f09-a715-f892f4d9a28c","state":"failed","attempt_digest":"8e0c41b8c37b38f9cf172eb40890186a8077400b0e679752b39fec2fa00bb220","object_key":"catalogue-backups/backup_9cd3c082-bd65-4f09-a715-f892f4d9a28c","content_sha256":null,"manifest_sha256":null,"d1_bookmark":null,"publication_operation_id":"publication_9cd3c082-bd65-4f09-a715-f892f4d9a28c","publication_ingestion_run_id":"run_780f04e96c1e74198f805b726e3b91d465de03c4e2dfd86bd4b2276dd813d76b","linked_attempt_id":null,"disposable_database_id":null,"restore_generation":0,"restore_phase":null,"failure":{"code":"backup_failed","detail":"Unexpected token 'E', \"Error: ENO\"... is not valid JSON"},"workflow_instance_id":"backup-e1f458b43b1bd1b6d855e72b3584f0b8d1c4093261a6a364e0a4de8828693450","dispatch":{"state":"dispatched","attempt_count":1,"updated_at":"2026-09-12T04:54:36.086Z","workflow_instance_id":"backup-e1f458b43b1bd1b6d855e72b3584f0b8d1c4093261a6a364e0a4de8828693450","failure":null,"retry":null},"resume":null,"retry":{"failed_attempt_id":"backup_9cd3c082-bd65-4f09-a715-f892f4d9a28c","failed_attempt_digest":"8e0c41b8c37b38f9cf172eb40890186a8077400b0e679752b39fec2fa00bb220"}}: expected 'failed' to be 'verified' // Object.is equality

Expected: "verified"
Received: "failed"

 ❯ waitForVerifiedPublicationBackup apps/ingestion/test/native-publication-helpers.ts:145:66
    143|     timeoutMs,
    144|   );
    145|   expect(backup.document.state, JSON.stringify(backup.document)).toBe(…
       |                                                                  ^
    146|   expect(backup.document.catalogue_revision_id).toBe(revisionId);
    147| }
 ❯ verifyPublicationResult apps/ingestion/test/native-publication-helpers.ts:177:3
 ❯ approveNativeCandidateThroughBinding apps/ingestion/test/native-publication-helpers.ts:172:3
 ❯ apps/ingestion/test/publication-caller-retirement.spec.ts:103:23

⎯⎯⎯⎯⎯⎯⎯⎯⎯⎯⎯⎯⎯⎯⎯⎯⎯⎯⎯⎯⎯⎯⎯⎯[2/3]⎯

 FAIL  apps/ingestion/test/publication-caller-retirement.spec.ts > a repeated native publication through controlled execution retains unchanged source evidence and obtains the required checkpoint
AssertionError: {"contract":"card-keepr-catalogue-backup-status@1","idempotency_key":"backup_bb6e2b26-fe51-49d0-9ad5-4da944cdea72","catalogue_revision_id":"catrev_bb6e2b26-fe51-49d0-9ad5-4da944cdea72","state":"failed","attempt_digest":"78ad03a8bbab48931491ff50407875ee39680c9b620a20cebd421c77460d3029","object_key":"catalogue-backups/backup_bb6e2b26-fe51-49d0-9ad5-4da944cdea72","content_sha256":null,"manifest_sha256":null,"d1_bookmark":null,"publication_operation_id":"publication_bb6e2b26-fe51-49d0-9ad5-4da944cdea72","publication_ingestion_run_id":"run_7f826f63f63dc55a55b4802b22bf52de16443fe750a396b8dea878b39e0be6c4","linked_attempt_id":null,"disposable_database_id":null,"restore_generation":0,"restore_phase":null,"failure":{"code":"backup_failed","detail":"Unexpected token 'E', \"Error: ENO\"... is not valid JSON"},"workflow_instance_id":"backup-bc1d525d5e0bef2db0bc36582071da9d7357bc9cd8568955b7370588bdf27a66","dispatch":{"state":"dispatched","attempt_count":1,"updated_at":"2026-09-12T04:54:40.834Z","workflow_instance_id":"backup-bc1d525d5e0bef2db0bc36582071da9d7357bc9cd8568955b7370588bdf27a66","failure":null,"retry":null},"resume":null,"retry":{"failed_attempt_id":"backup_bb6e2b26-fe51-49d0-9ad5-4da944cdea72","failed_attempt_digest":"78ad03a8bbab48931491ff50407875ee39680c9b620a20cebd421c77460d3029"}}: expected 'failed' to be 'verified' // Object.is equality

Expected: "verified"
Received: "failed"

 ❯ waitForVerifiedPublicationBackup apps/ingestion/test/native-publication-helpers.ts:145:66
    143|     timeoutMs,
    144|   );
    145|   expect(backup.document.state, JSON.stringify(backup.document)).toBe(…
       |                                                                  ^
    146|   expect(backup.document.catalogue_revision_id).toBe(revisionId);
    147| }
 ❯ verifyPublicationResult apps/ingestion/test/native-publication-helpers.ts:177:3
 ❯ approveNativeCandidate apps/ingestion/test/native-publication-helpers.ts:135:3
 ❯ apps/ingestion/test/publication-caller-retirement.spec.ts:103:23

⎯⎯⎯⎯⎯⎯⎯⎯⎯⎯⎯⎯⎯⎯⎯⎯⎯⎯⎯⎯⎯⎯⎯⎯[3/3]⎯


 Test Files  1 failed | 3 passed (4)
      Tests  3 failed | 55 passed (58)
   Start at  14:54:08
   Duration  48.65s (transform 776ms, setup 0ms, import 3.42s, tests 44.12s, environment 0ms)

JSON report written to /Users/marcus/Developer/card-keepr/docs/reviews/evidence/publication-253-fixes-20260912/publication-focused.json
[ELIFECYCLE] Command failed with exit code 1.
