$ pnpm run test:domain && pnpm run test:api && pnpm run test:ingestion && pnpm run test:acceptance
$ vitest run --config test/domain/vitest.config.ts

 RUN  v4.1.11 /Users/marcus/Developer/card-keepr


 Test Files  52 passed (52)
      Tests  307 passed (307)
   Start at  15:14:41
   Duration  6.12s (transform 1.03s, setup 0ms, import 3.46s, tests 5.70s, environment 2ms)

$ vitest run --config apps/api/vitest.config.ts
(!) Your Vite config uses features that are unsupported by `configLoader: 'native'`, which is planned to become the default in a future major version of Vite:
  - import "../../test/support/source-adapters/migration" without a file extension (apps/api/vitest.config.ts:4:49). Add the file extension
  - import "./index" without a file extension (test/support/source-adapters/migration.ts:1:47). Add the file extension
  - import "./capacity" without a file extension (test/support/source-adapters/index.ts:1:39). Add the file extension
  - import "../../../src/catalogue/adapters/source-adapters" without a file extension (test/support/source-adapters/index.ts:5:8). Add the file extension
  - import "./riftbound-source-adapter" without a file extension (src/catalogue/adapters/source-adapters.ts:1:52). Add the file extension
  - import "../../../src/catalogue/adapters/source-adapter-registration-types" without a file extension (test/support/source-adapters/capacity.ts:4:8). Add the file extension
  - import "./one-piece-adapter" without a file extension (src/catalogue/adapters/source-adapters.ts:2:43). Add the file extension
  - import "../fake-publisher/capacity-workloads" without a file extension (test/support/source-adapters/capacity.ts:11:8). Add the file extension
  - import "./limitless-one-piece-source-adapter" without a file extension (src/catalogue/adapters/source-adapters.ts:3:60). Add the file extension
  - import "./source-registry" without a file extension (src/catalogue/adapters/source-adapters.ts:4:32). Add the file extension
  - import "../shared" resolves to a directory index (src/catalogue/adapters/source-adapters.ts:5:59). Import the index file directly
  - import "./adapter-parse-failure" without a file extension (src/catalogue/adapters/source-adapters.ts:6:49). Add the file extension
  - import "./source-adapter-registration-types" without a file extension (src/catalogue/adapters/source-adapters.ts:10:72). Add the file extension
  - import "./source-adapter-registration-types" without a file extension (src/catalogue/adapters/source-adapters.ts:11:72). Add the file extension
  - import "./adapter-object-members" without a file extension (src/catalogue/adapters/riftbound-source-adapter.ts:1:38). Add the file extension
  - import "./source-adapter-registration-types" without a file extension (src/catalogue/adapters/limitless-one-piece-source-adapter.ts:1:48). Add the file extension
  - import "./adapter-parse-failure" without a file extension (src/catalogue/adapters/one-piece-official-errata-html.ts:1:37). Add the file extension
  - import "../shared" resolves to a directory index (src/catalogue/adapters/source-registry.ts:1:83). Import the index file directly
  - import "./missing-object-error" without a file extension (src/catalogue/shared/index.ts:1:36). Add the file extension
  - import "./adapter-contract" without a file extension (src/catalogue/adapters/one-piece-adapter.ts:1:43). Add the file extension
  - import "./adapter-parse-failure" without a file extension (src/catalogue/adapters/product-release-source-adapters.ts:1:37). Add the file extension
  - import "./official-artwork-identity" without a file extension (src/catalogue/adapters/riftbound-source-adapter.ts:4:44). Add the file extension
  - import "./adapter-parse-failure" without a file extension (src/catalogue/adapters/limitless-one-piece-source-adapter.ts:2:68). Add the file extension
  - import "./membership-identity" without a file extension (src/catalogue/shared/index.ts:6:75). Add the file extension
  - import "./adapter-html" without a file extension (src/catalogue/adapters/one-piece-adapter.ts:15:8). Add the file extension
  - import "./one-piece-adapter" without a file extension (src/catalogue/adapters/product-release-source-adapters.ts:2:33). Add the file extension
  - import "./adapter-parse-failure" without a file extension (src/catalogue/adapters/riftbound-source-adapter.ts:5:93). Add the file extension
  - import "./adapter-html" without a file extension (src/catalogue/adapters/limitless-one-piece-source-adapter.ts:3:62). Add the file extension
  - import "./administration-guards-repository" without a file extension (src/catalogue/shared/index.ts:10:8). Add the file extension
  - import "./source-adapter-registration-types" without a file extension (src/catalogue/adapters/riftbound-source-adapter.ts:6:48). Add the file extension
  - import "./one-piece-source-adapter" without a file extension (src/catalogue/adapters/limitless-one-piece-source-adapter.ts:4:43). Add the file extension
  - import "./riftbound-errata" without a file extension (src/catalogue/adapters/riftbound-source-adapter.ts:7:67). Add the file extension
  - import "./official-artwork-identity" without a file extension (src/catalogue/adapters/limitless-one-piece-source-adapter.ts:5:44). Add the file extension
  - import "./fusion-world-adapter" without a file extension (src/catalogue/adapters/product-release-source-adapters.ts:3:36). Add the file extension
  - import "./adapter-normalization" without a file extension (src/catalogue/adapters/one-piece-adapter.ts:30:8). Add the file extension
  - import "./digimon-adapter" without a file extension (src/catalogue/adapters/product-release-source-adapters.ts:4:32). Add the file extension
  - import "./riftbound-products" without a file extension (src/catalogue/adapters/riftbound-source-adapter.ts:8:66). Add the file extension
  - import "./administration-problem" without a file extension (src/catalogue/shared/index.ts:11:39). Add the file extension
  - import "./gundam-adapter" without a file extension (src/catalogue/adapters/product-release-source-adapters.ts:5:32). Add the file extension
  - import "./calendar-date" without a file extension (src/catalogue/shared/index.ts:12:35). Add the file extension
  - import "./adapter-observations" without a file extension (src/catalogue/adapters/one-piece-adapter.ts:31:49). Add the file extension
  - import "./adapter-contract" without a file extension (src/catalogue/adapters/product-release-source-adapters.ts:6:49). Add the file extension
  - import "./adapter-parse-failure" without a file extension (src/catalogue/adapters/one-piece-adapter.ts:32:68). Add the file extension
  - import "./adapter-contract" without a file extension (src/catalogue/adapters/product-release-source-adapters.ts:7:49). Add the file extension
  - import "./catalogue-candidate-types" without a file extension (src/catalogue/shared/index.ts:37:8). Add the file extension
  - import "./adapter-product-html" without a file extension (src/catalogue/adapters/one-piece-adapter.ts:33:36). Add the file extension
  - import "./adapter-observations" without a file extension (src/catalogue/adapters/one-piece-source-adapter.ts:1:43). Add the file extension
  - import "./adapter-parse-failure" without a file extension (src/catalogue/adapters/official-artwork-identity.ts:1:37). Add the file extension
  - import "./adapter-contract" without a file extension (src/catalogue/adapters/adapter-html.ts:1:40). Add the file extension
  - import "./catalogue-store-repository" without a file extension (src/catalogue/shared/index.ts:45:8). Add the file extension
  - import "./bandai-adapter-runtime" without a file extension (src/catalogue/adapters/one-piece-adapter.ts:34:37). Add the file extension
  - import "./adapter-parse-failure" without a file extension (src/catalogue/adapters/one-piece-source-adapter.ts:2:37). Add the file extension
  - import "./adapter-normalization" without a file extension (src/catalogue/adapters/adapter-html.ts:2:75). Add the file extension
  - import "./consumer-content" without a file extension (src/catalogue/shared/index.ts:46:33). Add the file extension
  - import "./official-artwork-identity" without a file extension (src/catalogue/adapters/one-piece-adapter.ts:35:44). Add the file extension
  - import "./adapter-parse-failure" without a file extension (src/catalogue/adapters/riftbound-products.ts:1:37). Add the file extension
  - import "../shared" resolves to a directory index (src/catalogue/adapters/adapter-object-members.ts:1:66). Import the index file directly
  - import "./adapter-contract" without a file extension (src/catalogue/adapters/digimon-adapter.ts:1:43). Add the file extension
  - import "./adapter-contract" without a file extension (src/catalogue/adapters/gundam-adapter.ts:1:43). Add the file extension
  - import "./adapter-contract" without a file extension (src/catalogue/adapters/fusion-world-adapter.ts:1:43). Add the file extension
  - import "./adapter-parse-failure" without a file extension (src/catalogue/adapters/riftbound-errata.ts:1:37). Add the file extension
  - import "./adapter-observations" without a file extension (src/catalogue/adapters/adapter-html.ts:3:87). Add the file extension
  - import "./curated-provenance" without a file extension (src/catalogue/shared/index.ts:53:8). Add the file extension
  - import "./official-source-authority" without a file extension (src/catalogue/adapters/one-piece-adapter.ts:36:56). Add the file extension
  - import "./riftbound-article" without a file extension (src/catalogue/adapters/riftbound-products.ts:2:53). Add the file extension
  - import "./adapter-parse-failure" without a file extension (src/catalogue/adapters/adapter-object-members.ts:2:37). Add the file extension
  - import "./adapter-html" without a file extension (src/catalogue/adapters/digimon-adapter.ts:15:8). Add the file extension
  - import "./adapter-html" without a file extension (src/catalogue/adapters/gundam-adapter.ts:18:8). Add the file extension
  - import "./adapter-html" without a file extension (src/catalogue/adapters/fusion-world-adapter.ts:20:8). Add the file extension
  - import "./riftbound-article" without a file extension (src/catalogue/adapters/riftbound-errata.ts:2:53). Add the file extension
  - import "./adapter-parse-failure" without a file extension (src/catalogue/adapters/adapter-html.ts:4:49). Add the file extension
  - import "./document-decoder" without a file extension (src/catalogue/shared/index.ts:54:53). Add the file extension
  - import "./one-piece-source-adapter" without a file extension (src/catalogue/adapters/one-piece-adapter.ts:37:69). Add the file extension
  - import "./adapter-normalization" without a file extension (src/catalogue/adapters/digimon-adapter.ts:29:8). Add the file extension
  - import "./adapter-normalization" without a file extension (src/catalogue/adapters/gundam-adapter.ts:33:8). Add the file extension
  - import "./adapter-normalization" without a file extension (src/catalogue/adapters/fusion-world-adapter.ts:36:8). Add the file extension
  - import "./official-source-field-coverage" without a file extension (src/catalogue/adapters/adapter-html.ts:5:47). Add the file extension
  - import "./export-compression" without a file extension (src/catalogue/shared/index.ts:55:60). Add the file extension
  - import "./adapter-observations" without a file extension (src/catalogue/adapters/digimon-adapter.ts:30:71). Add the file extension
  - import "./adapter-observations" without a file extension (src/catalogue/adapters/gundam-adapter.ts:38:8). Add the file extension
  - import "./adapter-observations" without a file extension (src/catalogue/adapters/fusion-world-adapter.ts:37:71). Add the file extension
  - import "./export-limits" without a file extension (src/catalogue/shared/index.ts:62:8). Add the file extension
  - import "./adapter-parse-failure" without a file extension (src/catalogue/adapters/digimon-adapter.ts:31:49). Add the file extension
  - import "./adapter-parse-failure" without a file extension (src/catalogue/adapters/gundam-adapter.ts:39:49). Add the file extension
  - import "./adapter-parse-failure" without a file extension (src/catalogue/adapters/fusion-world-adapter.ts:38:49). Add the file extension
  - import "./idempotent-identities" without a file extension (src/catalogue/shared/index.ts:63:80). Add the file extension
  - import "./adapter-parse-failure" without a file extension (src/catalogue/adapters/riftbound-article.ts:2:81). Add the file extension
  - import "./adapter-product-html" without a file extension (src/catalogue/adapters/digimon-adapter.ts:32:36). Add the file extension
  - import "./adapter-product-html" without a file extension (src/catalogue/adapters/gundam-adapter.ts:40:36). Add the file extension
  - import "./adapter-product-html" without a file extension (src/catalogue/adapters/fusion-world-adapter.ts:39:36). Add the file extension
  - import "./ingestion-guards-repository" without a file extension (src/catalogue/shared/index.ts:64:69). Add the file extension
  - import "./bandai-adapter-runtime" without a file extension (src/catalogue/adapters/digimon-adapter.ts:33:37). Add the file extension
  - import "./bandai-adapter-runtime" without a file extension (src/catalogue/adapters/gundam-adapter.ts:41:37). Add the file extension
  - import "./bandai-adapter-runtime" without a file extension (src/catalogue/adapters/fusion-world-adapter.ts:40:37). Add the file extension
  - import "./official-source-authority" without a file extension (src/catalogue/adapters/digimon-adapter.ts:34:56). Add the file extension
  - import "./official-source-authority" without a file extension (src/catalogue/adapters/gundam-adapter.ts:42:56). Add the file extension
  - import "./official-artwork-identity" without a file extension (src/catalogue/adapters/fusion-world-adapter.ts:41:44). Add the file extension
  - import "./ingestion-run-event-repository" without a file extension (src/catalogue/shared/index.ts:76:8). Add the file extension
  - import "./adapter-observations" without a file extension (src/catalogue/adapters/adapter-normalization.ts:1:55). Add the file extension
  - import "./adapter-html" without a file extension (src/catalogue/adapters/adapter-product-html.ts:16:8). Add the file extension
  - import "./adapter-contract" without a file extension (src/catalogue/adapters/bandai-adapter-runtime.ts:8:8). Add the file extension
  - import "./official-source-authority" without a file extension (src/catalogue/adapters/fusion-world-adapter.ts:42:56). Add the file extension
  - import "./ingestion-run-events" without a file extension (src/catalogue/shared/index.ts:83:8). Add the file extension
  - import "./adapter-parse-failure" without a file extension (src/catalogue/adapters/adapter-normalization.ts:2:37). Add the file extension
  - import "./adapter-observations" without a file extension (src/catalogue/adapters/adapter-product-html.ts:17:43). Add the file extension
  - import "./adapter-parse-failure" without a file extension (src/catalogue/adapters/adapter-product-html.ts:18:49). Add the file extension
  - import "./adapter-html" without a file extension (src/catalogue/adapters/bandai-adapter-runtime.ts:34:8). Add the file extension
  - import "./official-source-release-normalization" without a file extension (src/catalogue/adapters/fusion-world-adapter.ts:43:47). Add the file extension
  - import "./ingestion-run-state" without a file extension (src/catalogue/shared/index.ts:97:8). Add the file extension
  - import "./official-artwork-identity" without a file extension (src/catalogue/adapters/adapter-normalization.ts:3:44). Add the file extension
  - import "./official-source-release-normalization" without a file extension (src/catalogue/adapters/adapter-product-html.ts:24:8). Add the file extension
  - import "./adapter-normalization" without a file extension (src/catalogue/adapters/bandai-adapter-runtime.ts:46:8). Add the file extension
  - import "./adapter-observations" without a file extension (src/catalogue/adapters/bandai-adapter-runtime.ts:47:70). Add the file extension
  - import "./operational-diagnostics" without a file extension (src/catalogue/shared/index.ts:98:40). Add the file extension
  - import "./adapter-parse-failure" without a file extension (src/catalogue/adapters/bandai-adapter-runtime.ts:48:74). Add the file extension
  - import "./reconciliation-payload" without a file extension (src/catalogue/shared/index.ts:108:8). Add the file extension
  - import "./adapter-product-html" without a file extension (src/catalogue/adapters/bandai-adapter-runtime.ts:49:41). Add the file extension
  - import "./reconciliation-profile" without a file extension (src/catalogue/shared/index.ts:121:8). Add the file extension
  - import "./official-source-authority" without a file extension (src/catalogue/adapters/bandai-adapter-runtime.ts:51:29). Add the file extension
  - import "./serialization" without a file extension (src/catalogue/shared/index.ts:123:87). Add the file extension
  - import "./streaming-sha256" without a file extension (src/catalogue/shared/index.ts:125:60). Add the file extension
  - import "./adapter-parse-failure" without a file extension (src/catalogue/adapters/official-source-release-normalization.ts:1:37). Add the file extension
  - import "./workflow-driver" without a file extension (src/catalogue/shared/index.ts:131:8). Add the file extension
  - import "./workflow-progress" without a file extension (src/catalogue/shared/index.ts:132:64). Add the file extension
  - import "./workflow-steps" without a file extension (src/catalogue/shared/index.ts:133:96). Add the file extension
  - import "./ingestion-reservation-repository" without a file extension (src/catalogue/shared/index.ts:138:8). Add the file extension
  - import "./reconciliation-payload-repository" without a file extension (src/catalogue/shared/index.ts:140:60). Add the file extension
  - import "./streamed-object-members" without a file extension (src/catalogue/shared/index.ts:147:8). Add the file extension
  - import "./catalogue-draft" without a file extension (src/catalogue/shared/index.ts:153:8). Add the file extension
  - import "./card-search-contract" without a file extension (src/catalogue/shared/index.ts:160:8). Add the file extension
  - import "./publication-composition-repository" without a file extension (src/catalogue/shared/index.ts:165:8). Add the file extension
  - import "./staging-object-storage" without a file extension (src/catalogue/shared/index.ts:166:59). Add the file extension
  - import "./curated-field-schemas" without a file extension (src/catalogue/shared/index.ts:168:45). Add the file extension
  - import "./curated-field-validation" without a file extension (src/catalogue/shared/index.ts:169:35). Add the file extension
  - import "./source-freshness" without a file extension (src/catalogue/shared/index.ts:178:8). Add the file extension
  - import "./curated-provenance" without a file extension (src/catalogue/shared/catalogue-candidate-types.ts:9:47). Add the file extension
  - import "./catalogue-candidate-types" without a file extension (src/catalogue/shared/membership-identity.ts:1:36). Add the file extension
  - import "./catalogue-store-repository" without a file extension (src/catalogue/shared/administration-guards-repository.ts:1:59). Add the file extension
  - import "./catalogue-store-repository" without a file extension (src/catalogue/shared/reconciliation-payload.ts:1:37). Add the file extension
  - import "./catalogue-candidate-types" without a file extension (src/catalogue/shared/source-freshness.ts:1:58). Add the file extension
  - import "./catalogue-candidate-types" without a file extension (src/catalogue/shared/reconciliation-profile.ts:1:36). Add the file extension
  - import "./serialization" without a file extension (src/catalogue/shared/idempotent-identities.ts:2:24). Add the file extension
  - import "./ingestion-run-state" without a file extension (src/catalogue/shared/operational-diagnostics.ts:1:45). Add the file extension
  - import "./catalogue-candidate-types" without a file extension (src/catalogue/shared/catalogue-draft.ts:1:41). Add the file extension
  - import "./catalogue-store-repository" without a file extension (src/catalogue/shared/reconciliation-payload-repository.ts:1:59). Add the file extension
  - import "./catalogue-store-repository" without a file extension (src/catalogue/shared/ingestion-reservation-repository.ts:1:86). Add the file extension
  - import "./catalogue-store-repository" without a file extension (src/catalogue/shared/staging-object-storage.ts:1:37). Add the file extension
  - import "./catalogue-store-repository" without a file extension (src/catalogue/shared/publication-composition-repository.ts:1:59). Add the file extension
  - import "./reconciliation-profile" without a file extension (src/catalogue/shared/curated-field-schemas.ts:1:46). Add the file extension
  - import "./curated-field-schemas" without a file extension (src/catalogue/shared/curated-field-validation.ts:2:44). Add the file extension
  - import "./catalogue-store-repository" without a file extension (src/catalogue/shared/ingestion-guards-repository.ts:1:59). Add the file extension
  - import "./workflow-steps" without a file extension (src/catalogue/shared/workflow-driver.ts:1:92). Add the file extension
  - import "./ingestion-run-state" without a file extension (src/catalogue/shared/ingestion-run-events.ts:6:8). Add the file extension
  - import "./ingestion-reservation-repository" without a file extension (src/catalogue/shared/ingestion-run-event-repository.ts:6:8). Add the file extension
  - import "./serialization" without a file extension (src/catalogue/shared/membership-identity.ts:2:43). Add the file extension
  - import "./reconciliation-payload-repository" without a file extension (src/catalogue/shared/reconciliation-payload.ts:6:8). Add the file extension
  - import "./serialization" without a file extension (src/catalogue/shared/source-freshness.ts:2:29). Add the file extension
  - import "./serialization" without a file extension (src/catalogue/shared/reconciliation-profile.ts:2:31). Add the file extension
  - import "./staging-object-repository" without a file extension (src/catalogue/shared/staging-object-storage.ts:7:8). Add the file extension
  - import "./serialization" without a file extension (src/catalogue/shared/curated-field-schemas.ts:2:31). Add the file extension
  - import "./ingestion-run-state" without a file extension (src/catalogue/shared/ingestion-guards-repository.ts:2:67). Add the file extension
  - import "./catalogue-store-repository" without a file extension (src/catalogue/shared/ingestion-run-event-repository.ts:7:86). Add the file extension
  - import "./serialization" without a file extension (src/catalogue/shared/reconciliation-payload.ts:7:31). Add the file extension
  - import "./ingestion-run-events" without a file extension (src/catalogue/shared/ingestion-run-event-repository.ts:14:8). Add the file extension
  - import "./reconciliation-payload" without a file extension (src/catalogue/shared/ingestion-run-event-repository.ts:15:28). Add the file extension
  - import "./catalogue-store-repository" without a file extension (src/catalogue/shared/staging-object-repository.ts:1:59). Add the file extension
Set `VITE_CONFIG_NATIVE_IGNORE_WARNING=true` to suppress this warning.

 RUN  v4.1.11 /Users/marcus/Developer/card-keepr


 Test Files  13 passed (13)
      Tests  95 passed (95)
   Start at  15:14:48
   Duration  11.16s (transform 872ms, setup 0ms, import 4.92s, tests 14.12s, environment 0ms)

$ vitest run --config apps/ingestion/vitest.config.ts
(!) Your Vite config uses features that are unsupported by `configLoader: 'native'`, which is planned to become the default in a future major version of Vite:
  - import "../../test/support/source-adapters/migration" without a file extension (apps/ingestion/vitest.config.ts:13:49). Add the file extension
  - import "./index" without a file extension (test/support/source-adapters/migration.ts:1:47). Add the file extension
  - import "./capacity" without a file extension (test/support/source-adapters/index.ts:1:39). Add the file extension
  - import "../../../src/catalogue/adapters/source-adapters" without a file extension (test/support/source-adapters/index.ts:5:8). Add the file extension
  - import "./riftbound-source-adapter" without a file extension (src/catalogue/adapters/source-adapters.ts:1:52). Add the file extension
  - import "../../../src/catalogue/adapters/source-adapter-registration-types" without a file extension (test/support/source-adapters/capacity.ts:4:8). Add the file extension
  - import "../fake-publisher/capacity-workloads" without a file extension (test/support/source-adapters/capacity.ts:11:8). Add the file extension
  - import "./one-piece-adapter" without a file extension (src/catalogue/adapters/source-adapters.ts:2:43). Add the file extension
  - import "./limitless-one-piece-source-adapter" without a file extension (src/catalogue/adapters/source-adapters.ts:3:60). Add the file extension
  - import "./source-registry" without a file extension (src/catalogue/adapters/source-adapters.ts:4:32). Add the file extension
  - import "../shared" resolves to a directory index (src/catalogue/adapters/source-adapters.ts:5:59). Import the index file directly
  - import "./adapter-parse-failure" without a file extension (src/catalogue/adapters/source-adapters.ts:6:49). Add the file extension
  - import "./source-adapter-registration-types" without a file extension (src/catalogue/adapters/source-adapters.ts:10:72). Add the file extension
  - import "./source-adapter-registration-types" without a file extension (src/catalogue/adapters/source-adapters.ts:11:72). Add the file extension
  - import "./adapter-parse-failure" without a file extension (src/catalogue/adapters/product-release-source-adapters.ts:1:37). Add the file extension
  - import "./adapter-parse-failure" without a file extension (src/catalogue/adapters/one-piece-official-errata-html.ts:1:37). Add the file extension
  - import "./source-adapter-registration-types" without a file extension (src/catalogue/adapters/limitless-one-piece-source-adapter.ts:1:48). Add the file extension
  - import "../shared" resolves to a directory index (src/catalogue/adapters/source-registry.ts:1:83). Import the index file directly
  - import "./adapter-contract" without a file extension (src/catalogue/adapters/one-piece-adapter.ts:1:43). Add the file extension
  - import "./missing-object-error" without a file extension (src/catalogue/shared/index.ts:1:36). Add the file extension
  - import "./adapter-object-members" without a file extension (src/catalogue/adapters/riftbound-source-adapter.ts:1:38). Add the file extension
  - import "./one-piece-adapter" without a file extension (src/catalogue/adapters/product-release-source-adapters.ts:2:33). Add the file extension
  - import "./adapter-parse-failure" without a file extension (src/catalogue/adapters/limitless-one-piece-source-adapter.ts:2:68). Add the file extension
  - import "./adapter-html" without a file extension (src/catalogue/adapters/one-piece-adapter.ts:15:8). Add the file extension
  - import "./membership-identity" without a file extension (src/catalogue/shared/index.ts:6:75). Add the file extension
  - import "./official-artwork-identity" without a file extension (src/catalogue/adapters/riftbound-source-adapter.ts:4:44). Add the file extension
  - import "./fusion-world-adapter" without a file extension (src/catalogue/adapters/product-release-source-adapters.ts:3:36). Add the file extension
  - import "./adapter-html" without a file extension (src/catalogue/adapters/limitless-one-piece-source-adapter.ts:3:62). Add the file extension
  - import "./adapter-normalization" without a file extension (src/catalogue/adapters/one-piece-adapter.ts:30:8). Add the file extension
  - import "./digimon-adapter" without a file extension (src/catalogue/adapters/product-release-source-adapters.ts:4:32). Add the file extension
  - import "./one-piece-source-adapter" without a file extension (src/catalogue/adapters/limitless-one-piece-source-adapter.ts:4:43). Add the file extension
  - import "./adapter-observations" without a file extension (src/catalogue/adapters/one-piece-adapter.ts:31:49). Add the file extension
  - import "./administration-guards-repository" without a file extension (src/catalogue/shared/index.ts:10:8). Add the file extension
  - import "./adapter-parse-failure" without a file extension (src/catalogue/adapters/riftbound-source-adapter.ts:5:93). Add the file extension
  - import "./gundam-adapter" without a file extension (src/catalogue/adapters/product-release-source-adapters.ts:5:32). Add the file extension
  - import "./official-artwork-identity" without a file extension (src/catalogue/adapters/limitless-one-piece-source-adapter.ts:5:44). Add the file extension
  - import "./adapter-parse-failure" without a file extension (src/catalogue/adapters/one-piece-adapter.ts:32:68). Add the file extension
  - import "./source-adapter-registration-types" without a file extension (src/catalogue/adapters/riftbound-source-adapter.ts:6:48). Add the file extension
  - import "./adapter-contract" without a file extension (src/catalogue/adapters/product-release-source-adapters.ts:6:49). Add the file extension
  - import "./adapter-product-html" without a file extension (src/catalogue/adapters/one-piece-adapter.ts:33:36). Add the file extension
  - import "./administration-problem" without a file extension (src/catalogue/shared/index.ts:11:39). Add the file extension
  - import "./riftbound-errata" without a file extension (src/catalogue/adapters/riftbound-source-adapter.ts:7:67). Add the file extension
  - import "./adapter-contract" without a file extension (src/catalogue/adapters/product-release-source-adapters.ts:7:49). Add the file extension
  - import "./bandai-adapter-runtime" without a file extension (src/catalogue/adapters/one-piece-adapter.ts:34:37). Add the file extension
  - import "./calendar-date" without a file extension (src/catalogue/shared/index.ts:12:35). Add the file extension
  - import "./riftbound-products" without a file extension (src/catalogue/adapters/riftbound-source-adapter.ts:8:66). Add the file extension
  - import "./official-artwork-identity" without a file extension (src/catalogue/adapters/one-piece-adapter.ts:35:44). Add the file extension
  - import "./catalogue-candidate-types" without a file extension (src/catalogue/shared/index.ts:37:8). Add the file extension
  - import "./catalogue-store-repository" without a file extension (src/catalogue/shared/index.ts:45:8). Add the file extension
  - import "./official-source-authority" without a file extension (src/catalogue/adapters/one-piece-adapter.ts:36:56). Add the file extension
  - import "./consumer-content" without a file extension (src/catalogue/shared/index.ts:46:33). Add the file extension
  - import "./one-piece-source-adapter" without a file extension (src/catalogue/adapters/one-piece-adapter.ts:37:69). Add the file extension
  - import "./curated-provenance" without a file extension (src/catalogue/shared/index.ts:53:8). Add the file extension
  - import "./adapter-contract" without a file extension (src/catalogue/adapters/digimon-adapter.ts:1:43). Add the file extension
  - import "./adapter-observations" without a file extension (src/catalogue/adapters/one-piece-source-adapter.ts:1:43). Add the file extension
  - import "./adapter-parse-failure" without a file extension (src/catalogue/adapters/official-artwork-identity.ts:1:37). Add the file extension
  - import "./adapter-contract" without a file extension (src/catalogue/adapters/adapter-html.ts:1:40). Add the file extension
  - import "./adapter-contract" without a file extension (src/catalogue/adapters/gundam-adapter.ts:1:43). Add the file extension
  - import "./adapter-contract" without a file extension (src/catalogue/adapters/fusion-world-adapter.ts:1:43). Add the file extension
  - import "./document-decoder" without a file extension (src/catalogue/shared/index.ts:54:53). Add the file extension
  - import "./adapter-parse-failure" without a file extension (src/catalogue/adapters/riftbound-products.ts:1:37). Add the file extension
  - import "./adapter-parse-failure" without a file extension (src/catalogue/adapters/riftbound-errata.ts:1:37). Add the file extension
  - import "../shared" resolves to a directory index (src/catalogue/adapters/adapter-object-members.ts:1:66). Import the index file directly
  - import "./adapter-contract" without a file extension (src/catalogue/adapters/bandai-adapter-runtime.ts:8:8). Add the file extension
  - import "./adapter-observations" without a file extension (src/catalogue/adapters/adapter-normalization.ts:1:55). Add the file extension
  - import "./adapter-html" without a file extension (src/catalogue/adapters/adapter-product-html.ts:16:8). Add the file extension
  - import "./adapter-html" without a file extension (src/catalogue/adapters/digimon-adapter.ts:15:8). Add the file extension
  - import "./adapter-parse-failure" without a file extension (src/catalogue/adapters/one-piece-source-adapter.ts:2:37). Add the file extension
  - import "./adapter-normalization" without a file extension (src/catalogue/adapters/adapter-html.ts:2:75). Add the file extension
  - import "./adapter-html" without a file extension (src/catalogue/adapters/gundam-adapter.ts:18:8). Add the file extension
  - import "./adapter-html" without a file extension (src/catalogue/adapters/fusion-world-adapter.ts:20:8). Add the file extension
  - import "./export-compression" without a file extension (src/catalogue/shared/index.ts:55:60). Add the file extension
  - import "./riftbound-article" without a file extension (src/catalogue/adapters/riftbound-products.ts:2:53). Add the file extension
  - import "./riftbound-article" without a file extension (src/catalogue/adapters/riftbound-errata.ts:2:53). Add the file extension
  - import "./adapter-parse-failure" without a file extension (src/catalogue/adapters/adapter-object-members.ts:2:37). Add the file extension
  - import "./adapter-html" without a file extension (src/catalogue/adapters/bandai-adapter-runtime.ts:34:8). Add the file extension
  - import "./adapter-parse-failure" without a file extension (src/catalogue/adapters/adapter-normalization.ts:2:37). Add the file extension
  - import "./adapter-observations" without a file extension (src/catalogue/adapters/adapter-product-html.ts:17:43). Add the file extension
  - import "./adapter-normalization" without a file extension (src/catalogue/adapters/digimon-adapter.ts:29:8). Add the file extension
  - import "./adapter-observations" without a file extension (src/catalogue/adapters/adapter-html.ts:3:87). Add the file extension
  - import "./adapter-normalization" without a file extension (src/catalogue/adapters/gundam-adapter.ts:33:8). Add the file extension
  - import "./adapter-normalization" without a file extension (src/catalogue/adapters/fusion-world-adapter.ts:36:8). Add the file extension
  - import "./export-limits" without a file extension (src/catalogue/shared/index.ts:62:8). Add the file extension
  - import "./adapter-normalization" without a file extension (src/catalogue/adapters/bandai-adapter-runtime.ts:46:8). Add the file extension
  - import "./official-artwork-identity" without a file extension (src/catalogue/adapters/adapter-normalization.ts:3:44). Add the file extension
  - import "./adapter-parse-failure" without a file extension (src/catalogue/adapters/adapter-product-html.ts:18:49). Add the file extension
  - import "./adapter-observations" without a file extension (src/catalogue/adapters/digimon-adapter.ts:30:71). Add the file extension
  - import "./adapter-parse-failure" without a file extension (src/catalogue/adapters/adapter-html.ts:4:49). Add the file extension
  - import "./adapter-observations" without a file extension (src/catalogue/adapters/gundam-adapter.ts:38:8). Add the file extension
  - import "./adapter-observations" without a file extension (src/catalogue/adapters/fusion-world-adapter.ts:37:71). Add the file extension
  - import "./idempotent-identities" without a file extension (src/catalogue/shared/index.ts:63:80). Add the file extension
  - import "./adapter-observations" without a file extension (src/catalogue/adapters/bandai-adapter-runtime.ts:47:70). Add the file extension
  - import "./adapter-parse-failure" without a file extension (src/catalogue/adapters/digimon-adapter.ts:31:49). Add the file extension
  - import "./official-source-field-coverage" without a file extension (src/catalogue/adapters/adapter-html.ts:5:47). Add the file extension
  - import "./adapter-parse-failure" without a file extension (src/catalogue/adapters/gundam-adapter.ts:39:49). Add the file extension
  - import "./adapter-parse-failure" without a file extension (src/catalogue/adapters/fusion-world-adapter.ts:38:49). Add the file extension
  - import "./adapter-parse-failure" without a file extension (src/catalogue/adapters/bandai-adapter-runtime.ts:48:74). Add the file extension
  - import "./official-source-release-normalization" without a file extension (src/catalogue/adapters/adapter-product-html.ts:24:8). Add the file extension
  - import "./adapter-product-html" without a file extension (src/catalogue/adapters/digimon-adapter.ts:32:36). Add the file extension
  - import "./adapter-product-html" without a file extension (src/catalogue/adapters/gundam-adapter.ts:40:36). Add the file extension
  - import "./adapter-product-html" without a file extension (src/catalogue/adapters/fusion-world-adapter.ts:39:36). Add the file extension
  - import "./ingestion-guards-repository" without a file extension (src/catalogue/shared/index.ts:64:69). Add the file extension
  - import "./adapter-parse-failure" without a file extension (src/catalogue/adapters/riftbound-article.ts:2:81). Add the file extension
  - import "./adapter-product-html" without a file extension (src/catalogue/adapters/bandai-adapter-runtime.ts:49:41). Add the file extension
  - import "./bandai-adapter-runtime" without a file extension (src/catalogue/adapters/digimon-adapter.ts:33:37). Add the file extension
  - import "./bandai-adapter-runtime" without a file extension (src/catalogue/adapters/gundam-adapter.ts:41:37). Add the file extension
  - import "./bandai-adapter-runtime" without a file extension (src/catalogue/adapters/fusion-world-adapter.ts:40:37). Add the file extension
  - import "./ingestion-run-event-repository" without a file extension (src/catalogue/shared/index.ts:76:8). Add the file extension
  - import "./adapter-parse-failure" without a file extension (src/catalogue/adapters/official-source-release-normalization.ts:1:37). Add the file extension
  - import "./official-source-authority" without a file extension (src/catalogue/adapters/bandai-adapter-runtime.ts:51:29). Add the file extension
  - import "./official-source-authority" without a file extension (src/catalogue/adapters/digimon-adapter.ts:34:56). Add the file extension
  - import "./official-source-authority" without a file extension (src/catalogue/adapters/gundam-adapter.ts:42:56). Add the file extension
  - import "./official-artwork-identity" without a file extension (src/catalogue/adapters/fusion-world-adapter.ts:41:44). Add the file extension
  - import "./ingestion-run-events" without a file extension (src/catalogue/shared/index.ts:83:8). Add the file extension
  - import "./official-source-authority" without a file extension (src/catalogue/adapters/fusion-world-adapter.ts:42:56). Add the file extension
  - import "./ingestion-run-state" without a file extension (src/catalogue/shared/index.ts:97:8). Add the file extension
  - import "./official-source-release-normalization" without a file extension (src/catalogue/adapters/fusion-world-adapter.ts:43:47). Add the file extension
  - import "./operational-diagnostics" without a file extension (src/catalogue/shared/index.ts:98:40). Add the file extension
  - import "./reconciliation-payload" without a file extension (src/catalogue/shared/index.ts:108:8). Add the file extension
  - import "./reconciliation-profile" without a file extension (src/catalogue/shared/index.ts:121:8). Add the file extension
  - import "./serialization" without a file extension (src/catalogue/shared/index.ts:123:87). Add the file extension
  - import "./streaming-sha256" without a file extension (src/catalogue/shared/index.ts:125:60). Add the file extension
  - import "./workflow-driver" without a file extension (src/catalogue/shared/index.ts:131:8). Add the file extension
  - import "./workflow-progress" without a file extension (src/catalogue/shared/index.ts:132:64). Add the file extension
  - import "./workflow-steps" without a file extension (src/catalogue/shared/index.ts:133:96). Add the file extension
  - import "./ingestion-reservation-repository" without a file extension (src/catalogue/shared/index.ts:138:8). Add the file extension
  - import "./reconciliation-payload-repository" without a file extension (src/catalogue/shared/index.ts:140:60). Add the file extension
  - import "./streamed-object-members" without a file extension (src/catalogue/shared/index.ts:147:8). Add the file extension
  - import "./catalogue-draft" without a file extension (src/catalogue/shared/index.ts:153:8). Add the file extension
  - import "./card-search-contract" without a file extension (src/catalogue/shared/index.ts:160:8). Add the file extension
  - import "./publication-composition-repository" without a file extension (src/catalogue/shared/index.ts:165:8). Add the file extension
  - import "./staging-object-storage" without a file extension (src/catalogue/shared/index.ts:166:59). Add the file extension
  - import "./curated-field-schemas" without a file extension (src/catalogue/shared/index.ts:168:45). Add the file extension
  - import "./curated-field-validation" without a file extension (src/catalogue/shared/index.ts:169:35). Add the file extension
  - import "./source-freshness" without a file extension (src/catalogue/shared/index.ts:178:8). Add the file extension
  - import "./catalogue-store-repository" without a file extension (src/catalogue/shared/administration-guards-repository.ts:1:59). Add the file extension
  - import "./catalogue-candidate-types" without a file extension (src/catalogue/shared/reconciliation-profile.ts:1:36). Add the file extension
  - import "./workflow-steps" without a file extension (src/catalogue/shared/workflow-driver.ts:1:92). Add the file extension
  - import "./catalogue-candidate-types" without a file extension (src/catalogue/shared/catalogue-draft.ts:1:41). Add the file extension
  - import "./catalogue-candidate-types" without a file extension (src/catalogue/shared/membership-identity.ts:1:36). Add the file extension
  - import "./catalogue-store-repository" without a file extension (src/catalogue/shared/publication-composition-repository.ts:1:59). Add the file extension
  - import "./reconciliation-profile" without a file extension (src/catalogue/shared/curated-field-schemas.ts:1:46). Add the file extension
  - import "./catalogue-store-repository" without a file extension (src/catalogue/shared/reconciliation-payload-repository.ts:1:59). Add the file extension
  - import "./catalogue-store-repository" without a file extension (src/catalogue/shared/staging-object-storage.ts:1:37). Add the file extension
  - import "./serialization" without a file extension (src/catalogue/shared/idempotent-identities.ts:2:24). Add the file extension
  - import "./catalogue-store-repository" without a file extension (src/catalogue/shared/ingestion-guards-repository.ts:1:59). Add the file extension
  - import "./ingestion-reservation-repository" without a file extension (src/catalogue/shared/ingestion-run-event-repository.ts:6:8). Add the file extension
  - import "./ingestion-run-state" without a file extension (src/catalogue/shared/operational-diagnostics.ts:1:45). Add the file extension
  - import "./catalogue-store-repository" without a file extension (src/catalogue/shared/reconciliation-payload.ts:1:37). Add the file extension
  - import "./ingestion-run-state" without a file extension (src/catalogue/shared/ingestion-run-events.ts:6:8). Add the file extension
  - import "./catalogue-candidate-types" without a file extension (src/catalogue/shared/source-freshness.ts:1:58). Add the file extension
  - import "./curated-field-schemas" without a file extension (src/catalogue/shared/curated-field-validation.ts:2:44). Add the file extension
  - import "./catalogue-store-repository" without a file extension (src/catalogue/shared/ingestion-reservation-repository.ts:1:86). Add the file extension
  - import "./curated-provenance" without a file extension (src/catalogue/shared/catalogue-candidate-types.ts:9:47). Add the file extension
  - import "./serialization" without a file extension (src/catalogue/shared/reconciliation-profile.ts:2:31). Add the file extension
  - import "./serialization" without a file extension (src/catalogue/shared/membership-identity.ts:2:43). Add the file extension
  - import "./serialization" without a file extension (src/catalogue/shared/curated-field-schemas.ts:2:31). Add the file extension
  - import "./staging-object-repository" without a file extension (src/catalogue/shared/staging-object-storage.ts:7:8). Add the file extension
  - import "./ingestion-run-state" without a file extension (src/catalogue/shared/ingestion-guards-repository.ts:2:67). Add the file extension
  - import "./catalogue-store-repository" without a file extension (src/catalogue/shared/ingestion-run-event-repository.ts:7:86). Add the file extension
  - import "./reconciliation-payload-repository" without a file extension (src/catalogue/shared/reconciliation-payload.ts:6:8). Add the file extension
  - import "./serialization" without a file extension (src/catalogue/shared/source-freshness.ts:2:29). Add the file extension
  - import "./ingestion-run-events" without a file extension (src/catalogue/shared/ingestion-run-event-repository.ts:14:8). Add the file extension
  - import "./serialization" without a file extension (src/catalogue/shared/reconciliation-payload.ts:7:31). Add the file extension
  - import "./reconciliation-payload" without a file extension (src/catalogue/shared/ingestion-run-event-repository.ts:15:28). Add the file extension
  - import "./catalogue-store-repository" without a file extension (src/catalogue/shared/staging-object-repository.ts:1:59). Add the file extension
Set `VITE_CONFIG_NATIVE_IGNORE_WARNING=true` to suppress this warning.

 RUN  v4.1.11 /Users/marcus/Developer/card-keepr

uncaught exception; source = Uncaught (in promise); stack = Error: Engine was never started
    at Engine.getStatus (file:///Users/marcus/Developer/card-keepr/node_modules/.pnpm/miniflare@5.20260908.0-alpha/node_modules/miniflare/dist/src/workers/workflows/binding.worker.js:14493:15)
uncaught exception; source = Uncaught (in promise); stack = Error: Engine was never started
    at Engine.getStatus (file:///Users/marcus/Developer/card-keepr/node_modules/.pnpm/miniflare@5.20260908.0-alpha/node_modules/miniflare/dist/src/workers/workflows/binding.worker.js:14493:15)
uncaught exception; source = Uncaught (in promise); stack = Error: instance.not_found
    at WorkflowBinding.get (file:///Users/marcus/Developer/card-keepr/node_modules/.pnpm/miniflare@5.20260908.0-alpha/node_modules/miniflare/dist/src/workers/workflows/binding.worker.js:15150:13)
uncaught exception; exception = workerd/io/io-context.c++:1642: failed: jsg.Error: The Workers runtime canceled this request because it detected that your Worker's code had hung and would never generate a response. Refer to: https://developers.cloudflare.com/workers/observability/errors/
stack: 101d6537f
uncaught exception; exception = workerd/io/io-context.c++:1642: failed: jsg.Error: The Workers runtime canceled this request because it detected that your Worker's code had hung and would never generate a response. Refer to: https://developers.cloudflare.com/workers/observability/errors/
stack: 101d6537f
uncaught exception; source = Uncaught (in promise); stack = Error: Engine was never started
    at Engine.getStatus (file:///Users/marcus/Developer/card-keepr/node_modules/.pnpm/miniflare@5.20260908.0-alpha/node_modules/miniflare/dist/src/workers/workflows/binding.worker.js:14493:15)
uncaught exception; source = Uncaught (in promise); stack = Error: Engine was never started
    at Engine.getStatus (file:///Users/marcus/Developer/card-keepr/node_modules/.pnpm/miniflare@5.20260908.0-alpha/node_modules/miniflare/dist/src/workers/workflows/binding.worker.js:14493:15)
uncaught exception; source = Uncaught (in promise); stack = Error: instance.not_found
    at WorkflowBinding.get (file:///Users/marcus/Developer/card-keepr/node_modules/.pnpm/miniflare@5.20260908.0-alpha/node_modules/miniflare/dist/src/workers/workflows/binding.worker.js:15150:13)
uncaught exception; exception = workerd/io/io-context.c++:1642: failed: jsg.Error: The Workers runtime canceled this request because it detected that your Worker's code had hung and would never generate a response. Refer to: https://developers.cloudflare.com/workers/observability/errors/
stack: 101d6537f
uncaught exception; exception = workerd/io/io-context.c++:1642: failed: jsg.Error: The Workers runtime canceled this request because it detected that your Worker's code had hung and would never generate a response. Refer to: https://developers.cloudflare.com/workers/observability/errors/
stack: 101d6537f
uncaught exception; source = Uncaught (in promise); stack = Error: Engine was never started
    at Engine.getStatus (file:///Users/marcus/Developer/card-keepr/node_modules/.pnpm/miniflare@5.20260908.0-alpha/node_modules/miniflare/dist/src/workers/workflows/binding.worker.js:14493:15)
uncaught exception; source = Uncaught (in promise); stack = Error: Engine was never started
    at Engine.getStatus (file:///Users/marcus/Developer/card-keepr/node_modules/.pnpm/miniflare@5.20260908.0-alpha/node_modules/miniflare/dist/src/workers/workflows/binding.worker.js:14493:15)
uncaught exception; source = Uncaught (in promise); stack = Error: instance.not_found
    at WorkflowBinding.get (file:///Users/marcus/Developer/card-keepr/node_modules/.pnpm/miniflare@5.20260908.0-alpha/node_modules/miniflare/dist/src/workers/workflows/binding.worker.js:15150:13)
uncaught exception; exception = workerd/io/io-context.c++:1642: failed: jsg.Error: The Workers runtime canceled this request because it detected that your Worker's code had hung and would never generate a response. Refer to: https://developers.cloudflare.com/workers/observability/errors/
stack: 101d6537f
uncaught exception; source = Uncaught (in promise); stack = Error: Engine was never started
    at Engine.getStatus (file:///Users/marcus/Developer/card-keepr/node_modules/.pnpm/miniflare@5.20260908.0-alpha/node_modules/miniflare/dist/src/workers/workflows/binding.worker.js:14493:15)
uncaught exception; source = Uncaught (in promise); stack = Error: Engine was never started
    at Engine.getStatus (file:///Users/marcus/Developer/card-keepr/node_modules/.pnpm/miniflare@5.20260908.0-alpha/node_modules/miniflare/dist/src/workers/workflows/binding.worker.js:14493:15)
uncaught exception; source = Uncaught (in promise); stack = Error: instance.not_found
    at WorkflowBinding.get (file:///Users/marcus/Developer/card-keepr/node_modules/.pnpm/miniflare@5.20260908.0-alpha/node_modules/miniflare/dist/src/workers/workflows/binding.worker.js:15150:13)
uncaught exception; exception = workerd/io/io-context.c++:1642: failed: jsg.Error: The Workers runtime canceled this request because it detected that your Worker's code had hung and would never generate a response. Refer to: https://developers.cloudflare.com/workers/observability/errors/
stack: 101d6537f
uncaught exception; source = Uncaught (in promise); stack = Error: Engine was never started
    at Engine.getStatus (file:///Users/marcus/Developer/card-keepr/node_modules/.pnpm/miniflare@5.20260908.0-alpha/node_modules/miniflare/dist/src/workers/workflows/binding.worker.js:14493:15)
uncaught exception; source = Uncaught (in promise); stack = Error: Engine was never started
    at Engine.getStatus (file:///Users/marcus/Developer/card-keepr/node_modules/.pnpm/miniflare@5.20260908.0-alpha/node_modules/miniflare/dist/src/workers/workflows/binding.worker.js:14493:15)
uncaught exception; source = Uncaught (in promise); stack = Error: instance.not_found
    at WorkflowBinding.get (file:///Users/marcus/Developer/card-keepr/node_modules/.pnpm/miniflare@5.20260908.0-alpha/node_modules/miniflare/dist/src/workers/workflows/binding.worker.js:15150:13)
uncaught exception; exception = workerd/io/io-context.c++:1642: failed: jsg.Error: The Workers runtime canceled this request because it detected that your Worker's code had hung and would never generate a response. Refer to: https://developers.cloudflare.com/workers/observability/errors/
stack: 101d6537f
uncaught exception; source = Uncaught (in promise); stack = Error: Engine was never started
    at Engine.getStatus (file:///Users/marcus/Developer/card-keepr/node_modules/.pnpm/miniflare@5.20260908.0-alpha/node_modules/miniflare/dist/src/workers/workflows/binding.worker.js:14493:15)
uncaught exception; source = Uncaught (in promise); stack = Error: Engine was never started
    at Engine.getStatus (file:///Users/marcus/Developer/card-keepr/node_modules/.pnpm/miniflare@5.20260908.0-alpha/node_modules/miniflare/dist/src/workers/workflows/binding.worker.js:14493:15)
uncaught exception; source = Uncaught (in promise); stack = Error: instance.not_found
    at WorkflowBinding.get (file:///Users/marcus/Developer/card-keepr/node_modules/.pnpm/miniflare@5.20260908.0-alpha/node_modules/miniflare/dist/src/workers/workflows/binding.worker.js:15150:13)
uncaught exception; exception = workerd/io/io-context.c++:1642: failed: jsg.Error: The Workers runtime canceled this request because it detected that your Worker's code had hung and would never generate a response. Refer to: https://developers.cloudflare.com/workers/observability/errors/
stack: 101d6537f
uncaught exception; source = Uncaught (in promise); stack = Error: Engine was never started
    at Engine.getStatus (file:///Users/marcus/Developer/card-keepr/node_modules/.pnpm/miniflare@5.20260908.0-alpha/node_modules/miniflare/dist/src/workers/workflows/binding.worker.js:14493:15)
uncaught exception; source = Uncaught (in promise); stack = Error: Engine was never started
    at Engine.getStatus (file:///Users/marcus/Developer/card-keepr/node_modules/.pnpm/miniflare@5.20260908.0-alpha/node_modules/miniflare/dist/src/workers/workflows/binding.worker.js:14493:15)
uncaught exception; source = Uncaught (in promise); stack = Error: instance.not_found
    at WorkflowBinding.get (file:///Users/marcus/Developer/card-keepr/node_modules/.pnpm/miniflare@5.20260908.0-alpha/node_modules/miniflare/dist/src/workers/workflows/binding.worker.js:15150:13)
uncaught exception; exception = workerd/io/io-context.c++:1642: failed: jsg.Error: The Workers runtime canceled this request because it detected that your Worker's code had hung and would never generate a response. Refer to: https://developers.cloudflare.com/workers/observability/errors/
stack: 101d6537f
uncaught exception; source = Uncaught (in promise); stack = Error: Engine was never started
    at Engine.getStatus (file:///Users/marcus/Developer/card-keepr/node_modules/.pnpm/miniflare@5.20260908.0-alpha/node_modules/miniflare/dist/src/workers/workflows/binding.worker.js:14493:15)
uncaught exception; source = Uncaught (in promise); stack = Error: Engine was never started
    at Engine.getStatus (file:///Users/marcus/Developer/card-keepr/node_modules/.pnpm/miniflare@5.20260908.0-alpha/node_modules/miniflare/dist/src/workers/workflows/binding.worker.js:14493:15)
uncaught exception; source = Uncaught (in promise); stack = Error: instance.not_found
    at WorkflowBinding.get (file:///Users/marcus/Developer/card-keepr/node_modules/.pnpm/miniflare@5.20260908.0-alpha/node_modules/miniflare/dist/src/workers/workflows/binding.worker.js:15150:13)
uncaught exception; exception = workerd/io/io-context.c++:1642: failed: jsg.Error: The Workers runtime canceled this request because it detected that your Worker's code had hung and would never generate a response. Refer to: https://developers.cloudflare.com/workers/observability/errors/
stack: 101d6537f
An RPC stub was not disposed properly. You must call dispose() on all stubs in order to let the other side know that you are no longer using them. You cannot rely on the garbage collector for this because it may take arbitrarily long before actually collecting unreachable objects. As a shortcut, calling dispose() on the result of an RPC call disposes all stubs within it.
uncaught exception; source = Uncaught (in promise); stack = Error: Engine was never started
    at Engine.getStatus (file:///Users/marcus/Developer/card-keepr/node_modules/.pnpm/miniflare@5.20260908.0-alpha/node_modules/miniflare/dist/src/workers/workflows/binding.worker.js:14493:15)
uncaught exception; source = Uncaught (in promise); stack = Error: Engine was never started
    at Engine.getStatus (file:///Users/marcus/Developer/card-keepr/node_modules/.pnpm/miniflare@5.20260908.0-alpha/node_modules/miniflare/dist/src/workers/workflows/binding.worker.js:14493:15)
uncaught exception; source = Uncaught (in promise); stack = Error: instance.not_found
    at WorkflowBinding.get (file:///Users/marcus/Developer/card-keepr/node_modules/.pnpm/miniflare@5.20260908.0-alpha/node_modules/miniflare/dist/src/workers/workflows/binding.worker.js:15150:13)
uncaught exception; exception = workerd/io/io-context.c++:1642: failed: jsg.Error: The Workers runtime canceled this request because it detected that your Worker's code had hung and would never generate a response. Refer to: https://developers.cloudflare.com/workers/observability/errors/
stack: 101d6537f
uncaught exception; source = Uncaught (in promise); stack = Error: Engine was never started
    at Engine.getStatus (file:///Users/marcus/Developer/card-keepr/node_modules/.pnpm/miniflare@5.20260908.0-alpha/node_modules/miniflare/dist/src/workers/workflows/binding.worker.js:14493:15)
uncaught exception; source = Uncaught (in promise); stack = Error: Engine was never started
    at Engine.getStatus (file:///Users/marcus/Developer/card-keepr/node_modules/.pnpm/miniflare@5.20260908.0-alpha/node_modules/miniflare/dist/src/workers/workflows/binding.worker.js:14493:15)
uncaught exception; source = Uncaught (in promise); stack = Error: instance.not_found
    at WorkflowBinding.get (file:///Users/marcus/Developer/card-keepr/node_modules/.pnpm/miniflare@5.20260908.0-alpha/node_modules/miniflare/dist/src/workers/workflows/binding.worker.js:15150:13)
uncaught exception; exception = workerd/io/io-context.c++:1642: failed: jsg.Error: The Workers runtime canceled this request because it detected that your Worker's code had hung and would never generate a response. Refer to: https://developers.cloudflare.com/workers/observability/errors/
stack: 101d6537f
uncaught exception; source = Uncaught (in promise); stack = Error: Engine was never started
    at Engine.getStatus (file:///Users/marcus/Developer/card-keepr/node_modules/.pnpm/miniflare@5.20260908.0-alpha/node_modules/miniflare/dist/src/workers/workflows/binding.worker.js:14493:15)
uncaught exception; source = Uncaught (in promise); stack = Error: Engine was never started
    at Engine.getStatus (file:///Users/marcus/Developer/card-keepr/node_modules/.pnpm/miniflare@5.20260908.0-alpha/node_modules/miniflare/dist/src/workers/workflows/binding.worker.js:14493:15)
uncaught exception; source = Uncaught (in promise); stack = Error: instance.not_found
    at WorkflowBinding.get (file:///Users/marcus/Developer/card-keepr/node_modules/.pnpm/miniflare@5.20260908.0-alpha/node_modules/miniflare/dist/src/workers/workflows/binding.worker.js:15150:13)
uncaught exception; exception = workerd/io/io-context.c++:1642: failed: jsg.Error: The Workers runtime canceled this request because it detected that your Worker's code had hung and would never generate a response. Refer to: https://developers.cloudflare.com/workers/observability/errors/
stack: 101d6537f
uncaught exception; source = Uncaught (in promise); stack = Error: Engine was never started
    at Engine.getStatus (file:///Users/marcus/Developer/card-keepr/node_modules/.pnpm/miniflare@5.20260908.0-alpha/node_modules/miniflare/dist/src/workers/workflows/binding.worker.js:14493:15)
uncaught exception; source = Uncaught (in promise); stack = Error: Engine was never started
    at Engine.getStatus (file:///Users/marcus/Developer/card-keepr/node_modules/.pnpm/miniflare@5.20260908.0-alpha/node_modules/miniflare/dist/src/workers/workflows/binding.worker.js:14493:15)
uncaught exception; source = Uncaught (in promise); stack = Error: instance.not_found
    at WorkflowBinding.get (file:///Users/marcus/Developer/card-keepr/node_modules/.pnpm/miniflare@5.20260908.0-alpha/node_modules/miniflare/dist/src/workers/workflows/binding.worker.js:15150:13)
uncaught exception; exception = workerd/io/io-context.c++:1642: failed: jsg.Error: The Workers runtime canceled this request because it detected that your Worker's code had hung and would never generate a response. Refer to: https://developers.cloudflare.com/workers/observability/errors/
stack: 101d6537f
uncaught exception; source = Uncaught (in promise); stack = Error: Engine was never started
    at Engine.getStatus (file:///Users/marcus/Developer/card-keepr/node_modules/.pnpm/miniflare@5.20260908.0-alpha/node_modules/miniflare/dist/src/workers/workflows/binding.worker.js:14493:15)
uncaught exception; source = Uncaught (in promise); stack = Error: Engine was never started
    at Engine.getStatus (file:///Users/marcus/Developer/card-keepr/node_modules/.pnpm/miniflare@5.20260908.0-alpha/node_modules/miniflare/dist/src/workers/workflows/binding.worker.js:14493:15)
uncaught exception; source = Uncaught (in promise); stack = Error: instance.not_found
    at WorkflowBinding.get (file:///Users/marcus/Developer/card-keepr/node_modules/.pnpm/miniflare@5.20260908.0-alpha/node_modules/miniflare/dist/src/workers/workflows/binding.worker.js:15150:13)
uncaught exception; exception = workerd/io/io-context.c++:1642: failed: jsg.Error: The Workers runtime canceled this request because it detected that your Worker's code had hung and would never generate a response. Refer to: https://developers.cloudflare.com/workers/observability/errors/
stack: 1032c937f
uncaught exception; source = Uncaught (in promise); stack = Error: Engine was never started
    at Engine.getStatus (file:///Users/marcus/Developer/card-keepr/node_modules/.pnpm/miniflare@5.20260908.0-alpha/node_modules/miniflare/dist/src/workers/workflows/binding.worker.js:14493:15)
uncaught exception; source = Uncaught (in promise); stack = Error: Engine was never started
    at Engine.getStatus (file:///Users/marcus/Developer/card-keepr/node_modules/.pnpm/miniflare@5.20260908.0-alpha/node_modules/miniflare/dist/src/workers/workflows/binding.worker.js:14493:15)
uncaught exception; source = Uncaught (in promise); stack = Error: instance.not_found
    at WorkflowBinding.get (file:///Users/marcus/Developer/card-keepr/node_modules/.pnpm/miniflare@5.20260908.0-alpha/node_modules/miniflare/dist/src/workers/workflows/binding.worker.js:15150:13)
uncaught exception; exception = workerd/io/io-context.c++:1642: failed: jsg.Error: The Workers runtime canceled this request because it detected that your Worker's code had hung and would never generate a response. Refer to: https://developers.cloudflare.com/workers/observability/errors/
stack: 1032c937f
uncaught exception; source = Uncaught (in promise); stack = Error: Engine was never started
    at Engine.getStatus (file:///Users/marcus/Developer/card-keepr/node_modules/.pnpm/miniflare@5.20260908.0-alpha/node_modules/miniflare/dist/src/workers/workflows/binding.worker.js:14493:15)
uncaught exception; source = Uncaught (in promise); stack = Error: Engine was never started
    at Engine.getStatus (file:///Users/marcus/Developer/card-keepr/node_modules/.pnpm/miniflare@5.20260908.0-alpha/node_modules/miniflare/dist/src/workers/workflows/binding.worker.js:14493:15)
uncaught exception; source = Uncaught (in promise); stack = Error: instance.not_found
    at WorkflowBinding.get (file:///Users/marcus/Developer/card-keepr/node_modules/.pnpm/miniflare@5.20260908.0-alpha/node_modules/miniflare/dist/src/workers/workflows/binding.worker.js:15150:13)
uncaught exception; exception = workerd/io/io-context.c++:1642: failed: jsg.Error: The Workers runtime canceled this request because it detected that your Worker's code had hung and would never generate a response. Refer to: https://developers.cloudflare.com/workers/observability/errors/
stack: 1032c937f
uncaught exception; source = Uncaught (in promise); stack = Error: Engine was never started
    at Engine.getStatus (file:///Users/marcus/Developer/card-keepr/node_modules/.pnpm/miniflare@5.20260908.0-alpha/node_modules/miniflare/dist/src/workers/workflows/binding.worker.js:14493:15)
uncaught exception; source = Uncaught (in promise); stack = Error: Engine was never started
    at Engine.getStatus (file:///Users/marcus/Developer/card-keepr/node_modules/.pnpm/miniflare@5.20260908.0-alpha/node_modules/miniflare/dist/src/workers/workflows/binding.worker.js:14493:15)
uncaught exception; source = Uncaught (in promise); stack = Error: instance.not_found
    at WorkflowBinding.get (file:///Users/marcus/Developer/card-keepr/node_modules/.pnpm/miniflare@5.20260908.0-alpha/node_modules/miniflare/dist/src/workers/workflows/binding.worker.js:15150:13)
uncaught exception; source = Uncaught (in promise); stack = Error: Engine was never started
    at Engine.getStatus (file:///Users/marcus/Developer/card-keepr/node_modules/.pnpm/miniflare@5.20260908.0-alpha/node_modules/miniflare/dist/src/workers/workflows/binding.worker.js:14493:15)
uncaught exception; source = Uncaught (in promise); stack = Error: Engine was never started
    at Engine.getStatus (file:///Users/marcus/Developer/card-keepr/node_modules/.pnpm/miniflare@5.20260908.0-alpha/node_modules/miniflare/dist/src/workers/workflows/binding.worker.js:14493:15)
uncaught exception; source = Uncaught (in promise); stack = Error: instance.not_found
    at WorkflowBinding.get (file:///Users/marcus/Developer/card-keepr/node_modules/.pnpm/miniflare@5.20260908.0-alpha/node_modules/miniflare/dist/src/workers/workflows/binding.worker.js:15150:13)
uncaught exception; exception = workerd/io/io-context.c++:1642: failed: jsg.Error: The Workers runtime canceled this request because it detected that your Worker's code had hung and would never generate a response. Refer to: https://developers.cloudflare.com/workers/observability/errors/
stack: 1032c937f
uncaught exception; source = Uncaught (in promise); stack = Error: Engine was never started
    at Engine.getStatus (file:///Users/marcus/Developer/card-keepr/node_modules/.pnpm/miniflare@5.20260908.0-alpha/node_modules/miniflare/dist/src/workers/workflows/binding.worker.js:14493:15)
uncaught exception; source = Uncaught (in promise); stack = Error: Engine was never started
    at Engine.getStatus (file:///Users/marcus/Developer/card-keepr/node_modules/.pnpm/miniflare@5.20260908.0-alpha/node_modules/miniflare/dist/src/workers/workflows/binding.worker.js:14493:15)
uncaught exception; source = Uncaught (in promise); stack = Error: instance.not_found
    at WorkflowBinding.get (file:///Users/marcus/Developer/card-keepr/node_modules/.pnpm/miniflare@5.20260908.0-alpha/node_modules/miniflare/dist/src/workers/workflows/binding.worker.js:15150:13)
exception = workerd/api/streams/internal.c++:2972: disconnected: pump canceled
stack: 1052d5550 1024f5208
uncaught exception; source = Uncaught (in promise); stack = Error: Network connection lost.
uncaught exception; exception = workerd/jsg/_virtual_includes/iterator/workerd/jsg/value.h:1477: disconnected: jsg.Error: Network connection lost.
uncaught exception; exception = workerd/io/io-context.c++:1642: failed: jsg.Error: The Workers runtime canceled this request because it detected that your Worker's code had hung and would never generate a response. Refer to: https://developers.cloudflare.com/workers/observability/errors/
stack: 1032c937f
uncaught exception; source = Uncaught (in promise); stack = Error: Engine was never started
    at Engine.getStatus (file:///Users/marcus/Developer/card-keepr/node_modules/.pnpm/miniflare@5.20260908.0-alpha/node_modules/miniflare/dist/src/workers/workflows/binding.worker.js:14493:15)
uncaught exception; source = Uncaught (in promise); stack = Error: Engine was never started
    at Engine.getStatus (file:///Users/marcus/Developer/card-keepr/node_modules/.pnpm/miniflare@5.20260908.0-alpha/node_modules/miniflare/dist/src/workers/workflows/binding.worker.js:14493:15)
uncaught exception; source = Uncaught (in promise); stack = Error: instance.not_found
    at WorkflowBinding.get (file:///Users/marcus/Developer/card-keepr/node_modules/.pnpm/miniflare@5.20260908.0-alpha/node_modules/miniflare/dist/src/workers/workflows/binding.worker.js:15150:13)
uncaught exception; exception = workerd/io/io-context.c++:1642: failed: jsg.Error: The Workers runtime canceled this request because it detected that your Worker's code had hung and would never generate a response. Refer to: https://developers.cloudflare.com/workers/observability/errors/
stack: 1032c937f
uncaught exception; source = Uncaught (in promise); stack = Error: Engine was never started
    at Engine.getStatus (file:///Users/marcus/Developer/card-keepr/node_modules/.pnpm/miniflare@5.20260908.0-alpha/node_modules/miniflare/dist/src/workers/workflows/binding.worker.js:14493:15)
uncaught exception; source = Uncaught (in promise); stack = Error: Engine was never started
    at Engine.getStatus (file:///Users/marcus/Developer/card-keepr/node_modules/.pnpm/miniflare@5.20260908.0-alpha/node_modules/miniflare/dist/src/workers/workflows/binding.worker.js:14493:15)
uncaught exception; source = Uncaught (in promise); stack = Error: instance.not_found
    at WorkflowBinding.get (file:///Users/marcus/Developer/card-keepr/node_modules/.pnpm/miniflare@5.20260908.0-alpha/node_modules/miniflare/dist/src/workers/workflows/binding.worker.js:15150:13)
uncaught exception; exception = workerd/io/io-context.c++:1642: failed: jsg.Error: The Workers runtime canceled this request because it detected that your Worker's code had hung and would never generate a response. Refer to: https://developers.cloudflare.com/workers/observability/errors/
stack: 1032c937f
uncaught exception; source = Uncaught (in promise); stack = Error: Engine was never started
    at Engine.getStatus (file:///Users/marcus/Developer/card-keepr/node_modules/.pnpm/miniflare@5.20260908.0-alpha/node_modules/miniflare/dist/src/workers/workflows/binding.worker.js:14493:15)
uncaught exception; source = Uncaught (in promise); stack = Error: Engine was never started
    at Engine.getStatus (file:///Users/marcus/Developer/card-keepr/node_modules/.pnpm/miniflare@5.20260908.0-alpha/node_modules/miniflare/dist/src/workers/workflows/binding.worker.js:14493:15)
uncaught exception; source = Uncaught (in promise); stack = Error: instance.not_found
    at WorkflowBinding.get (file:///Users/marcus/Developer/card-keepr/node_modules/.pnpm/miniflare@5.20260908.0-alpha/node_modules/miniflare/dist/src/workers/workflows/binding.worker.js:15150:13)
uncaught exception; exception = workerd/io/io-context.c++:1642: failed: jsg.Error: The Workers runtime canceled this request because it detected that your Worker's code had hung and would never generate a response. Refer to: https://developers.cloudflare.com/workers/observability/errors/
stack: 1032c937f
uncaught exception; source = Uncaught (in promise); stack = Error: Engine was never started
    at Engine.getStatus (file:///Users/marcus/Developer/card-keepr/node_modules/.pnpm/miniflare@5.20260908.0-alpha/node_modules/miniflare/dist/src/workers/workflows/binding.worker.js:14493:15)
uncaught exception; source = Uncaught (in promise); stack = Error: Engine was never started
    at Engine.getStatus (file:///Users/marcus/Developer/card-keepr/node_modules/.pnpm/miniflare@5.20260908.0-alpha/node_modules/miniflare/dist/src/workers/workflows/binding.worker.js:14493:15)
uncaught exception; source = Uncaught (in promise); stack = Error: instance.not_found
    at WorkflowBinding.get (file:///Users/marcus/Developer/card-keepr/node_modules/.pnpm/miniflare@5.20260908.0-alpha/node_modules/miniflare/dist/src/workers/workflows/binding.worker.js:15150:13)
uncaught exception; exception = workerd/io/io-context.c++:1642: failed: jsg.Error: The Workers runtime canceled this request because it detected that your Worker's code had hung and would never generate a response. Refer to: https://developers.cloudflare.com/workers/observability/errors/
stack: 1032c937f
uncaught exception; source = Uncaught (in promise); stack = Error: Engine was never started
    at Engine.getStatus (file:///Users/marcus/Developer/card-keepr/node_modules/.pnpm/miniflare@5.20260908.0-alpha/node_modules/miniflare/dist/src/workers/workflows/binding.worker.js:14493:15)
uncaught exception; source = Uncaught (in promise); stack = Error: Engine was never started
    at Engine.getStatus (file:///Users/marcus/Developer/card-keepr/node_modules/.pnpm/miniflare@5.20260908.0-alpha/node_modules/miniflare/dist/src/workers/workflows/binding.worker.js:14493:15)
uncaught exception; source = Uncaught (in promise); stack = Error: instance.not_found
    at WorkflowBinding.get (file:///Users/marcus/Developer/card-keepr/node_modules/.pnpm/miniflare@5.20260908.0-alpha/node_modules/miniflare/dist/src/workers/workflows/binding.worker.js:15150:13)
uncaught exception; exception = workerd/io/io-context.c++:1642: failed: jsg.Error: The Workers runtime canceled this request because it detected that your Worker's code had hung and would never generate a response. Refer to: https://developers.cloudflare.com/workers/observability/errors/
stack: 1032c937f
uncaught exception; source = Uncaught (in promise); stack = Error: Engine was never started
    at Engine.getStatus (file:///Users/marcus/Developer/card-keepr/node_modules/.pnpm/miniflare@5.20260908.0-alpha/node_modules/miniflare/dist/src/workers/workflows/binding.worker.js:14493:15)
uncaught exception; source = Uncaught (in promise); stack = Error: Engine was never started
    at Engine.getStatus (file:///Users/marcus/Developer/card-keepr/node_modules/.pnpm/miniflare@5.20260908.0-alpha/node_modules/miniflare/dist/src/workers/workflows/binding.worker.js:14493:15)
uncaught exception; source = Uncaught (in promise); stack = Error: instance.not_found
    at WorkflowBinding.get (file:///Users/marcus/Developer/card-keepr/node_modules/.pnpm/miniflare@5.20260908.0-alpha/node_modules/miniflare/dist/src/workers/workflows/binding.worker.js:15150:13)
uncaught exception; exception = workerd/io/io-context.c++:1642: failed: jsg.Error: The Workers runtime canceled this request because it detected that your Worker's code had hung and would never generate a response. Refer to: https://developers.cloudflare.com/workers/observability/errors/
stack: 1032c937f
uncaught exception; source = Uncaught (in promise); stack = Error: Engine was never started
    at Engine.getStatus (file:///Users/marcus/Developer/card-keepr/node_modules/.pnpm/miniflare@5.20260908.0-alpha/node_modules/miniflare/dist/src/workers/workflows/binding.worker.js:14493:15)
uncaught exception; source = Uncaught (in promise); stack = Error: Engine was never started
    at Engine.getStatus (file:///Users/marcus/Developer/card-keepr/node_modules/.pnpm/miniflare@5.20260908.0-alpha/node_modules/miniflare/dist/src/workers/workflows/binding.worker.js:14493:15)
uncaught exception; source = Uncaught (in promise); stack = Error: instance.not_found
    at WorkflowBinding.get (file:///Users/marcus/Developer/card-keepr/node_modules/.pnpm/miniflare@5.20260908.0-alpha/node_modules/miniflare/dist/src/workers/workflows/binding.worker.js:15150:13)
uncaught exception; exception = workerd/io/io-context.c++:1642: failed: jsg.Error: The Workers runtime canceled this request because it detected that your Worker's code had hung and would never generate a response. Refer to: https://developers.cloudflare.com/workers/observability/errors/
stack: 1032c937f
uncaught exception; source = Uncaught (in promise); stack = Error: Engine was never started
    at Engine.getStatus (file:///Users/marcus/Developer/card-keepr/node_modules/.pnpm/miniflare@5.20260908.0-alpha/node_modules/miniflare/dist/src/workers/workflows/binding.worker.js:14493:15)
uncaught exception; source = Uncaught (in promise); stack = Error: Engine was never started
    at Engine.getStatus (file:///Users/marcus/Developer/card-keepr/node_modules/.pnpm/miniflare@5.20260908.0-alpha/node_modules/miniflare/dist/src/workers/workflows/binding.worker.js:14493:15)
uncaught exception; source = Uncaught (in promise); stack = Error: instance.not_found
    at WorkflowBinding.get (file:///Users/marcus/Developer/card-keepr/node_modules/.pnpm/miniflare@5.20260908.0-alpha/node_modules/miniflare/dist/src/workers/workflows/binding.worker.js:15150:13)
uncaught exception; exception = workerd/io/io-context.c++:1642: failed: jsg.Error: The Workers runtime canceled this request because it detected that your Worker's code had hung and would never generate a response. Refer to: https://developers.cloudflare.com/workers/observability/errors/
stack: 1032c937f
uncaught exception; source = Uncaught (in promise); stack = Error: Engine was never started
    at Engine.getStatus (file:///Users/marcus/Developer/card-keepr/node_modules/.pnpm/miniflare@5.20260908.0-alpha/node_modules/miniflare/dist/src/workers/workflows/binding.worker.js:14493:15)
uncaught exception; source = Uncaught (in promise); stack = Error: Engine was never started
    at Engine.getStatus (file:///Users/marcus/Developer/card-keepr/node_modules/.pnpm/miniflare@5.20260908.0-alpha/node_modules/miniflare/dist/src/workers/workflows/binding.worker.js:14493:15)
uncaught exception; source = Uncaught (in promise); stack = Error: instance.not_found
    at WorkflowBinding.get (file:///Users/marcus/Developer/card-keepr/node_modules/.pnpm/miniflare@5.20260908.0-alpha/node_modules/miniflare/dist/src/workers/workflows/binding.worker.js:15150:13)
uncaught exception; exception = workerd/io/io-context.c++:1642: failed: jsg.Error: The Workers runtime canceled this request because it detected that your Worker's code had hung and would never generate a response. Refer to: https://developers.cloudflare.com/workers/observability/errors/
stack: 1032c937f
uncaught exception; source = Uncaught (in promise); stack = Error: Engine was never started
    at Engine.getStatus (file:///Users/marcus/Developer/card-keepr/node_modules/.pnpm/miniflare@5.20260908.0-alpha/node_modules/miniflare/dist/src/workers/workflows/binding.worker.js:14493:15)
uncaught exception; source = Uncaught (in promise); stack = Error: Engine was never started
    at Engine.getStatus (file:///Users/marcus/Developer/card-keepr/node_modules/.pnpm/miniflare@5.20260908.0-alpha/node_modules/miniflare/dist/src/workers/workflows/binding.worker.js:14493:15)
uncaught exception; source = Uncaught (in promise); stack = Error: instance.not_found
    at WorkflowBinding.get (file:///Users/marcus/Developer/card-keepr/node_modules/.pnpm/miniflare@5.20260908.0-alpha/node_modules/miniflare/dist/src/workers/workflows/binding.worker.js:15150:13)
uncaught exception; exception = workerd/api/actor-state.c++:1197: failed: broken.outputGateBroken; jsg.Error: Aborting engine: User called terminate
stack: 1032c937f
uncaught exception; exception = workerd/api/actor-state.c++:1197: failed: broken.outputGateBroken; jsg.Error: Aborting engine: User called terminate
stack: 1032c937f
uncaught exception; exception = workerd/api/actor-state.c++:1197: failed: broken.outputGateBroken; jsg.Error: Aborting engine: User called terminate
stack: 1032c937f
uncaught exception; source = Uncaught (in promise); stack = Error: Engine was never started
    at Engine.getStatus (file:///Users/marcus/Developer/card-keepr/node_modules/.pnpm/miniflare@5.20260908.0-alpha/node_modules/miniflare/dist/src/workers/workflows/binding.worker.js:14493:15)
uncaught exception; source = Uncaught (in promise); stack = Error: Engine was never started
    at Engine.getStatus (file:///Users/marcus/Developer/card-keepr/node_modules/.pnpm/miniflare@5.20260908.0-alpha/node_modules/miniflare/dist/src/workers/workflows/binding.worker.js:14493:15)
uncaught exception; source = Uncaught (in promise); stack = Error: instance.not_found
    at WorkflowBinding.get (file:///Users/marcus/Developer/card-keepr/node_modules/.pnpm/miniflare@5.20260908.0-alpha/node_modules/miniflare/dist/src/workers/workflows/binding.worker.js:15150:13)
uncaught exception; exception = workerd/io/io-context.c++:1642: failed: jsg.Error: The Workers runtime canceled this request because it detected that your Worker's code had hung and would never generate a response. Refer to: https://developers.cloudflare.com/workers/observability/errors/
stack: 1032c937f
uncaught exception; source = Uncaught (in promise); stack = Error: Engine was never started
    at Engine.getStatus (file:///Users/marcus/Developer/card-keepr/node_modules/.pnpm/miniflare@5.20260908.0-alpha/node_modules/miniflare/dist/src/workers/workflows/binding.worker.js:14493:15)
uncaught exception; source = Uncaught (in promise); stack = Error: Engine was never started
    at Engine.getStatus (file:///Users/marcus/Developer/card-keepr/node_modules/.pnpm/miniflare@5.20260908.0-alpha/node_modules/miniflare/dist/src/workers/workflows/binding.worker.js:14493:15)
uncaught exception; source = Uncaught (in promise); stack = Error: instance.not_found
    at WorkflowBinding.get (file:///Users/marcus/Developer/card-keepr/node_modules/.pnpm/miniflare@5.20260908.0-alpha/node_modules/miniflare/dist/src/workers/workflows/binding.worker.js:15150:13)
uncaught exception; exception = workerd/io/io-context.c++:1642: failed: jsg.Error: The Workers runtime canceled this request because it detected that your Worker's code had hung and would never generate a response. Refer to: https://developers.cloudflare.com/workers/observability/errors/
stack: 1032c937f
uncaught exception; source = Uncaught (in promise); stack = Error: Engine was never started
    at Engine.getStatus (file:///Users/marcus/Developer/card-keepr/node_modules/.pnpm/miniflare@5.20260908.0-alpha/node_modules/miniflare/dist/src/workers/workflows/binding.worker.js:14493:15)
uncaught exception; source = Uncaught (in promise); stack = Error: Engine was never started
    at Engine.getStatus (file:///Users/marcus/Developer/card-keepr/node_modules/.pnpm/miniflare@5.20260908.0-alpha/node_modules/miniflare/dist/src/workers/workflows/binding.worker.js:14493:15)
uncaught exception; source = Uncaught (in promise); stack = Error: instance.not_found
    at WorkflowBinding.get (file:///Users/marcus/Developer/card-keepr/node_modules/.pnpm/miniflare@5.20260908.0-alpha/node_modules/miniflare/dist/src/workers/workflows/binding.worker.js:15150:13)
uncaught exception; exception = workerd/io/io-context.c++:1642: failed: jsg.Error: The Workers runtime canceled this request because it detected that your Worker's code had hung and would never generate a response. Refer to: https://developers.cloudflare.com/workers/observability/errors/
stack: 1032c937f
uncaught exception; source = Uncaught (in promise); stack = Error: Engine was never started
    at Engine.getStatus (file:///Users/marcus/Developer/card-keepr/node_modules/.pnpm/miniflare@5.20260908.0-alpha/node_modules/miniflare/dist/src/workers/workflows/binding.worker.js:14493:15)
uncaught exception; source = Uncaught (in promise); stack = Error: Engine was never started
    at Engine.getStatus (file:///Users/marcus/Developer/card-keepr/node_modules/.pnpm/miniflare@5.20260908.0-alpha/node_modules/miniflare/dist/src/workers/workflows/binding.worker.js:14493:15)
uncaught exception; source = Uncaught (in promise); stack = Error: instance.not_found
    at WorkflowBinding.get (file:///Users/marcus/Developer/card-keepr/node_modules/.pnpm/miniflare@5.20260908.0-alpha/node_modules/miniflare/dist/src/workers/workflows/binding.worker.js:15150:13)
uncaught exception; exception = workerd/io/io-context.c++:1642: failed: jsg.Error: The Workers runtime canceled this request because it detected that your Worker's code had hung and would never generate a response. Refer to: https://developers.cloudflare.com/workers/observability/errors/
stack: 1032c937f
uncaught exception; source = Uncaught (in promise); stack = Error: Engine was never started
    at Engine.getStatus (file:///Users/marcus/Developer/card-keepr/node_modules/.pnpm/miniflare@5.20260908.0-alpha/node_modules/miniflare/dist/src/workers/workflows/binding.worker.js:14493:15)
uncaught exception; source = Uncaught (in promise); stack = Error: Engine was never started
    at Engine.getStatus (file:///Users/marcus/Developer/card-keepr/node_modules/.pnpm/miniflare@5.20260908.0-alpha/node_modules/miniflare/dist/src/workers/workflows/binding.worker.js:14493:15)
uncaught exception; source = Uncaught (in promise); stack = Error: instance.not_found
    at WorkflowBinding.get (file:///Users/marcus/Developer/card-keepr/node_modules/.pnpm/miniflare@5.20260908.0-alpha/node_modules/miniflare/dist/src/workers/workflows/binding.worker.js:15150:13)
uncaught exception; exception = workerd/io/io-context.c++:1642: failed: jsg.Error: The Workers runtime canceled this request because it detected that your Worker's code had hung and would never generate a response. Refer to: https://developers.cloudflare.com/workers/observability/errors/
stack: 1032c937f
uncaught exception; source = Uncaught (in promise); stack = Error: Engine was never started
    at Engine.getStatus (file:///Users/marcus/Developer/card-keepr/node_modules/.pnpm/miniflare@5.20260908.0-alpha/node_modules/miniflare/dist/src/workers/workflows/binding.worker.js:14493:15)
uncaught exception; source = Uncaught (in promise); stack = Error: Engine was never started
    at Engine.getStatus (file:///Users/marcus/Developer/card-keepr/node_modules/.pnpm/miniflare@5.20260908.0-alpha/node_modules/miniflare/dist/src/workers/workflows/binding.worker.js:14493:15)
uncaught exception; source = Uncaught (in promise); stack = Error: instance.not_found
    at WorkflowBinding.get (file:///Users/marcus/Developer/card-keepr/node_modules/.pnpm/miniflare@5.20260908.0-alpha/node_modules/miniflare/dist/src/workers/workflows/binding.worker.js:15150:13)
uncaught exception; source = Uncaught (in promise); stack = Error: Engine was never started
    at Engine.getStatus (file:///Users/marcus/Developer/card-keepr/node_modules/.pnpm/miniflare@5.20260908.0-alpha/node_modules/miniflare/dist/src/workers/workflows/binding.worker.js:14493:15)
uncaught exception; source = Uncaught (in promise); stack = Error: Engine was never started
    at Engine.getStatus (file:///Users/marcus/Developer/card-keepr/node_modules/.pnpm/miniflare@5.20260908.0-alpha/node_modules/miniflare/dist/src/workers/workflows/binding.worker.js:14493:15)
uncaught exception; source = Uncaught (in promise); stack = Error: instance.not_found
    at WorkflowBinding.get (file:///Users/marcus/Developer/card-keepr/node_modules/.pnpm/miniflare@5.20260908.0-alpha/node_modules/miniflare/dist/src/workers/workflows/binding.worker.js:15150:13)
uncaught exception; exception = workerd/io/io-context.c++:1642: failed: jsg.Error: The Workers runtime canceled this request because it detected that your Worker's code had hung and would never generate a response. Refer to: https://developers.cloudflare.com/workers/observability/errors/
stack: 1032c937f
uncaught exception; source = Uncaught (in promise); stack = Error: Engine was never started
    at Engine.getStatus (file:///Users/marcus/Developer/card-keepr/node_modules/.pnpm/miniflare@5.20260908.0-alpha/node_modules/miniflare/dist/src/workers/workflows/binding.worker.js:14493:15)
uncaught exception; source = Uncaught (in promise); stack = Error: Engine was never started
    at Engine.getStatus (file:///Users/marcus/Developer/card-keepr/node_modules/.pnpm/miniflare@5.20260908.0-alpha/node_modules/miniflare/dist/src/workers/workflows/binding.worker.js:14493:15)
uncaught exception; source = Uncaught (in promise); stack = Error: instance.not_found
    at WorkflowBinding.get (file:///Users/marcus/Developer/card-keepr/node_modules/.pnpm/miniflare@5.20260908.0-alpha/node_modules/miniflare/dist/src/workers/workflows/binding.worker.js:15150:13)
uncaught exception; exception = workerd/io/io-context.c++:1642: failed: jsg.Error: The Workers runtime canceled this request because it detected that your Worker's code had hung and would never generate a response. Refer to: https://developers.cloudflare.com/workers/observability/errors/
stack: 1032c937f
uncaught exception; source = Uncaught (in promise); stack = Error: Engine was never started
    at Engine.getStatus (file:///Users/marcus/Developer/card-keepr/node_modules/.pnpm/miniflare@5.20260908.0-alpha/node_modules/miniflare/dist/src/workers/workflows/binding.worker.js:14493:15)
uncaught exception; source = Uncaught (in promise); stack = Error: Engine was never started
    at Engine.getStatus (file:///Users/marcus/Developer/card-keepr/node_modules/.pnpm/miniflare@5.20260908.0-alpha/node_modules/miniflare/dist/src/workers/workflows/binding.worker.js:14493:15)
uncaught exception; source = Uncaught (in promise); stack = Error: instance.not_found
    at WorkflowBinding.get (file:///Users/marcus/Developer/card-keepr/node_modules/.pnpm/miniflare@5.20260908.0-alpha/node_modules/miniflare/dist/src/workers/workflows/binding.worker.js:15150:13)
uncaught exception; exception = workerd/io/io-context.c++:1642: failed: jsg.Error: The Workers runtime canceled this request because it detected that your Worker's code had hung and would never generate a response. Refer to: https://developers.cloudflare.com/workers/observability/errors/
stack: 1032c937f
uncaught exception; source = Uncaught (in promise); stack = Error: Engine was never started
    at Engine.getStatus (file:///Users/marcus/Developer/card-keepr/node_modules/.pnpm/miniflare@5.20260908.0-alpha/node_modules/miniflare/dist/src/workers/workflows/binding.worker.js:14493:15)
uncaught exception; source = Uncaught (in promise); stack = Error: Engine was never started
    at Engine.getStatus (file:///Users/marcus/Developer/card-keepr/node_modules/.pnpm/miniflare@5.20260908.0-alpha/node_modules/miniflare/dist/src/workers/workflows/binding.worker.js:14493:15)
uncaught exception; source = Uncaught (in promise); stack = Error: instance.not_found
    at WorkflowBinding.get (file:///Users/marcus/Developer/card-keepr/node_modules/.pnpm/miniflare@5.20260908.0-alpha/node_modules/miniflare/dist/src/workers/workflows/binding.worker.js:15150:13)
uncaught exception; exception = workerd/io/io-context.c++:1642: failed: jsg.Error: The Workers runtime canceled this request because it detected that your Worker's code had hung and would never generate a response. Refer to: https://developers.cloudflare.com/workers/observability/errors/
stack: 1032c937f
uncaught exception; source = Uncaught (in promise); stack = Error: Engine was never started
    at Engine.getStatus (file:///Users/marcus/Developer/card-keepr/node_modules/.pnpm/miniflare@5.20260908.0-alpha/node_modules/miniflare/dist/src/workers/workflows/binding.worker.js:14493:15)
uncaught exception; source = Uncaught (in promise); stack = Error: Engine was never started
    at Engine.getStatus (file:///Users/marcus/Developer/card-keepr/node_modules/.pnpm/miniflare@5.20260908.0-alpha/node_modules/miniflare/dist/src/workers/workflows/binding.worker.js:14493:15)
uncaught exception; source = Uncaught (in promise); stack = Error: instance.not_found
    at WorkflowBinding.get (file:///Users/marcus/Developer/card-keepr/node_modules/.pnpm/miniflare@5.20260908.0-alpha/node_modules/miniflare/dist/src/workers/workflows/binding.worker.js:15150:13)
uncaught exception; exception = workerd/io/io-context.c++:1642: failed: jsg.Error: The Workers runtime canceled this request because it detected that your Worker's code had hung and would never generate a response. Refer to: https://developers.cloudflare.com/workers/observability/errors/
stack: 1032c937f
uncaught exception; source = Uncaught (in promise); stack = Error: Engine was never started
    at Engine.getStatus (file:///Users/marcus/Developer/card-keepr/node_modules/.pnpm/miniflare@5.20260908.0-alpha/node_modules/miniflare/dist/src/workers/workflows/binding.worker.js:14493:15)
uncaught exception; source = Uncaught (in promise); stack = Error: Engine was never started
    at Engine.getStatus (file:///Users/marcus/Developer/card-keepr/node_modules/.pnpm/miniflare@5.20260908.0-alpha/node_modules/miniflare/dist/src/workers/workflows/binding.worker.js:14493:15)
uncaught exception; source = Uncaught (in promise); stack = Error: instance.not_found
    at WorkflowBinding.get (file:///Users/marcus/Developer/card-keepr/node_modules/.pnpm/miniflare@5.20260908.0-alpha/node_modules/miniflare/dist/src/workers/workflows/binding.worker.js:15150:13)
uncaught exception; exception = workerd/io/io-context.c++:1642: failed: jsg.Error: The Workers runtime canceled this request because it detected that your Worker's code had hung and would never generate a response. Refer to: https://developers.cloudflare.com/workers/observability/errors/
stack: 1032c937f
uncaught exception; source = Uncaught (in promise); stack = Error: Engine was never started
    at Engine.getStatus (file:///Users/marcus/Developer/card-keepr/node_modules/.pnpm/miniflare@5.20260908.0-alpha/node_modules/miniflare/dist/src/workers/workflows/binding.worker.js:14493:15)
uncaught exception; source = Uncaught (in promise); stack = Error: Engine was never started
    at Engine.getStatus (file:///Users/marcus/Developer/card-keepr/node_modules/.pnpm/miniflare@5.20260908.0-alpha/node_modules/miniflare/dist/src/workers/workflows/binding.worker.js:14493:15)
uncaught exception; source = Uncaught (in promise); stack = Error: instance.not_found
    at WorkflowBinding.get (file:///Users/marcus/Developer/card-keepr/node_modules/.pnpm/miniflare@5.20260908.0-alpha/node_modules/miniflare/dist/src/workers/workflows/binding.worker.js:15150:13)
uncaught exception; source = Uncaught (in promise); stack = Error: Engine was never started
    at Engine.getStatus (file:///Users/marcus/Developer/card-keepr/node_modules/.pnpm/miniflare@5.20260908.0-alpha/node_modules/miniflare/dist/src/workers/workflows/binding.worker.js:14493:15)
uncaught exception; source = Uncaught (in promise); stack = Error: Engine was never started
    at Engine.getStatus (file:///Users/marcus/Developer/card-keepr/node_modules/.pnpm/miniflare@5.20260908.0-alpha/node_modules/miniflare/dist/src/workers/workflows/binding.worker.js:14493:15)
uncaught exception; source = Uncaught (in promise); stack = Error: instance.not_found
    at WorkflowBinding.get (file:///Users/marcus/Developer/card-keepr/node_modules/.pnpm/miniflare@5.20260908.0-alpha/node_modules/miniflare/dist/src/workers/workflows/binding.worker.js:15150:13)
uncaught exception; exception = workerd/io/io-context.c++:1642: failed: jsg.Error: The Workers runtime canceled this request because it detected that your Worker's code had hung and would never generate a response. Refer to: https://developers.cloudflare.com/workers/observability/errors/
stack: 1032c937f
uncaught exception; source = Uncaught (in promise); stack = Error: Engine was never started
    at Engine.getStatus (file:///Users/marcus/Developer/card-keepr/node_modules/.pnpm/miniflare@5.20260908.0-alpha/node_modules/miniflare/dist/src/workers/workflows/binding.worker.js:14493:15)
uncaught exception; source = Uncaught (in promise); stack = Error: Engine was never started
    at Engine.getStatus (file:///Users/marcus/Developer/card-keepr/node_modules/.pnpm/miniflare@5.20260908.0-alpha/node_modules/miniflare/dist/src/workers/workflows/binding.worker.js:14493:15)
uncaught exception; source = Uncaught (in promise); stack = Error: instance.not_found
    at WorkflowBinding.get (file:///Users/marcus/Developer/card-keepr/node_modules/.pnpm/miniflare@5.20260908.0-alpha/node_modules/miniflare/dist/src/workers/workflows/binding.worker.js:15150:13)
uncaught exception; exception = workerd/io/io-context.c++:1642: failed: jsg.Error: The Workers runtime canceled this request because it detected that your Worker's code had hung and would never generate a response. Refer to: https://developers.cloudflare.com/workers/observability/errors/
stack: 1032c937f
uncaught exception; source = Uncaught (in promise); stack = Error: Engine was never started
    at Engine.getStatus (file:///Users/marcus/Developer/card-keepr/node_modules/.pnpm/miniflare@5.20260908.0-alpha/node_modules/miniflare/dist/src/workers/workflows/binding.worker.js:14493:15)
uncaught exception; source = Uncaught (in promise); stack = Error: Engine was never started
    at Engine.getStatus (file:///Users/marcus/Developer/card-keepr/node_modules/.pnpm/miniflare@5.20260908.0-alpha/node_modules/miniflare/dist/src/workers/workflows/binding.worker.js:14493:15)
uncaught exception; source = Uncaught (in promise); stack = Error: instance.not_found
    at WorkflowBinding.get (file:///Users/marcus/Developer/card-keepr/node_modules/.pnpm/miniflare@5.20260908.0-alpha/node_modules/miniflare/dist/src/workers/workflows/binding.worker.js:15150:13)
uncaught exception; exception = workerd/io/io-context.c++:1642: failed: jsg.Error: The Workers runtime canceled this request because it detected that your Worker's code had hung and would never generate a response. Refer to: https://developers.cloudflare.com/workers/observability/errors/
stack: 1032c937f
uncaught exception; source = Uncaught (in promise); stack = Error: Engine was never started
    at Engine.getStatus (file:///Users/marcus/Developer/card-keepr/node_modules/.pnpm/miniflare@5.20260908.0-alpha/node_modules/miniflare/dist/src/workers/workflows/binding.worker.js:14493:15)
uncaught exception; source = Uncaught (in promise); stack = Error: Engine was never started
    at Engine.getStatus (file:///Users/marcus/Developer/card-keepr/node_modules/.pnpm/miniflare@5.20260908.0-alpha/node_modules/miniflare/dist/src/workers/workflows/binding.worker.js:14493:15)
uncaught exception; source = Uncaught (in promise); stack = Error: instance.not_found
    at WorkflowBinding.get (file:///Users/marcus/Developer/card-keepr/node_modules/.pnpm/miniflare@5.20260908.0-alpha/node_modules/miniflare/dist/src/workers/workflows/binding.worker.js:15150:13)
uncaught exception; exception = workerd/io/io-context.c++:1642: failed: jsg.Error: The Workers runtime canceled this request because it detected that your Worker's code had hung and would never generate a response. Refer to: https://developers.cloudflare.com/workers/observability/errors/
stack: 1032c937f
uncaught exception; source = Uncaught (in promise); stack = Error: Engine was never started
    at Engine.getStatus (file:///Users/marcus/Developer/card-keepr/node_modules/.pnpm/miniflare@5.20260908.0-alpha/node_modules/miniflare/dist/src/workers/workflows/binding.worker.js:14493:15)
uncaught exception; source = Uncaught (in promise); stack = Error: Engine was never started
    at Engine.getStatus (file:///Users/marcus/Developer/card-keepr/node_modules/.pnpm/miniflare@5.20260908.0-alpha/node_modules/miniflare/dist/src/workers/workflows/binding.worker.js:14493:15)
uncaught exception; source = Uncaught (in promise); stack = Error: instance.not_found
    at WorkflowBinding.get (file:///Users/marcus/Developer/card-keepr/node_modules/.pnpm/miniflare@5.20260908.0-alpha/node_modules/miniflare/dist/src/workers/workflows/binding.worker.js:15150:13)
uncaught exception; exception = workerd/io/io-context.c++:1642: failed: jsg.Error: The Workers runtime canceled this request because it detected that your Worker's code had hung and would never generate a response. Refer to: https://developers.cloudflare.com/workers/observability/errors/
stack: 1032c937f
uncaught exception; source = Uncaught (in promise); stack = Error: Engine was never started
    at Engine.getStatus (file:///Users/marcus/Developer/card-keepr/node_modules/.pnpm/miniflare@5.20260908.0-alpha/node_modules/miniflare/dist/src/workers/workflows/binding.worker.js:14493:15)
uncaught exception; source = Uncaught (in promise); stack = Error: Engine was never started
    at Engine.getStatus (file:///Users/marcus/Developer/card-keepr/node_modules/.pnpm/miniflare@5.20260908.0-alpha/node_modules/miniflare/dist/src/workers/workflows/binding.worker.js:14493:15)
uncaught exception; source = Uncaught (in promise); stack = Error: instance.not_found
    at WorkflowBinding.get (file:///Users/marcus/Developer/card-keepr/node_modules/.pnpm/miniflare@5.20260908.0-alpha/node_modules/miniflare/dist/src/workers/workflows/binding.worker.js:15150:13)
uncaught exception; source = Uncaught (in promise); stack = Error: invalid Content-Length header value; cl = invalid
uncaught exception; source = Uncaught (in promise); stack = Error: invalid Content-Length header value; cl = invalid
uncaught exception; source = Uncaught (in promise); stack = Error: invalid Content-Length header value; cl = invalid
uncaught exception; source = Uncaught (in promise); stack = Error: invalid Content-Length header value; cl = invalid
uncaught exception; source = Uncaught (in promise); stack = Error: invalid Content-Length header value; cl = invalid
uncaught exception; source = Uncaught (in promise); stack = Error: invalid Content-Length header value; cl = invalid
uncaught exception; source = Uncaught (in promise); stack = Error: invalid Content-Length header value; cl = invalid
uncaught exception; source = Uncaught (in promise); stack = Error: invalid Content-Length header value; cl = invalid
uncaught exception; source = Uncaught (in promise); stack = Error: invalid Content-Length header value; cl = invalid
uncaught exception; source = Uncaught (in promise); stack = Error: invalid Content-Length header value; cl = invalid
uncaught exception; source = Uncaught (in promise); stack = Error: invalid Content-Length header value; cl = invalid
uncaught exception; source = Uncaught (in promise); stack = Error: invalid Content-Length header value; cl = invalid
uncaught exception; exception = workerd/io/io-context.c++:1642: failed: jsg.Error: The Workers runtime canceled this request because it detected that your Worker's code had hung and would never generate a response. Refer to: https://developers.cloudflare.com/workers/observability/errors/
stack: 1032c937f
uncaught exception; source = Uncaught; stack = AdapterParseFailure: An Official Erratum contains unsupported semantic content.
    at parseFailure (/Users/marcus/Developer/card-keepr/src/catalogue/adapters/one-piece-official-errata-html.ts:804:9)
    at unsupportedSemanticContent (/Users/marcus/Developer/card-keepr/src/catalogue/adapters/one-piece-official-errata-html.ts:800:10)
    at Object.element (/Users/marcus/Developer/card-keepr/src/catalogue/adapters/one-piece-official-errata-html.ts:478:14)
uncaught exception; source = Uncaught; stack = AdapterParseFailure: An Official Erratum contains unsupported semantic content.
    at parseFailure (/Users/marcus/Developer/card-keepr/src/catalogue/adapters/one-piece-official-errata-html.ts:804:9)
    at assertExactAttributes (/Users/marcus/Developer/card-keepr/src/catalogue/adapters/one-piece-official-errata-html.ts:795:12)
    at Object.element (/Users/marcus/Developer/card-keepr/src/catalogue/adapters/one-piece-official-errata-html.ts:471:9)
uncaught exception; source = Uncaught; stack = AdapterParseFailure: An Official Erratum contains unsupported semantic content.
    at parseFailure (/Users/marcus/Developer/card-keepr/src/catalogue/adapters/one-piece-official-errata-html.ts:804:9)
    at Object.element (/Users/marcus/Developer/card-keepr/src/catalogue/adapters/one-piece-official-errata-html.ts:453:14)
uncaught exception; source = Uncaught; stack = AdapterParseFailure: An Official Erratum contains unsupported semantic content.
    at parseFailure (/Users/marcus/Developer/card-keepr/src/catalogue/adapters/one-piece-official-errata-html.ts:804:9)
    at assertExactAttributes (/Users/marcus/Developer/card-keepr/src/catalogue/adapters/one-piece-official-errata-html.ts:795:12)
    at Object.element (/Users/marcus/Developer/card-keepr/src/catalogue/adapters/one-piece-official-errata-html.ts:512:9)
uncaught exception; source = Uncaught (in promise); stack = Error: Restored D1 verification failed.
    at verifyRestoredCatalogueQueries (/Users/marcus/Developer/card-keepr/src/catalogue/backup-recovery/backup-recovery.ts:961:11)
    at createVerifiedCatalogueBackup (/Users/marcus/Developer/card-keepr/src/catalogue/backup-recovery/backup-recovery.ts:704:36)
    at wrapped (/Users/marcus/Developer/card-keepr/src/http/operational-log.ts:176:20)
uncaught exception; source = Uncaught; stack = AdapterParseFailure: An Official Erratum contains unsupported semantic content.
    at parseFailure (/Users/marcus/Developer/card-keepr/src/catalogue/adapters/one-piece-official-errata-html.ts:804:9)
    at unsupportedSemanticContent (/Users/marcus/Developer/card-keepr/src/catalogue/adapters/one-piece-official-errata-html.ts:800:10)
    at Object.element (/Users/marcus/Developer/card-keepr/src/catalogue/adapters/one-piece-official-errata-html.ts:478:14)
uncaught exception; source = Uncaught; stack = AdapterParseFailure: An Official Erratum contains unsupported semantic content.
    at parseFailure (/Users/marcus/Developer/card-keepr/src/catalogue/adapters/one-piece-official-errata-html.ts:804:9)
    at unsupportedSemanticContent (/Users/marcus/Developer/card-keepr/src/catalogue/adapters/one-piece-official-errata-html.ts:800:10)
    at Object.element (/Users/marcus/Developer/card-keepr/src/catalogue/adapters/one-piece-official-errata-html.ts:478:14)
uncaught exception; source = Uncaught (in promise); stack = Error: Restored D1 verification failed.
    at verifyRestoredCatalogueQueries (/Users/marcus/Developer/card-keepr/src/catalogue/backup-recovery/backup-recovery.ts:961:11)
    at createVerifiedCatalogueBackup (/Users/marcus/Developer/card-keepr/src/catalogue/backup-recovery/backup-recovery.ts:704:36)
    at wrapped (/Users/marcus/Developer/card-keepr/src/http/operational-log.ts:176:20)
uncaught exception; source = Uncaught; stack = AdapterParseFailure: An Official Erratum contains unsupported semantic content.
    at parseFailure (/Users/marcus/Developer/card-keepr/src/catalogue/adapters/one-piece-official-errata-html.ts:804:9)
    at unsupportedSemanticContent (/Users/marcus/Developer/card-keepr/src/catalogue/adapters/one-piece-official-errata-html.ts:800:10)
    at Object.element (/Users/marcus/Developer/card-keepr/src/catalogue/adapters/one-piece-official-errata-html.ts:203:16)
uncaught exception; source = Uncaught; stack = AdapterParseFailure: An Official Erratum field must contain exactly one value container.
    at parseFailure (/Users/marcus/Developer/card-keepr/src/catalogue/adapters/one-piece-official-errata-html.ts:804:9)
    at Object.element (/Users/marcus/Developer/card-keepr/src/catalogue/adapters/one-piece-official-errata-html.ts:390:16)
uncaught exception; source = Uncaught (in promise); stack = Error: Restored D1 verification failed.
    at verifyRestoredCatalogueQueries (/Users/marcus/Developer/card-keepr/src/catalogue/backup-recovery/backup-recovery.ts:961:11)
    at createVerifiedCatalogueBackup (/Users/marcus/Developer/card-keepr/src/catalogue/backup-recovery/backup-recovery.ts:704:36)
    at wrapped (/Users/marcus/Developer/card-keepr/src/http/operational-log.ts:176:20)
uncaught exception; source = Uncaught (in promise); stack = Error: Restored D1 verification failed.
    at verifyRestoredCatalogueQueries (/Users/marcus/Developer/card-keepr/src/catalogue/backup-recovery/backup-recovery.ts:961:11)
    at createVerifiedCatalogueBackup (/Users/marcus/Developer/card-keepr/src/catalogue/backup-recovery/backup-recovery.ts:704:36)
    at wrapped (/Users/marcus/Developer/card-keepr/src/http/operational-log.ts:176:20)
uncaught exception; source = Uncaught (in promise); stack = Error: Restored D1 verification failed.
    at async doWrapper (file:///Users/marcus/Developer/card-keepr/node_modules/.pnpm/miniflare@5.20260908.0-alpha/node_modules/miniflare/dist/src/workers/workflows/binding.worker.js:13525:53)
    at async Context.do (file:///Users/marcus/Developer/card-keepr/node_modules/.pnpm/miniflare@5.20260908.0-alpha/node_modules/miniflare/dist/src/workers/workflows/binding.worker.js:13789:17)
uncaught exception; exception = workerd/io/io-context.c++:1642: failed: jsg.Error: The Workers runtime canceled this request because it detected that your Worker's code had hung and would never generate a response. Refer to: https://developers.cloudflare.com/workers/observability/errors/
stack: 105fd537f
uncaught exception; exception = workerd/io/io-context.c++:1642: failed: jsg.Error: The Workers runtime canceled this request because it detected that your Worker's code had hung and would never generate a response. Refer to: https://developers.cloudflare.com/workers/observability/errors/
stack: 105fd537f
uncaught exception; exception = workerd/io/io-context.c++:1642: failed: jsg.Error: The Workers runtime canceled this request because it detected that your Worker's code had hung and would never generate a response. Refer to: https://developers.cloudflare.com/workers/observability/errors/
stack: 105fd537f
uncaught exception; exception = workerd/io/io-context.c++:1642: failed: jsg.Error: The Workers runtime canceled this request because it detected that your Worker's code had hung and would never generate a response. Refer to: https://developers.cloudflare.com/workers/observability/errors/
stack: 105fd537f
uncaught exception; exception = workerd/io/io-context.c++:1642: failed: jsg.Error: The Workers runtime canceled this request because it detected that your Worker's code had hung and would never generate a response. Refer to: https://developers.cloudflare.com/workers/observability/errors/
stack: 105fd537f
uncaught exception; exception = workerd/io/io-context.c++:1642: failed: jsg.Error: The Workers runtime canceled this request because it detected that your Worker's code had hung and would never generate a response. Refer to: https://developers.cloudflare.com/workers/observability/errors/
stack: 105fd537f
uncaught exception; exception = workerd/io/io-context.c++:1642: failed: jsg.Error: The Workers runtime canceled this request because it detected that your Worker's code had hung and would never generate a response. Refer to: https://developers.cloudflare.com/workers/observability/errors/
stack: 103cd937f
uncaught exception; exception = workerd/io/io-context.c++:1642: failed: jsg.Error: The Workers runtime canceled this request because it detected that your Worker's code had hung and would never generate a response. Refer to: https://developers.cloudflare.com/workers/observability/errors/
stack: 103cd937f
uncaught exception; exception = workerd/io/io-context.c++:1642: failed: jsg.Error: The Workers runtime canceled this request because it detected that your Worker's code had hung and would never generate a response. Refer to: https://developers.cloudflare.com/workers/observability/errors/
stack: 103cd937f
uncaught exception; exception = workerd/io/io-context.c++:1642: failed: jsg.Error: The Workers runtime canceled this request because it detected that your Worker's code had hung and would never generate a response. Refer to: https://developers.cloudflare.com/workers/observability/errors/
stack: 105fd537f
uncaught exception; exception = workerd/io/io-context.c++:1642: failed: jsg.Error: The Workers runtime canceled this request because it detected that your Worker's code had hung and would never generate a response. Refer to: https://developers.cloudflare.com/workers/observability/errors/
stack: 105fd537f
uncaught exception; exception = workerd/io/io-context.c++:1642: failed: jsg.Error: The Workers runtime canceled this request because it detected that your Worker's code had hung and would never generate a response. Refer to: https://developers.cloudflare.com/workers/observability/errors/
stack: 105fd537f
uncaught exception; exception = workerd/io/io-context.c++:1642: failed: jsg.Error: The Workers runtime canceled this request because it detected that your Worker's code had hung and would never generate a response. Refer to: https://developers.cloudflare.com/workers/observability/errors/
stack: 105fd537f
uncaught exception; exception = workerd/io/io-context.c++:1642: failed: jsg.Error: The Workers runtime canceled this request because it detected that your Worker's code had hung and would never generate a response. Refer to: https://developers.cloudflare.com/workers/observability/errors/
stack: 103cd937f
uncaught exception; exception = workerd/io/io-context.c++:1642: failed: jsg.Error: The Workers runtime canceled this request because it detected that your Worker's code had hung and would never generate a response. Refer to: https://developers.cloudflare.com/workers/observability/errors/
stack: 105fd537f
uncaught exception; exception = workerd/io/io-context.c++:1642: failed: jsg.Error: The Workers runtime canceled this request because it detected that your Worker's code had hung and would never generate a response. Refer to: https://developers.cloudflare.com/workers/observability/errors/
stack: 105fd537f
exception = workerd/api/streams/internal.c++:2972: disconnected: pump canceled
stack: 1079f1550 104c11208
uncaught exception; source = Uncaught (in promise); stack = Error: reconciliation_capacity_exceeded: one Printing declares more than three image roles.
    at attachRetainedPrintingImages (/Users/marcus/Developer/card-keepr/src/catalogue/reconciliation/reconciliation-evidence.ts:555:11)
    at normalize (/Users/marcus/Developer/card-keepr/src/catalogue/reconciliation/reconciliation-evidence.ts:299:30)
    at collectRetainedReconciliationObservation (/Users/marcus/Developer/card-keepr/src/catalogue/reconciliation/reconciliation-evidence.ts:386:15)
    at prepareVerifiedReconciliationInput (/Users/marcus/Developer/card-keepr/src/catalogue/reconciliation/reconciliation-evidence.ts:134:17)
    at retainedReconciliationObservation (/Users/marcus/Developer/card-keepr/src/catalogue/reconciliation/reconciliation-evidence.ts:97:5)
    at reconcileRetainedCardPrintingEvidence (/Users/marcus/Developer/card-keepr/src/catalogue/reconciliation/card-printing-reconciliation.ts:259:16)
    at /Users/marcus/Developer/card-keepr/apps/ingestion/src/reconciliation-workflow.ts:141:24
    at args.<computed> (/Users/marcus/Developer/card-keepr/apps/ingestion/src/reconciliation-resource-budget.ts:200:22)
    at wrapped (/Users/marcus/Developer/card-keepr/src/http/operational-log.ts:176:20)
uncaught exception; source = Uncaught (in promise); stack = Error: reconciliation_capacity_exceeded: one Printing declares more than three image roles.
    at attachRetainedPrintingImages (/Users/marcus/Developer/card-keepr/src/catalogue/reconciliation/reconciliation-evidence.ts:555:11)
    at normalize (/Users/marcus/Developer/card-keepr/src/catalogue/reconciliation/reconciliation-evidence.ts:299:30)
    at collectRetainedReconciliationObservation (/Users/marcus/Developer/card-keepr/src/catalogue/reconciliation/reconciliation-evidence.ts:386:15)
    at prepareVerifiedReconciliationInput (/Users/marcus/Developer/card-keepr/src/catalogue/reconciliation/reconciliation-evidence.ts:134:17)
    at retainedReconciliationObservation (/Users/marcus/Developer/card-keepr/src/catalogue/reconciliation/reconciliation-evidence.ts:97:5)
    at reconcileRetainedCardPrintingEvidence (/Users/marcus/Developer/card-keepr/src/catalogue/reconciliation/card-printing-reconciliation.ts:259:16)
    at /Users/marcus/Developer/card-keepr/apps/ingestion/src/reconciliation-workflow.ts:141:24
    at args.<computed> (/Users/marcus/Developer/card-keepr/apps/ingestion/src/reconciliation-resource-budget.ts:200:22)
    at wrapped (/Users/marcus/Developer/card-keepr/src/http/operational-log.ts:176:20)
uncaught exception; source = Uncaught (in promise); stack = Error: reconciliation_capacity_exceeded: one Printing declares more than three image roles.
    at attachRetainedPrintingImages (/Users/marcus/Developer/card-keepr/src/catalogue/reconciliation/reconciliation-evidence.ts:555:11)
    at normalize (/Users/marcus/Developer/card-keepr/src/catalogue/reconciliation/reconciliation-evidence.ts:299:30)
    at collectRetainedReconciliationObservation (/Users/marcus/Developer/card-keepr/src/catalogue/reconciliation/reconciliation-evidence.ts:386:15)
    at prepareVerifiedReconciliationInput (/Users/marcus/Developer/card-keepr/src/catalogue/reconciliation/reconciliation-evidence.ts:134:17)
    at retainedReconciliationObservation (/Users/marcus/Developer/card-keepr/src/catalogue/reconciliation/reconciliation-evidence.ts:97:5)
    at reconcileRetainedCardPrintingEvidence (/Users/marcus/Developer/card-keepr/src/catalogue/reconciliation/card-printing-reconciliation.ts:259:16)
    at /Users/marcus/Developer/card-keepr/apps/ingestion/src/reconciliation-workflow.ts:141:24
    at args.<computed> (/Users/marcus/Developer/card-keepr/apps/ingestion/src/reconciliation-resource-budget.ts:200:22)
    at wrapped (/Users/marcus/Developer/card-keepr/src/http/operational-log.ts:176:20)
uncaught exception; source = Uncaught (in promise); stack = Error: reconciliation_capacity_exceeded: one Printing declares more than three image roles.
    at attachRetainedPrintingImages (/Users/marcus/Developer/card-keepr/src/catalogue/reconciliation/reconciliation-evidence.ts:555:11)
    at normalize (/Users/marcus/Developer/card-keepr/src/catalogue/reconciliation/reconciliation-evidence.ts:299:30)
    at collectRetainedReconciliationObservation (/Users/marcus/Developer/card-keepr/src/catalogue/reconciliation/reconciliation-evidence.ts:386:15)
    at prepareVerifiedReconciliationInput (/Users/marcus/Developer/card-keepr/src/catalogue/reconciliation/reconciliation-evidence.ts:134:17)
    at retainedReconciliationObservation (/Users/marcus/Developer/card-keepr/src/catalogue/reconciliation/reconciliation-evidence.ts:97:5)
    at reconcileRetainedCardPrintingEvidence (/Users/marcus/Developer/card-keepr/src/catalogue/reconciliation/card-printing-reconciliation.ts:259:16)
    at /Users/marcus/Developer/card-keepr/apps/ingestion/src/reconciliation-workflow.ts:141:24
    at args.<computed> (/Users/marcus/Developer/card-keepr/apps/ingestion/src/reconciliation-resource-budget.ts:200:22)
    at wrapped (/Users/marcus/Developer/card-keepr/src/http/operational-log.ts:176:20)
uncaught exception; source = Uncaught (in promise); stack = Error: reconciliation_capacity_exceeded: one Printing declares more than three image roles.
    at async doWrapper (file:///Users/marcus/Developer/card-keepr/node_modules/.pnpm/miniflare@5.20260908.0-alpha/node_modules/miniflare/dist/src/workers/workflows/binding.worker.js:13525:53)
    at async Context.do (file:///Users/marcus/Developer/card-keepr/node_modules/.pnpm/miniflare@5.20260908.0-alpha/node_modules/miniflare/dist/src/workers/workflows/binding.worker.js:13789:17)
uncaught exception; exception = workerd/io/io-context.c++:1642: failed: jsg.Error: The Workers runtime canceled this request because it detected that your Worker's code had hung and would never generate a response. Refer to: https://developers.cloudflare.com/workers/observability/errors/
stack: 1059e537f
uncaught exception; source = Uncaught (in promise); stack = Error: reconciliation_capacity_exceeded: one observation requires too many nested identity matches.
    at consumeIdentityMatch (/Users/marcus/Developer/card-keepr/src/catalogue/reconciliation/card-printing-reconciliation.ts:710:21)
    at reconcileRetainedCardPrintingEvidence (/Users/marcus/Developer/card-keepr/src/catalogue/reconciliation/card-printing-reconciliation.ts:819:17)
    at /Users/marcus/Developer/card-keepr/apps/ingestion/src/reconciliation-workflow.ts:141:24
    at args.<computed> (/Users/marcus/Developer/card-keepr/apps/ingestion/src/reconciliation-resource-budget.ts:200:22)
    at wrapped (/Users/marcus/Developer/card-keepr/src/http/operational-log.ts:176:20)
uncaught exception; source = Uncaught (in promise); stack = Error: reconciliation_capacity_exceeded: one observation requires too many nested identity matches.
    at consumeIdentityMatch (/Users/marcus/Developer/card-keepr/src/catalogue/reconciliation/card-printing-reconciliation.ts:710:21)
    at reconcileRetainedCardPrintingEvidence (/Users/marcus/Developer/card-keepr/src/catalogue/reconciliation/card-printing-reconciliation.ts:819:17)
    at /Users/marcus/Developer/card-keepr/apps/ingestion/src/reconciliation-workflow.ts:141:24
    at args.<computed> (/Users/marcus/Developer/card-keepr/apps/ingestion/src/reconciliation-resource-budget.ts:200:22)
    at wrapped (/Users/marcus/Developer/card-keepr/src/http/operational-log.ts:176:20)
uncaught exception; source = Uncaught (in promise); stack = Error: reconciliation_capacity_exceeded: one observation requires too many nested identity matches.
    at consumeIdentityMatch (/Users/marcus/Developer/card-keepr/src/catalogue/reconciliation/card-printing-reconciliation.ts:710:21)
    at reconcileRetainedCardPrintingEvidence (/Users/marcus/Developer/card-keepr/src/catalogue/reconciliation/card-printing-reconciliation.ts:819:17)
    at /Users/marcus/Developer/card-keepr/apps/ingestion/src/reconciliation-workflow.ts:141:24
    at args.<computed> (/Users/marcus/Developer/card-keepr/apps/ingestion/src/reconciliation-resource-budget.ts:200:22)
    at wrapped (/Users/marcus/Developer/card-keepr/src/http/operational-log.ts:176:20)
uncaught exception; source = Uncaught (in promise); stack = Error: reconciliation_capacity_exceeded: one observation requires too many nested identity matches.
    at consumeIdentityMatch (/Users/marcus/Developer/card-keepr/src/catalogue/reconciliation/card-printing-reconciliation.ts:710:21)
    at reconcileRetainedCardPrintingEvidence (/Users/marcus/Developer/card-keepr/src/catalogue/reconciliation/card-printing-reconciliation.ts:819:17)
    at /Users/marcus/Developer/card-keepr/apps/ingestion/src/reconciliation-workflow.ts:141:24
    at args.<computed> (/Users/marcus/Developer/card-keepr/apps/ingestion/src/reconciliation-resource-budget.ts:200:22)
    at wrapped (/Users/marcus/Developer/card-keepr/src/http/operational-log.ts:176:20)
uncaught exception; source = Uncaught (in promise); stack = Error: reconciliation_capacity_exceeded: one observation requires too many nested identity matches.
    at async doWrapper (file:///Users/marcus/Developer/card-keepr/node_modules/.pnpm/miniflare@5.20260908.0-alpha/node_modules/miniflare/dist/src/workers/workflows/binding.worker.js:13525:53)
    at async Context.do (file:///Users/marcus/Developer/card-keepr/node_modules/.pnpm/miniflare@5.20260908.0-alpha/node_modules/miniflare/dist/src/workers/workflows/binding.worker.js:13789:17)
uncaught exception; exception = workerd/io/io-context.c++:1642: failed: jsg.Error: The Workers runtime canceled this request because it detected that your Worker's code had hung and would never generate a response. Refer to: https://developers.cloudflare.com/workers/observability/errors/
stack: 1059e537f
uncaught exception; exception = workerd/io/io-context.c++:1642: failed: jsg.Error: The Workers runtime canceled this request because it detected that your Worker's code had hung and would never generate a response. Refer to: https://developers.cloudflare.com/workers/observability/errors/
stack: 103cd937f
uncaught exception; exception = workerd/io/io-context.c++:1642: failed: jsg.Error: The Workers runtime canceled this request because it detected that your Worker's code had hung and would never generate a response. Refer to: https://developers.cloudflare.com/workers/observability/errors/
stack: 1013a137f
uncaught exception; source = Uncaught (in promise); stack = Error: The execution context which hosts this callback is no longer running.
    at Proxy.<anonymous> (/Users/marcus/Developer/card-keepr/apps/ingestion/src/snapshot-recovery-wait.ts:16:20)
    at runReconciliationWorkflow (/Users/marcus/Developer/card-keepr/apps/ingestion/src/reconciliation-workflow.ts:62:32)
uncaught exception; exception = workerd/io/io-context.c++:1642: failed: jsg.Error: The Workers runtime canceled this request because it detected that your Worker's code had hung and would never generate a response. Refer to: https://developers.cloudflare.com/workers/observability/errors/
stack: 1013a137f
uncaught exception; exception = workerd/io/io-context.c++:1642: failed: jsg.Error: The Workers runtime canceled this request because it detected that your Worker's code had hung and would never generate a response. Refer to: https://developers.cloudflare.com/workers/observability/errors/
stack: 1013a137f
uncaught exception; exception = workerd/io/io-context.c++:1642: failed: jsg.Error: The Workers runtime canceled this request because it detected that your Worker's code had hung and would never generate a response. Refer to: https://developers.cloudflare.com/workers/observability/errors/
stack: 1013a137f
uncaught exception; exception = workerd/io/io-context.c++:1642: failed: jsg.Error: The Workers runtime canceled this request because it detected that your Worker's code had hung and would never generate a response. Refer to: https://developers.cloudflare.com/workers/observability/errors/
stack: 1013a137f
uncaught exception; exception = workerd/io/io-context.c++:1642: failed: jsg.Error: The Workers runtime canceled this request because it detected that your Worker's code had hung and would never generate a response. Refer to: https://developers.cloudflare.com/workers/observability/errors/
stack: 1013a137f
uncaught exception; source = Uncaught (in promise); stack = ReconciliationDocumentStorageError: Reconciliation document storage is temporarily unavailable.
    at documentStorage (/Users/marcus/Developer/card-keepr/src/catalogue/reconciliation/reconciliation-document.ts:11:11)
    at reserveReconciliationWorkAttempt (/Users/marcus/Developer/card-keepr/src/catalogue/reconciliation/reconciliation-dispatch.ts:64:15)
    at /Users/marcus/Developer/card-keepr/apps/ingestion/src/reconciliation-workflow.ts:139:31
    at args.<computed> (/Users/marcus/Developer/card-keepr/apps/ingestion/src/reconciliation-resource-budget.ts:200:22)
    at wrapped (/Users/marcus/Developer/card-keepr/src/http/operational-log.ts:176:20)
uncaught exception; source = Uncaught (in promise); stack = ReconciliationDocumentStorageError: Reconciliation document storage is temporarily unavailable.
    at documentStorage (/Users/marcus/Developer/card-keepr/src/catalogue/reconciliation/reconciliation-document.ts:11:11)
    at reserveReconciliationWorkAttempt (/Users/marcus/Developer/card-keepr/src/catalogue/reconciliation/reconciliation-dispatch.ts:64:15)
    at /Users/marcus/Developer/card-keepr/apps/ingestion/src/reconciliation-workflow.ts:139:31
    at args.<computed> (/Users/marcus/Developer/card-keepr/apps/ingestion/src/reconciliation-resource-budget.ts:200:22)
    at wrapped (/Users/marcus/Developer/card-keepr/src/http/operational-log.ts:176:20)
uncaught exception; exception = workerd/io/io-context.c++:1642: failed: jsg.Error: The Workers runtime canceled this request because it detected that your Worker's code had hung and would never generate a response. Refer to: https://developers.cloudflare.com/workers/observability/errors/
stack: 1013a137f
uncaught exception; source = Uncaught (in promise); stack = ReconciliationDocumentStorageError: Reconciliation document storage is temporarily unavailable.
    at documentStorage (/Users/marcus/Developer/card-keepr/src/catalogue/reconciliation/reconciliation-document.ts:11:11)
    at reserveReconciliationWorkAttempt (/Users/marcus/Developer/card-keepr/src/catalogue/reconciliation/reconciliation-dispatch.ts:64:15)
    at /Users/marcus/Developer/card-keepr/apps/ingestion/src/reconciliation-workflow.ts:139:31
    at args.<computed> (/Users/marcus/Developer/card-keepr/apps/ingestion/src/reconciliation-resource-budget.ts:200:22)
    at wrapped (/Users/marcus/Developer/card-keepr/src/http/operational-log.ts:176:20)
uncaught exception; exception = workerd/io/io-context.c++:1642: failed: jsg.Error: The Workers runtime canceled this request because it detected that your Worker's code had hung and would never generate a response. Refer to: https://developers.cloudflare.com/workers/observability/errors/
stack: 1013a137f
uncaught exception; source = Uncaught (in promise); stack = ReconciliationDocumentStorageError: Reconciliation document storage is temporarily unavailable.
    at documentStorage (/Users/marcus/Developer/card-keepr/src/catalogue/reconciliation/reconciliation-document.ts:11:11)
    at reserveReconciliationWorkAttempt (/Users/marcus/Developer/card-keepr/src/catalogue/reconciliation/reconciliation-dispatch.ts:64:15)
    at /Users/marcus/Developer/card-keepr/apps/ingestion/src/reconciliation-workflow.ts:139:31
    at args.<computed> (/Users/marcus/Developer/card-keepr/apps/ingestion/src/reconciliation-resource-budget.ts:200:22)
    at wrapped (/Users/marcus/Developer/card-keepr/src/http/operational-log.ts:176:20)
uncaught exception; source = Uncaught (in promise); stack = Error: ReconciliationDocumentStorageError: Reconciliation document storage is temporarily unavailable.
    at async doWrapper (file:///Users/marcus/Developer/card-keepr/node_modules/.pnpm/miniflare@5.20260908.0-alpha/node_modules/miniflare/dist/src/workers/workflows/binding.worker.js:13525:53)
    at async Context.do (file:///Users/marcus/Developer/card-keepr/node_modules/.pnpm/miniflare@5.20260908.0-alpha/node_modules/miniflare/dist/src/workers/workflows/binding.worker.js:13789:17)
uncaught exception; exception = workerd/io/io-context.c++:1642: failed: jsg.Error: The Workers runtime canceled this request because it detected that your Worker's code had hung and would never generate a response. Refer to: https://developers.cloudflare.com/workers/observability/errors/
stack: 1059e537f
uncaught exception; exception = workerd/io/io-context.c++:1642: failed: jsg.Error: The Workers runtime canceled this request because it detected that your Worker's code had hung and would never generate a response. Refer to: https://developers.cloudflare.com/workers/observability/errors/
stack: 1013a137f
uncaught exception; exception = workerd/io/io-context.c++:1642: failed: jsg.Error: The Workers runtime canceled this request because it detected that your Worker's code had hung and would never generate a response. Refer to: https://developers.cloudflare.com/workers/observability/errors/
stack: 1013a137f
An RPC stub was not disposed properly. You must call dispose() on all stubs in order to let the other side know that you are no longer using them. You cannot rely on the garbage collector for this because it may take arbitrarily long before actually collecting unreachable objects. As a shortcut, calling dispose() on the result of an RPC call disposes all stubs within it.
uncaught exception; exception = workerd/io/io-context.c++:1642: failed: jsg.Error: The Workers runtime canceled this request because it detected that your Worker's code had hung and would never generate a response. Refer to: https://developers.cloudflare.com/workers/observability/errors/
stack: 1059e537f
uncaught exception; exception = workerd/io/io-context.c++:1642: failed: jsg.Error: The Workers runtime canceled this request because it detected that your Worker's code had hung and would never generate a response. Refer to: https://developers.cloudflare.com/workers/observability/errors/
stack: 1059e537f
uncaught exception; exception = workerd/io/io-context.c++:1642: failed: jsg.Error: The Workers runtime canceled this request because it detected that your Worker's code had hung and would never generate a response. Refer to: https://developers.cloudflare.com/workers/observability/errors/
stack: 1013a137f
uncaught exception; exception = workerd/io/io-context.c++:1642: failed: jsg.Error: The Workers runtime canceled this request because it detected that your Worker's code had hung and would never generate a response. Refer to: https://developers.cloudflare.com/workers/observability/errors/
stack: 1013a137f
uncaught exception; exception = workerd/io/io-context.c++:1642: failed: jsg.Error: The Workers runtime canceled this request because it detected that your Worker's code had hung and would never generate a response. Refer to: https://developers.cloudflare.com/workers/observability/errors/
stack: 1013a137f
uncaught exception; exception = workerd/io/io-context.c++:1642: failed: jsg.Error: The Workers runtime canceled this request because it detected that your Worker's code had hung and would never generate a response. Refer to: https://developers.cloudflare.com/workers/observability/errors/
stack: 1013a137f
uncaught exception; exception = workerd/io/io-context.c++:1642: failed: jsg.Error: The Workers runtime canceled this request because it detected that your Worker's code had hung and would never generate a response. Refer to: https://developers.cloudflare.com/workers/observability/errors/
stack: 1059e537f
uncaught exception; exception = workerd/io/io-context.c++:1642: failed: jsg.Error: The Workers runtime canceled this request because it detected that your Worker's code had hung and would never generate a response. Refer to: https://developers.cloudflare.com/workers/observability/errors/
stack: 1059e537f
uncaught exception; exception = workerd/io/io-context.c++:1642: failed: jsg.Error: The Workers runtime canceled this request because it detected that your Worker's code had hung and would never generate a response. Refer to: https://developers.cloudflare.com/workers/observability/errors/
stack: 1013a137f
uncaught exception; exception = workerd/io/io-context.c++:1642: failed: jsg.Error: The Workers runtime canceled this request because it detected that your Worker's code had hung and would never generate a response. Refer to: https://developers.cloudflare.com/workers/observability/errors/
stack: 1013a137f
uncaught exception; exception = workerd/io/io-context.c++:1642: failed: jsg.Error: The Workers runtime canceled this request because it detected that your Worker's code had hung and would never generate a response. Refer to: https://developers.cloudflare.com/workers/observability/errors/
stack: 1059e537f
uncaught exception; exception = workerd/io/io-context.c++:1642: failed: jsg.Error: The Workers runtime canceled this request because it detected that your Worker's code had hung and would never generate a response. Refer to: https://developers.cloudflare.com/workers/observability/errors/
stack: 1059e537f
An RPC result was not disposed properly. One of the RPC calls you made expects you to call dispose() on the return value, but you didn't do so. You cannot rely on the garbage collector for this because it may take arbitrarily long before actually collecting unreachable objects.
uncaught exception; exception = workerd/io/io-context.c++:1642: failed: jsg.Error: The Workers runtime canceled this request because it detected that your Worker's code had hung and would never generate a response. Refer to: https://developers.cloudflare.com/workers/observability/errors/
stack: 1013a137f
uncaught exception; exception = workerd/io/io-context.c++:1642: failed: jsg.Error: The Workers runtime canceled this request because it detected that your Worker's code had hung and would never generate a response. Refer to: https://developers.cloudflare.com/workers/observability/errors/
stack: 1013a137f
uncaught exception; exception = workerd/io/io-context.c++:1642: failed: jsg.Error: The Workers runtime canceled this request because it detected that your Worker's code had hung and would never generate a response. Refer to: https://developers.cloudflare.com/workers/observability/errors/
stack: 1059e537f
uncaught exception; exception = workerd/io/io-context.c++:1642: failed: jsg.Error: The Workers runtime canceled this request because it detected that your Worker's code had hung and would never generate a response. Refer to: https://developers.cloudflare.com/workers/observability/errors/
stack: 1059e537f
uncaught exception; exception = workerd/io/io-context.c++:1642: failed: jsg.Error: The Workers runtime canceled this request because it detected that your Worker's code had hung and would never generate a response. Refer to: https://developers.cloudflare.com/workers/observability/errors/
stack: 1013a137f
uncaught exception; exception = workerd/io/io-context.c++:1642: failed: jsg.Error: The Workers runtime canceled this request because it detected that your Worker's code had hung and would never generate a response. Refer to: https://developers.cloudflare.com/workers/observability/errors/
stack: 1013a137f
uncaught exception; exception = workerd/io/io-context.c++:1642: failed: jsg.Error: The Workers runtime canceled this request because it detected that your Worker's code had hung and would never generate a response. Refer to: https://developers.cloudflare.com/workers/observability/errors/
stack: 1059e537f
uncaught exception; exception = workerd/io/io-context.c++:1642: failed: jsg.Error: The Workers runtime canceled this request because it detected that your Worker's code had hung and would never generate a response. Refer to: https://developers.cloudflare.com/workers/observability/errors/
stack: 1059e537f
uncaught exception; exception = workerd/io/io-context.c++:1642: failed: jsg.Error: The Workers runtime canceled this request because it detected that your Worker's code had hung and would never generate a response. Refer to: https://developers.cloudflare.com/workers/observability/errors/
stack: 1013a137f
uncaught exception; exception = workerd/io/io-context.c++:1642: failed: jsg.Error: The Workers runtime canceled this request because it detected that your Worker's code had hung and would never generate a response. Refer to: https://developers.cloudflare.com/workers/observability/errors/
stack: 1013a137f
uncaught exception; source = Uncaught (in promise); stack = Error: The execution context which hosts this callback is no longer running.
    at Proxy.<anonymous> (/Users/marcus/Developer/card-keepr/apps/ingestion/src/snapshot-recovery-wait.ts:16:20)
    at runReconciliationWorkflow (/Users/marcus/Developer/card-keepr/apps/ingestion/src/reconciliation-workflow.ts:62:32)
uncaught exception; exception = workerd/io/io-context.c++:1642: failed: jsg.Error: The Workers runtime canceled this request because it detected that your Worker's code had hung and would never generate a response. Refer to: https://developers.cloudflare.com/workers/observability/errors/
stack: 1013a137f
uncaught exception; exception = workerd/io/io-context.c++:1642: failed: jsg.Error: The Workers runtime canceled this request because it detected that your Worker's code had hung and would never generate a response. Refer to: https://developers.cloudflare.com/workers/observability/errors/
stack: 1013a137f
uncaught exception; exception = workerd/io/io-context.c++:1642: failed: jsg.Error: The Workers runtime canceled this request because it detected that your Worker's code had hung and would never generate a response. Refer to: https://developers.cloudflare.com/workers/observability/errors/
stack: 1037a537f
uncaught exception; exception = workerd/io/io-context.c++:1642: failed: jsg.Error: The Workers runtime canceled this request because it detected that your Worker's code had hung and would never generate a response. Refer to: https://developers.cloudflare.com/workers/observability/errors/
stack: 1013a137f
uncaught exception; exception = workerd/io/io-context.c++:1642: failed: jsg.Error: The Workers runtime canceled this request because it detected that your Worker's code had hung and would never generate a response. Refer to: https://developers.cloudflare.com/workers/observability/errors/
stack: 1013a137f
uncaught exception; exception = workerd/io/io-context.c++:1642: failed: jsg.Error: The Workers runtime canceled this request because it detected that your Worker's code had hung and would never generate a response. Refer to: https://developers.cloudflare.com/workers/observability/errors/
stack: 1037a537f
uncaught exception; exception = workerd/io/io-context.c++:1642: failed: jsg.Error: The Workers runtime canceled this request because it detected that your Worker's code had hung and would never generate a response. Refer to: https://developers.cloudflare.com/workers/observability/errors/
stack: 1037a537f
uncaught exception; exception = workerd/io/io-context.c++:1642: failed: jsg.Error: The Workers runtime canceled this request because it detected that your Worker's code had hung and would never generate a response. Refer to: https://developers.cloudflare.com/workers/observability/errors/
stack: 1037a537f
uncaught exception; exception = workerd/io/io-context.c++:1642: failed: jsg.Error: The Workers runtime canceled this request because it detected that your Worker's code had hung and would never generate a response. Refer to: https://developers.cloudflare.com/workers/observability/errors/
stack: 1037a537f
uncaught exception; exception = workerd/io/io-context.c++:1642: failed: jsg.Error: The Workers runtime canceled this request because it detected that your Worker's code had hung and would never generate a response. Refer to: https://developers.cloudflare.com/workers/observability/errors/
stack: 1037a537f
uncaught exception; exception = workerd/io/io-context.c++:1642: failed: jsg.Error: The Workers runtime canceled this request because it detected that your Worker's code had hung and would never generate a response. Refer to: https://developers.cloudflare.com/workers/observability/errors/
stack: 1037a537f
uncaught exception; exception = workerd/io/io-context.c++:1642: failed: jsg.Error: The Workers runtime canceled this request because it detected that your Worker's code had hung and would never generate a response. Refer to: https://developers.cloudflare.com/workers/observability/errors/
stack: 1037a537f
uncaught exception; exception = workerd/io/io-context.c++:1642: failed: jsg.Error: The Workers runtime canceled this request because it detected that your Worker's code had hung and would never generate a response. Refer to: https://developers.cloudflare.com/workers/observability/errors/
stack: 1037a537f
uncaught exception; exception = workerd/io/io-context.c++:1642: failed: jsg.Error: The Workers runtime canceled this request because it detected that your Worker's code had hung and would never generate a response. Refer to: https://developers.cloudflare.com/workers/observability/errors/
stack: 1037a537f
uncaught exception; exception = workerd/io/io-context.c++:1642: failed: jsg.Error: The Workers runtime canceled this request because it detected that your Worker's code had hung and would never generate a response. Refer to: https://developers.cloudflare.com/workers/observability/errors/
stack: 1037a537f
uncaught exception; exception = workerd/io/io-context.c++:1642: failed: jsg.Error: The Workers runtime canceled this request because it detected that your Worker's code had hung and would never generate a response. Refer to: https://developers.cloudflare.com/workers/observability/errors/
stack: 10355937f
uncaught exception; exception = workerd/io/io-context.c++:1642: failed: jsg.Error: The Workers runtime canceled this request because it detected that your Worker's code had hung and would never generate a response. Refer to: https://developers.cloudflare.com/workers/observability/errors/
stack: 10355937f
uncaught exception; exception = workerd/io/io-context.c++:1642: failed: jsg.Error: The Workers runtime canceled this request because it detected that your Worker's code had hung and would never generate a response. Refer to: https://developers.cloudflare.com/workers/observability/errors/
stack: 10355937f
uncaught exception; exception = workerd/io/io-context.c++:1642: failed: jsg.Error: The Workers runtime canceled this request because it detected that your Worker's code had hung and would never generate a response. Refer to: https://developers.cloudflare.com/workers/observability/errors/
stack: 10355937f
uncaught exception; exception = workerd/io/io-context.c++:1642: failed: jsg.Error: The Workers runtime canceled this request because it detected that your Worker's code had hung and would never generate a response. Refer to: https://developers.cloudflare.com/workers/observability/errors/
stack: 10355937f
uncaught exception; exception = workerd/io/io-context.c++:1642: failed: jsg.Error: The Workers runtime canceled this request because it detected that your Worker's code had hung and would never generate a response. Refer to: https://developers.cloudflare.com/workers/observability/errors/
stack: 10355937f
uncaught exception; exception = workerd/io/io-context.c++:1642: failed: jsg.Error: The Workers runtime canceled this request because it detected that your Worker's code had hung and would never generate a response. Refer to: https://developers.cloudflare.com/workers/observability/errors/
stack: 10355937f
uncaught exception; exception = workerd/io/io-context.c++:1642: failed: jsg.Error: The Workers runtime canceled this request because it detected that your Worker's code had hung and would never generate a response. Refer to: https://developers.cloudflare.com/workers/observability/errors/
stack: 10355937f
uncaught exception; exception = workerd/io/io-context.c++:1642: failed: jsg.Error: The Workers runtime canceled this request because it detected that your Worker's code had hung and would never generate a response. Refer to: https://developers.cloudflare.com/workers/observability/errors/
stack: 10355937f
uncaught exception; exception = workerd/io/io-context.c++:1642: failed: jsg.Error: The Workers runtime canceled this request because it detected that your Worker's code had hung and would never generate a response. Refer to: https://developers.cloudflare.com/workers/observability/errors/
stack: 10355937f
uncaught exception; exception = workerd/io/io-context.c++:1642: failed: jsg.Error: The Workers runtime canceled this request because it detected that your Worker's code had hung and would never generate a response. Refer to: https://developers.cloudflare.com/workers/observability/errors/
stack: 10355937f
uncaught exception; exception = workerd/io/io-context.c++:1642: failed: jsg.Error: The Workers runtime canceled this request because it detected that your Worker's code had hung and would never generate a response. Refer to: https://developers.cloudflare.com/workers/observability/errors/
stack: 10355937f
uncaught exception; exception = workerd/io/io-context.c++:1642: failed: jsg.Error: The Workers runtime canceled this request because it detected that your Worker's code had hung and would never generate a response. Refer to: https://developers.cloudflare.com/workers/observability/errors/
stack: 10355937f
uncaught exception; exception = workerd/io/io-context.c++:1642: failed: jsg.Error: The Workers runtime canceled this request because it detected that your Worker's code had hung and would never generate a response. Refer to: https://developers.cloudflare.com/workers/observability/errors/
stack: 10355937f
uncaught exception; source = Uncaught (in promise); stack = Error: A required inspection Printing Image is missing.
    at verifyInspectionArtifacts (/Users/marcus/Developer/card-keepr/src/catalogue/reconciliation/game-inspection-integrity.ts:124:30)
    at prepareGameCandidateManifests (/Users/marcus/Developer/card-keepr/src/catalogue/reconciliation/game-candidate.ts:278:25)
    at persistReviewableCandidate (/Users/marcus/Developer/card-keepr/src/catalogue/reconciliation/reconciliation-candidate-store.ts:87:23)
    at reconcileRetainedCardPrintingEvidence (/Users/marcus/Developer/card-keepr/src/catalogue/reconciliation/card-printing-reconciliation.ts:2172:5)
    at /Users/marcus/Developer/card-keepr/apps/ingestion/src/reconciliation-workflow.ts:141:24
    at args.<computed> (/Users/marcus/Developer/card-keepr/apps/ingestion/src/reconciliation-resource-budget.ts:200:22)
    at wrapped (/Users/marcus/Developer/card-keepr/src/http/operational-log.ts:176:20)
uncaught exception; source = Uncaught (in promise); stack = Error: A required inspection Printing Image is missing.
    at verifyInspectionArtifacts (/Users/marcus/Developer/card-keepr/src/catalogue/reconciliation/game-inspection-integrity.ts:124:30)
    at prepareGameCandidateManifests (/Users/marcus/Developer/card-keepr/src/catalogue/reconciliation/game-candidate.ts:278:25)
    at persistReviewableCandidate (/Users/marcus/Developer/card-keepr/src/catalogue/reconciliation/reconciliation-candidate-store.ts:87:23)
    at reconcileRetainedCardPrintingEvidence (/Users/marcus/Developer/card-keepr/src/catalogue/reconciliation/card-printing-reconciliation.ts:2172:5)
    at /Users/marcus/Developer/card-keepr/apps/ingestion/src/reconciliation-workflow.ts:141:24
    at args.<computed> (/Users/marcus/Developer/card-keepr/apps/ingestion/src/reconciliation-resource-budget.ts:200:22)
    at wrapped (/Users/marcus/Developer/card-keepr/src/http/operational-log.ts:176:20)
uncaught exception; source = Uncaught (in promise); stack = Error: A required inspection Printing Image is missing.
    at verifyInspectionArtifacts (/Users/marcus/Developer/card-keepr/src/catalogue/reconciliation/game-inspection-integrity.ts:124:30)
    at prepareGameCandidateManifests (/Users/marcus/Developer/card-keepr/src/catalogue/reconciliation/game-candidate.ts:278:25)
    at persistReviewableCandidate (/Users/marcus/Developer/card-keepr/src/catalogue/reconciliation/reconciliation-candidate-store.ts:87:23)
    at reconcileRetainedCardPrintingEvidence (/Users/marcus/Developer/card-keepr/src/catalogue/reconciliation/card-printing-reconciliation.ts:2172:5)
    at /Users/marcus/Developer/card-keepr/apps/ingestion/src/reconciliation-workflow.ts:141:24
    at args.<computed> (/Users/marcus/Developer/card-keepr/apps/ingestion/src/reconciliation-resource-budget.ts:200:22)
    at wrapped (/Users/marcus/Developer/card-keepr/src/http/operational-log.ts:176:20)
uncaught exception; source = Uncaught (in promise); stack = Error: Engine was never started
    at Engine.getStatus (file:///Users/marcus/Developer/card-keepr/node_modules/.pnpm/miniflare@5.20260908.0-alpha/node_modules/miniflare/dist/src/workers/workflows/binding.worker.js:14493:15)
uncaught exception; source = Uncaught (in promise); stack = Error: Engine was never started
    at Engine.getStatus (file:///Users/marcus/Developer/card-keepr/node_modules/.pnpm/miniflare@5.20260908.0-alpha/node_modules/miniflare/dist/src/workers/workflows/binding.worker.js:14493:15)
uncaught exception; source = Uncaught (in promise); stack = Error: instance.not_found
    at WorkflowBinding.get (file:///Users/marcus/Developer/card-keepr/node_modules/.pnpm/miniflare@5.20260908.0-alpha/node_modules/miniflare/dist/src/workers/workflows/binding.worker.js:15150:13)
uncaught exception; exception = workerd/io/io-context.c++:1642: failed: jsg.Error: The Workers runtime canceled this request because it detected that your Worker's code had hung and would never generate a response. Refer to: https://developers.cloudflare.com/workers/observability/errors/
stack: 105b4937f
uncaught exception; source = Uncaught (in promise); stack = Error: A required inspection Printing Image is missing.
    at verifyInspectionArtifacts (/Users/marcus/Developer/card-keepr/src/catalogue/reconciliation/game-inspection-integrity.ts:124:30)
    at prepareGameCandidateManifests (/Users/marcus/Developer/card-keepr/src/catalogue/reconciliation/game-candidate.ts:278:25)
    at persistReviewableCandidate (/Users/marcus/Developer/card-keepr/src/catalogue/reconciliation/reconciliation-candidate-store.ts:87:23)
    at reconcileRetainedCardPrintingEvidence (/Users/marcus/Developer/card-keepr/src/catalogue/reconciliation/card-printing-reconciliation.ts:2172:5)
    at /Users/marcus/Developer/card-keepr/apps/ingestion/src/reconciliation-workflow.ts:141:24
    at args.<computed> (/Users/marcus/Developer/card-keepr/apps/ingestion/src/reconciliation-resource-budget.ts:200:22)
    at wrapped (/Users/marcus/Developer/card-keepr/src/http/operational-log.ts:176:20)
uncaught exception; source = Uncaught (in promise); stack = Error: A required inspection Printing Image is missing.
    at async doWrapper (file:///Users/marcus/Developer/card-keepr/node_modules/.pnpm/miniflare@5.20260908.0-alpha/node_modules/miniflare/dist/src/workers/workflows/binding.worker.js:13525:53)
    at async Context.do (file:///Users/marcus/Developer/card-keepr/node_modules/.pnpm/miniflare@5.20260908.0-alpha/node_modules/miniflare/dist/src/workers/workflows/binding.worker.js:13789:17)
uncaught exception; exception = workerd/io/io-context.c++:1642: failed: jsg.Error: The Workers runtime canceled this request because it detected that your Worker's code had hung and would never generate a response. Refer to: https://developers.cloudflare.com/workers/observability/errors/
stack: 10355937f
uncaught exception; exception = workerd/io/io-context.c++:1642: failed: jsg.Error: The Workers runtime canceled this request because it detected that your Worker's code had hung and would never generate a response. Refer to: https://developers.cloudflare.com/workers/observability/errors/
stack: 105b4937f
uncaught exception; source = Uncaught (in promise); stack = Error: Engine was never started
    at Engine.getStatus (file:///Users/marcus/Developer/card-keepr/node_modules/.pnpm/miniflare@5.20260908.0-alpha/node_modules/miniflare/dist/src/workers/workflows/binding.worker.js:14493:15)
uncaught exception; source = Uncaught (in promise); stack = Error: Engine was never started
    at Engine.getStatus (file:///Users/marcus/Developer/card-keepr/node_modules/.pnpm/miniflare@5.20260908.0-alpha/node_modules/miniflare/dist/src/workers/workflows/binding.worker.js:14493:15)
uncaught exception; source = Uncaught (in promise); stack = Error: instance.not_found
    at WorkflowBinding.get (file:///Users/marcus/Developer/card-keepr/node_modules/.pnpm/miniflare@5.20260908.0-alpha/node_modules/miniflare/dist/src/workers/workflows/binding.worker.js:15150:13)
uncaught exception; exception = workerd/io/io-context.c++:1642: failed: jsg.Error: The Workers runtime canceled this request because it detected that your Worker's code had hung and would never generate a response. Refer to: https://developers.cloudflare.com/workers/observability/errors/
stack: 105b4937f
uncaught exception; exception = workerd/io/io-context.c++:1642: failed: jsg.Error: The Workers runtime canceled this request because it detected that your Worker's code had hung and would never generate a response. Refer to: https://developers.cloudflare.com/workers/observability/errors/
stack: 10355937f
uncaught exception; exception = workerd/io/io-context.c++:1642: failed: jsg.Error: The Workers runtime canceled this request because it detected that your Worker's code had hung and would never generate a response. Refer to: https://developers.cloudflare.com/workers/observability/errors/
stack: 105b4937f
uncaught exception; exception = workerd/io/io-context.c++:1642: failed: jsg.Error: The Workers runtime canceled this request because it detected that your Worker's code had hung and would never generate a response. Refer to: https://developers.cloudflare.com/workers/observability/errors/
stack: 10144937f
uncaught exception; source = Uncaught (in promise); stack = Error: Engine was never started
    at Engine.getStatus (file:///Users/marcus/Developer/card-keepr/node_modules/.pnpm/miniflare@5.20260908.0-alpha/node_modules/miniflare/dist/src/workers/workflows/binding.worker.js:14493:15)
uncaught exception; source = Uncaught (in promise); stack = Error: Engine was never started
    at Engine.getStatus (file:///Users/marcus/Developer/card-keepr/node_modules/.pnpm/miniflare@5.20260908.0-alpha/node_modules/miniflare/dist/src/workers/workflows/binding.worker.js:14493:15)
uncaught exception; source = Uncaught (in promise); stack = Error: instance.not_found
    at WorkflowBinding.get (file:///Users/marcus/Developer/card-keepr/node_modules/.pnpm/miniflare@5.20260908.0-alpha/node_modules/miniflare/dist/src/workers/workflows/binding.worker.js:15150:13)
uncaught exception; exception = workerd/io/io-context.c++:1642: failed: jsg.Error: The Workers runtime canceled this request because it detected that your Worker's code had hung and would never generate a response. Refer to: https://developers.cloudflare.com/workers/observability/errors/
stack: 105b4937f
uncaught exception; source = Uncaught (in promise); stack = Error: Engine was never started
    at Engine.getStatus (file:///Users/marcus/Developer/card-keepr/node_modules/.pnpm/miniflare@5.20260908.0-alpha/node_modules/miniflare/dist/src/workers/workflows/binding.worker.js:14493:15)
uncaught exception; source = Uncaught (in promise); stack = Error: Engine was never started
    at Engine.getStatus (file:///Users/marcus/Developer/card-keepr/node_modules/.pnpm/miniflare@5.20260908.0-alpha/node_modules/miniflare/dist/src/workers/workflows/binding.worker.js:14493:15)
uncaught exception; source = Uncaught (in promise); stack = Error: instance.not_found
    at WorkflowBinding.get (file:///Users/marcus/Developer/card-keepr/node_modules/.pnpm/miniflare@5.20260908.0-alpha/node_modules/miniflare/dist/src/workers/workflows/binding.worker.js:15150:13)
uncaught exception; exception = workerd/io/io-context.c++:1642: failed: jsg.Error: The Workers runtime canceled this request because it detected that your Worker's code had hung and would never generate a response. Refer to: https://developers.cloudflare.com/workers/observability/errors/
stack: 10144937f
uncaught exception; exception = workerd/io/io-context.c++:1642: failed: jsg.Error: The Workers runtime canceled this request because it detected that your Worker's code had hung and would never generate a response. Refer to: https://developers.cloudflare.com/workers/observability/errors/
stack: 105b4937f
uncaught exception; source = Uncaught (in promise); stack = Error: Engine was never started
    at Engine.getStatus (file:///Users/marcus/Developer/card-keepr/node_modules/.pnpm/miniflare@5.20260908.0-alpha/node_modules/miniflare/dist/src/workers/workflows/binding.worker.js:14493:15)
uncaught exception; source = Uncaught (in promise); stack = Error: Engine was never started
    at Engine.getStatus (file:///Users/marcus/Developer/card-keepr/node_modules/.pnpm/miniflare@5.20260908.0-alpha/node_modules/miniflare/dist/src/workers/workflows/binding.worker.js:14493:15)
uncaught exception; source = Uncaught (in promise); stack = Error: instance.not_found
    at WorkflowBinding.get (file:///Users/marcus/Developer/card-keepr/node_modules/.pnpm/miniflare@5.20260908.0-alpha/node_modules/miniflare/dist/src/workers/workflows/binding.worker.js:15150:13)
uncaught exception; exception = workerd/io/io-context.c++:1642: failed: jsg.Error: The Workers runtime canceled this request because it detected that your Worker's code had hung and would never generate a response. Refer to: https://developers.cloudflare.com/workers/observability/errors/
stack: 105b4937f
uncaught exception; exception = workerd/io/io-context.c++:1642: failed: jsg.Error: The Workers runtime canceled this request because it detected that your Worker's code had hung and would never generate a response. Refer to: https://developers.cloudflare.com/workers/observability/errors/
stack: 10144937f
uncaught exception; exception = workerd/io/io-context.c++:1642: failed: jsg.Error: The Workers runtime canceled this request because it detected that your Worker's code had hung and would never generate a response. Refer to: https://developers.cloudflare.com/workers/observability/errors/
stack: 10144937f
uncaught exception; exception = workerd/io/io-context.c++:1642: failed: jsg.Error: The Workers runtime canceled this request because it detected that your Worker's code had hung and would never generate a response. Refer to: https://developers.cloudflare.com/workers/observability/errors/
stack: 10144937f
uncaught exception; exception = workerd/io/io-context.c++:1642: failed: jsg.Error: The Workers runtime canceled this request because it detected that your Worker's code had hung and would never generate a response. Refer to: https://developers.cloudflare.com/workers/observability/errors/
stack: 10144937f
uncaught exception; exception = workerd/io/io-context.c++:1642: failed: jsg.Error: The Workers runtime canceled this request because it detected that your Worker's code had hung and would never generate a response. Refer to: https://developers.cloudflare.com/workers/observability/errors/
stack: 105b4937f
uncaught exception; exception = workerd/api/actor-state.c++:1197: failed: broken.outputGateBroken; jsg.Error: Aborting engine: User called restart
stack: 105b4937f
uncaught exception; exception = workerd/io/io-context.c++:1642: failed: jsg.Error: The Workers runtime canceled this request because it detected that your Worker's code had hung and would never generate a response. Refer to: https://developers.cloudflare.com/workers/observability/errors/
stack: 105b4937f
uncaught exception; source = Uncaught (in promise); stack = Error: Engine was never started
    at Engine.getStatus (file:///Users/marcus/Developer/card-keepr/node_modules/.pnpm/miniflare@5.20260908.0-alpha/node_modules/miniflare/dist/src/workers/workflows/binding.worker.js:14493:15)
uncaught exception; source = Uncaught (in promise); stack = Error: Engine was never started
    at Engine.getStatus (file:///Users/marcus/Developer/card-keepr/node_modules/.pnpm/miniflare@5.20260908.0-alpha/node_modules/miniflare/dist/src/workers/workflows/binding.worker.js:14493:15)
uncaught exception; source = Uncaught (in promise); stack = Error: instance.not_found
    at WorkflowBinding.get (file:///Users/marcus/Developer/card-keepr/node_modules/.pnpm/miniflare@5.20260908.0-alpha/node_modules/miniflare/dist/src/workers/workflows/binding.worker.js:15150:13)
uncaught exception; exception = workerd/io/io-context.c++:1642: failed: jsg.Error: The Workers runtime canceled this request because it detected that your Worker's code had hung and would never generate a response. Refer to: https://developers.cloudflare.com/workers/observability/errors/
stack: 105b4937f
uncaught exception; source = Uncaught (in promise); stack = Error: D1_ERROR: synthetic_initial_parse_d1_outage: SQLITE_CONSTRAINT (extended: SQLITE_CONSTRAINT_TRIGGER)
    at D1DatabaseSessionAlwaysPrimary._sendOrThrow (cloudflare-internal:d1-api:188:19)
    at cloudflare-internal:d1-api:137:19
    at atomicBatch (/Users/marcus/Developer/card-keepr/src/catalogue/shared/catalogue-store-repository.ts:117:19)
    at finalizeParseOperation (/Users/marcus/Developer/card-keepr/src/catalogue/source-evidence/source-evidence-parsing.ts:278:3)
    at parseCapturedRequest (/Users/marcus/Developer/card-keepr/src/catalogue/source-evidence/source-evidence-capture.ts:620:28)
    at persistCapturedRequest (/Users/marcus/Developer/card-keepr/src/catalogue/source-evidence/source-evidence-batch.ts:218:5)
uncaught exception; exception = workerd/io/io-context.c++:1642: failed: jsg.Error: The Workers runtime canceled this request because it detected that your Worker's code had hung and would never generate a response. Refer to: https://developers.cloudflare.com/workers/observability/errors/
stack: 10144937f
uncaught exception; source = Uncaught (in promise); stack = Error: D1_ERROR: synthetic_initial_parse_d1_outage: SQLITE_CONSTRAINT (extended: SQLITE_CONSTRAINT_TRIGGER)
    at D1DatabaseSessionAlwaysPrimary._sendOrThrow (cloudflare-internal:d1-api:188:19)
    at cloudflare-internal:d1-api:137:19
    at atomicBatch (/Users/marcus/Developer/card-keepr/src/catalogue/shared/catalogue-store-repository.ts:117:19)
    at finalizeParseOperation (/Users/marcus/Developer/card-keepr/src/catalogue/source-evidence/source-evidence-parsing.ts:278:3)
    at parseCapturedRequest (/Users/marcus/Developer/card-keepr/src/catalogue/source-evidence/source-evidence-capture.ts:620:28)
    at persistCapturedRequest (/Users/marcus/Developer/card-keepr/src/catalogue/source-evidence/source-evidence-batch.ts:218:5)
uncaught exception; exception = workerd/io/io-context.c++:1642: failed: jsg.Error: The Workers runtime canceled this request because it detected that your Worker's code had hung and would never generate a response. Refer to: https://developers.cloudflare.com/workers/observability/errors/
stack: 10144937f
uncaught exception; exception = workerd/io/io-context.c++:1642: failed: jsg.Error: The Workers runtime canceled this request because it detected that your Worker's code had hung and would never generate a response. Refer to: https://developers.cloudflare.com/workers/observability/errors/
stack: 10144937f
uncaught exception; source = Uncaught (in promise); stack = Error: D1_ERROR: synthetic_initial_parse_d1_outage: SQLITE_CONSTRAINT (extended: SQLITE_CONSTRAINT_TRIGGER)
    at D1DatabaseSessionAlwaysPrimary._sendOrThrow (cloudflare-internal:d1-api:188:19)
    at cloudflare-internal:d1-api:137:19
    at atomicBatch (/Users/marcus/Developer/card-keepr/src/catalogue/shared/catalogue-store-repository.ts:117:19)
    at finalizeParseOperation (/Users/marcus/Developer/card-keepr/src/catalogue/source-evidence/source-evidence-parsing.ts:278:3)
    at parseCapturedRequest (/Users/marcus/Developer/card-keepr/src/catalogue/source-evidence/source-evidence-capture.ts:620:28)
    at persistCapturedRequest (/Users/marcus/Developer/card-keepr/src/catalogue/source-evidence/source-evidence-batch.ts:218:5)
uncaught exception; exception = workerd/io/io-context.c++:1642: failed: jsg.Error: The Workers runtime canceled this request because it detected that your Worker's code had hung and would never generate a response. Refer to: https://developers.cloudflare.com/workers/observability/errors/
stack: 10144937f
uncaught exception; exception = workerd/io/io-context.c++:1642: failed: jsg.Error: The Workers runtime canceled this request because it detected that your Worker's code had hung and would never generate a response. Refer to: https://developers.cloudflare.com/workers/observability/errors/
stack: 10144937f
uncaught exception; exception = workerd/io/io-context.c++:1642: failed: jsg.Error: The Workers runtime canceled this request because it detected that your Worker's code had hung and would never generate a response. Refer to: https://developers.cloudflare.com/workers/observability/errors/
stack: 10144937f
uncaught exception; source = Uncaught (in promise); stack = Error: D1_ERROR: synthetic_initial_parse_d1_outage: SQLITE_CONSTRAINT (extended: SQLITE_CONSTRAINT_TRIGGER)
    at D1DatabaseSessionAlwaysPrimary._sendOrThrow (cloudflare-internal:d1-api:188:19)
    at cloudflare-internal:d1-api:137:19
    at atomicBatch (/Users/marcus/Developer/card-keepr/src/catalogue/shared/catalogue-store-repository.ts:117:19)
    at finalizeParseOperation (/Users/marcus/Developer/card-keepr/src/catalogue/source-evidence/source-evidence-parsing.ts:278:3)
    at parseCapturedRequest (/Users/marcus/Developer/card-keepr/src/catalogue/source-evidence/source-evidence-capture.ts:620:28)
    at persistCapturedRequest (/Users/marcus/Developer/card-keepr/src/catalogue/source-evidence/source-evidence-batch.ts:218:5)
uncaught exception; source = Uncaught (in promise); stack = Error: D1_ERROR: synthetic_initial_parse_d1_outage: SQLITE_CONSTRAINT (extended: SQLITE_CONSTRAINT_TRIGGER)
    at async doWrapper (file:///Users/marcus/Developer/card-keepr/node_modules/.pnpm/miniflare@5.20260908.0-alpha/node_modules/miniflare/dist/src/workers/workflows/binding.worker.js:13525:53)
    at async Context.do (file:///Users/marcus/Developer/card-keepr/node_modules/.pnpm/miniflare@5.20260908.0-alpha/node_modules/miniflare/dist/src/workers/workflows/binding.worker.js:13789:17)
uncaught exception; source = Uncaught (in promise); stack = Error: D1_ERROR: synthetic_initial_parse_d1_outage: SQLITE_CONSTRAINT (extended: SQLITE_CONSTRAINT_TRIGGER)
    at async doWrapper (file:///Users/marcus/Developer/card-keepr/node_modules/.pnpm/miniflare@5.20260908.0-alpha/node_modules/miniflare/dist/src/workers/workflows/binding.worker.js:13525:53)
    at async Context.do (file:///Users/marcus/Developer/card-keepr/node_modules/.pnpm/miniflare@5.20260908.0-alpha/node_modules/miniflare/dist/src/workers/workflows/binding.worker.js:13789:17)
uncaught exception; exception = workerd/io/io-context.c++:1642: failed: jsg.Error: The Workers runtime canceled this request because it detected that your Worker's code had hung and would never generate a response. Refer to: https://developers.cloudflare.com/workers/observability/errors/
stack: 105b4937f
uncaught exception; exception = workerd/io/io-context.c++:1642: failed: jsg.Error: The Workers runtime canceled this request because it detected that your Worker's code had hung and would never generate a response. Refer to: https://developers.cloudflare.com/workers/observability/errors/
stack: 10144937f
uncaught exception; exception = workerd/io/io-context.c++:1642: failed: jsg.Error: The Workers runtime canceled this request because it detected that your Worker's code had hung and would never generate a response. Refer to: https://developers.cloudflare.com/workers/observability/errors/
stack: 10144937f
uncaught exception; exception = workerd/io/io-context.c++:1642: failed: jsg.Error: The Workers runtime canceled this request because it detected that your Worker's code had hung and would never generate a response. Refer to: https://developers.cloudflare.com/workers/observability/errors/
stack: 105b4937f
uncaught exception; source = Uncaught (in promise); stack = Error: Engine was never started
    at Engine.getStatus (file:///Users/marcus/Developer/card-keepr/node_modules/.pnpm/miniflare@5.20260908.0-alpha/node_modules/miniflare/dist/src/workers/workflows/binding.worker.js:14493:15)
uncaught exception; source = Uncaught (in promise); stack = Error: Engine was never started
    at Engine.getStatus (file:///Users/marcus/Developer/card-keepr/node_modules/.pnpm/miniflare@5.20260908.0-alpha/node_modules/miniflare/dist/src/workers/workflows/binding.worker.js:14493:15)
uncaught exception; source = Uncaught (in promise); stack = Error: instance.not_found
    at WorkflowBinding.get (file:///Users/marcus/Developer/card-keepr/node_modules/.pnpm/miniflare@5.20260908.0-alpha/node_modules/miniflare/dist/src/workers/workflows/binding.worker.js:15150:13)
uncaught exception; exception = workerd/io/io-context.c++:1642: failed: jsg.Error: The Workers runtime canceled this request because it detected that your Worker's code had hung and would never generate a response. Refer to: https://developers.cloudflare.com/workers/observability/errors/
stack: 105b4937f
uncaught exception; source = Uncaught (in promise); stack = Error: Engine was never started
    at Engine.getStatus (file:///Users/marcus/Developer/card-keepr/node_modules/.pnpm/miniflare@5.20260908.0-alpha/node_modules/miniflare/dist/src/workers/workflows/binding.worker.js:14493:15)
uncaught exception; source = Uncaught (in promise); stack = Error: Engine was never started
    at Engine.getStatus (file:///Users/marcus/Developer/card-keepr/node_modules/.pnpm/miniflare@5.20260908.0-alpha/node_modules/miniflare/dist/src/workers/workflows/binding.worker.js:14493:15)
uncaught exception; source = Uncaught (in promise); stack = Error: Engine was never started
    at Engine.getStatus (file:///Users/marcus/Developer/card-keepr/node_modules/.pnpm/miniflare@5.20260908.0-alpha/node_modules/miniflare/dist/src/workers/workflows/binding.worker.js:14493:15)
uncaught exception; source = Uncaught (in promise); stack = Error: Engine was never started
    at Engine.getStatus (file:///Users/marcus/Developer/card-keepr/node_modules/.pnpm/miniflare@5.20260908.0-alpha/node_modules/miniflare/dist/src/workers/workflows/binding.worker.js:14493:15)
uncaught exception; source = Uncaught (in promise); stack = Error: instance.not_found
    at WorkflowBinding.get (file:///Users/marcus/Developer/card-keepr/node_modules/.pnpm/miniflare@5.20260908.0-alpha/node_modules/miniflare/dist/src/workers/workflows/binding.worker.js:15150:13)
uncaught exception; source = Uncaught (in promise); stack = Error: instance.not_found
    at WorkflowBinding.get (file:///Users/marcus/Developer/card-keepr/node_modules/.pnpm/miniflare@5.20260908.0-alpha/node_modules/miniflare/dist/src/workers/workflows/binding.worker.js:15150:13)
uncaught exception; exception = workerd/api/actor-state.c++:1197: failed: broken.outputGateBroken; jsg.Error: Aborting engine: User called terminate
stack: 105b4937f
uncaught exception; exception = workerd/api/actor-state.c++:1197: failed: broken.outputGateBroken; jsg.Error: Aborting engine: User called terminate
stack: 105b4937f
uncaught exception; exception = workerd/api/actor-state.c++:1197: failed: broken.outputGateBroken; jsg.Error: Aborting engine: User called terminate
stack: 105b4937f
uncaught exception; exception = workerd/io/io-context.c++:1642: failed: jsg.Error: The Workers runtime canceled this request because it detected that your Worker's code had hung and would never generate a response. Refer to: https://developers.cloudflare.com/workers/observability/errors/
stack: 10144937f
uncaught exception; exception = workerd/io/io-context.c++:1642: failed: jsg.Error: The Workers runtime canceled this request because it detected that your Worker's code had hung and would never generate a response. Refer to: https://developers.cloudflare.com/workers/observability/errors/
stack: 10144937f
uncaught exception; exception = workerd/io/io-context.c++:1642: failed: jsg.Error: The Workers runtime canceled this request because it detected that your Worker's code had hung and would never generate a response. Refer to: https://developers.cloudflare.com/workers/observability/errors/
stack: 10144937f
uncaught exception; exception = workerd/io/io-context.c++:1642: failed: jsg.Error: The Workers runtime canceled this request because it detected that your Worker's code had hung and would never generate a response. Refer to: https://developers.cloudflare.com/workers/observability/errors/
stack: 10144937f
uncaught exception; exception = workerd/api/actor-state.c++:1197: failed: broken.outputGateBroken; jsg.Error: Aborting engine: User called restart
stack: 104c699f4
uncaught exception; exception = workerd/api/actor-state.c++:1197: failed: broken.outputGateBroken; jsg.Error: Aborting engine: User called restart
stack: 104c699f4
uncaught exception; exception = workerd/api/actor-state.c++:1197: failed: broken.outputGateBroken; jsg.Error: Aborting engine: User called restart
stack: 104c699f4
uncaught exception; exception = workerd/api/actor-state.c++:1197: failed: broken.outputGateBroken; jsg.Error: Aborting engine: User called restart
stack: 105b4937f
uncaught exception; source = Uncaught (in promise); stack = Error: Engine was never started
    at Engine.getStatus (file:///Users/marcus/Developer/card-keepr/node_modules/.pnpm/miniflare@5.20260908.0-alpha/node_modules/miniflare/dist/src/workers/workflows/binding.worker.js:14493:15)
uncaught exception; source = Uncaught (in promise); stack = Error: Engine was never started
    at Engine.getStatus (file:///Users/marcus/Developer/card-keepr/node_modules/.pnpm/miniflare@5.20260908.0-alpha/node_modules/miniflare/dist/src/workers/workflows/binding.worker.js:14493:15)
uncaught exception; source = Uncaught (in promise); stack = Error: instance.not_found
    at WorkflowBinding.get (file:///Users/marcus/Developer/card-keepr/node_modules/.pnpm/miniflare@5.20260908.0-alpha/node_modules/miniflare/dist/src/workers/workflows/binding.worker.js:15150:13)
uncaught exception; exception = workerd/io/io-context.c++:1642: failed: jsg.Error: The Workers runtime canceled this request because it detected that your Worker's code had hung and would never generate a response. Refer to: https://developers.cloudflare.com/workers/observability/errors/
stack: 105b4937f
uncaught exception; source = Uncaught (in promise); stack = Error: Engine was never started
    at Engine.getStatus (file:///Users/marcus/Developer/card-keepr/node_modules/.pnpm/miniflare@5.20260908.0-alpha/node_modules/miniflare/dist/src/workers/workflows/binding.worker.js:14493:15)
uncaught exception; source = Uncaught (in promise); stack = Error: Engine was never started
    at Engine.getStatus (file:///Users/marcus/Developer/card-keepr/node_modules/.pnpm/miniflare@5.20260908.0-alpha/node_modules/miniflare/dist/src/workers/workflows/binding.worker.js:14493:15)
uncaught exception; source = Uncaught (in promise); stack = Error: instance.not_found
    at WorkflowBinding.get (file:///Users/marcus/Developer/card-keepr/node_modules/.pnpm/miniflare@5.20260908.0-alpha/node_modules/miniflare/dist/src/workers/workflows/binding.worker.js:15150:13)
uncaught exception; exception = workerd/io/io-context.c++:1642: failed: jsg.Error: The Workers runtime canceled this request because it detected that your Worker's code had hung and would never generate a response. Refer to: https://developers.cloudflare.com/workers/observability/errors/
stack: 10144937f
uncaught exception; exception = workerd/io/io-context.c++:1642: failed: jsg.Error: The Workers runtime canceled this request because it detected that your Worker's code had hung and would never generate a response. Refer to: https://developers.cloudflare.com/workers/observability/errors/
stack: 105b4937f
uncaught exception; source = Uncaught (in promise); stack = Error: Engine was never started
    at Engine.getStatus (file:///Users/marcus/Developer/card-keepr/node_modules/.pnpm/miniflare@5.20260908.0-alpha/node_modules/miniflare/dist/src/workers/workflows/binding.worker.js:14493:15)
uncaught exception; source = Uncaught (in promise); stack = Error: Engine was never started
    at Engine.getStatus (file:///Users/marcus/Developer/card-keepr/node_modules/.pnpm/miniflare@5.20260908.0-alpha/node_modules/miniflare/dist/src/workers/workflows/binding.worker.js:14493:15)
uncaught exception; source = Uncaught (in promise); stack = Error: instance.not_found
    at WorkflowBinding.get (file:///Users/marcus/Developer/card-keepr/node_modules/.pnpm/miniflare@5.20260908.0-alpha/node_modules/miniflare/dist/src/workers/workflows/binding.worker.js:15150:13)
uncaught exception; exception = workerd/io/io-context.c++:1642: failed: jsg.Error: The Workers runtime canceled this request because it detected that your Worker's code had hung and would never generate a response. Refer to: https://developers.cloudflare.com/workers/observability/errors/
stack: 105b4937f
uncaught exception; source = Uncaught (in promise); stack = Error: Engine was never started
    at Engine.getStatus (file:///Users/marcus/Developer/card-keepr/node_modules/.pnpm/miniflare@5.20260908.0-alpha/node_modules/miniflare/dist/src/workers/workflows/binding.worker.js:14493:15)
uncaught exception; source = Uncaught (in promise); stack = Error: Engine was never started
    at Engine.getStatus (file:///Users/marcus/Developer/card-keepr/node_modules/.pnpm/miniflare@5.20260908.0-alpha/node_modules/miniflare/dist/src/workers/workflows/binding.worker.js:14493:15)
uncaught exception; source = Uncaught (in promise); stack = Error: instance.not_found
    at WorkflowBinding.get (file:///Users/marcus/Developer/card-keepr/node_modules/.pnpm/miniflare@5.20260908.0-alpha/node_modules/miniflare/dist/src/workers/workflows/binding.worker.js:15150:13)
uncaught exception; source = Uncaught (in promise); stack = Error: Engine was never started
    at Engine.getStatus (file:///Users/marcus/Developer/card-keepr/node_modules/.pnpm/miniflare@5.20260908.0-alpha/node_modules/miniflare/dist/src/workers/workflows/binding.worker.js:14493:15)
uncaught exception; source = Uncaught (in promise); stack = Error: Engine was never started
    at Engine.getStatus (file:///Users/marcus/Developer/card-keepr/node_modules/.pnpm/miniflare@5.20260908.0-alpha/node_modules/miniflare/dist/src/workers/workflows/binding.worker.js:14493:15)
uncaught exception; source = Uncaught (in promise); stack = Error: instance.not_found
    at WorkflowBinding.get (file:///Users/marcus/Developer/card-keepr/node_modules/.pnpm/miniflare@5.20260908.0-alpha/node_modules/miniflare/dist/src/workers/workflows/binding.worker.js:15150:13)
uncaught exception; exception = workerd/io/io-context.c++:1642: failed: jsg.Error: The Workers runtime canceled this request because it detected that your Worker's code had hung and would never generate a response. Refer to: https://developers.cloudflare.com/workers/observability/errors/
stack: 105b4937f
uncaught exception; source = Uncaught (in promise); stack = Error: Engine was never started
    at Engine.getStatus (file:///Users/marcus/Developer/card-keepr/node_modules/.pnpm/miniflare@5.20260908.0-alpha/node_modules/miniflare/dist/src/workers/workflows/binding.worker.js:14493:15)
uncaught exception; source = Uncaught (in promise); stack = Error: Engine was never started
    at Engine.getStatus (file:///Users/marcus/Developer/card-keepr/node_modules/.pnpm/miniflare@5.20260908.0-alpha/node_modules/miniflare/dist/src/workers/workflows/binding.worker.js:14493:15)
uncaught exception; source = Uncaught (in promise); stack = Error: instance.not_found
    at WorkflowBinding.get (file:///Users/marcus/Developer/card-keepr/node_modules/.pnpm/miniflare@5.20260908.0-alpha/node_modules/miniflare/dist/src/workers/workflows/binding.worker.js:15150:13)
uncaught exception; exception = workerd/api/actor-state.c++:1197: failed: broken.outputGateBroken; jsg.Error: Aborting engine: User called terminate
stack: 105b4937f
uncaught exception; exception = workerd/api/actor-state.c++:1197: failed: broken.outputGateBroken; jsg.Error: Aborting engine: User called terminate
stack: 105b4937f
uncaught exception; exception = workerd/api/actor-state.c++:1197: failed: broken.outputGateBroken; jsg.Error: Aborting engine: User called terminate
stack: 105b4937f
uncaught exception; exception = workerd/io/io-context.c++:1642: failed: jsg.Error: The Workers runtime canceled this request because it detected that your Worker's code had hung and would never generate a response. Refer to: https://developers.cloudflare.com/workers/observability/errors/
stack: 10144937f
uncaught exception; exception = workerd/io/io-context.c++:1642: failed: jsg.Error: The Workers runtime canceled this request because it detected that your Worker's code had hung and would never generate a response. Refer to: https://developers.cloudflare.com/workers/observability/errors/
stack: 105b4937f
uncaught exception; source = Uncaught (in promise); stack = Error: Engine was never started
    at Engine.getStatus (file:///Users/marcus/Developer/card-keepr/node_modules/.pnpm/miniflare@5.20260908.0-alpha/node_modules/miniflare/dist/src/workers/workflows/binding.worker.js:14493:15)
uncaught exception; source = Uncaught (in promise); stack = Error: Engine was never started
    at Engine.getStatus (file:///Users/marcus/Developer/card-keepr/node_modules/.pnpm/miniflare@5.20260908.0-alpha/node_modules/miniflare/dist/src/workers/workflows/binding.worker.js:14493:15)
uncaught exception; source = Uncaught (in promise); stack = Error: instance.not_found
    at WorkflowBinding.get (file:///Users/marcus/Developer/card-keepr/node_modules/.pnpm/miniflare@5.20260908.0-alpha/node_modules/miniflare/dist/src/workers/workflows/binding.worker.js:15150:13)
uncaught exception; exception = workerd/io/io-context.c++:1642: failed: jsg.Error: The Workers runtime canceled this request because it detected that your Worker's code had hung and would never generate a response. Refer to: https://developers.cloudflare.com/workers/observability/errors/
stack: 105b4937f
uncaught exception; source = Uncaught (in promise); stack = Error: Engine was never started
    at Engine.getStatus (file:///Users/marcus/Developer/card-keepr/node_modules/.pnpm/miniflare@5.20260908.0-alpha/node_modules/miniflare/dist/src/workers/workflows/binding.worker.js:14493:15)
uncaught exception; source = Uncaught (in promise); stack = Error: Engine was never started
    at Engine.getStatus (file:///Users/marcus/Developer/card-keepr/node_modules/.pnpm/miniflare@5.20260908.0-alpha/node_modules/miniflare/dist/src/workers/workflows/binding.worker.js:14493:15)
uncaught exception; source = Uncaught (in promise); stack = Error: instance.not_found
    at WorkflowBinding.get (file:///Users/marcus/Developer/card-keepr/node_modules/.pnpm/miniflare@5.20260908.0-alpha/node_modules/miniflare/dist/src/workers/workflows/binding.worker.js:15150:13)
uncaught exception; source = Uncaught (in promise); stack = Error: Engine was never started
    at Engine.getStatus (file:///Users/marcus/Developer/card-keepr/node_modules/.pnpm/miniflare@5.20260908.0-alpha/node_modules/miniflare/dist/src/workers/workflows/binding.worker.js:14493:15)
uncaught exception; source = Uncaught (in promise); stack = Error: Engine was never started
    at Engine.getStatus (file:///Users/marcus/Developer/card-keepr/node_modules/.pnpm/miniflare@5.20260908.0-alpha/node_modules/miniflare/dist/src/workers/workflows/binding.worker.js:14493:15)
uncaught exception; source = Uncaught (in promise); stack = Error: Engine was never started
    at Engine.getStatus (file:///Users/marcus/Developer/card-keepr/node_modules/.pnpm/miniflare@5.20260908.0-alpha/node_modules/miniflare/dist/src/workers/workflows/binding.worker.js:14493:15)
uncaught exception; source = Uncaught (in promise); stack = Error: Engine was never started
    at Engine.getStatus (file:///Users/marcus/Developer/card-keepr/node_modules/.pnpm/miniflare@5.20260908.0-alpha/node_modules/miniflare/dist/src/workers/workflows/binding.worker.js:14493:15)
uncaught exception; source = Uncaught (in promise); stack = Error: Engine was never started
    at Engine.getStatus (file:///Users/marcus/Developer/card-keepr/node_modules/.pnpm/miniflare@5.20260908.0-alpha/node_modules/miniflare/dist/src/workers/workflows/binding.worker.js:14493:15)
uncaught exception; source = Uncaught (in promise); stack = Error: instance.not_found
    at WorkflowBinding.get (file:///Users/marcus/Developer/card-keepr/node_modules/.pnpm/miniflare@5.20260908.0-alpha/node_modules/miniflare/dist/src/workers/workflows/binding.worker.js:15150:13)
uncaught exception; source = Uncaught (in promise); stack = Error: Engine was never started
    at Engine.getStatus (file:///Users/marcus/Developer/card-keepr/node_modules/.pnpm/miniflare@5.20260908.0-alpha/node_modules/miniflare/dist/src/workers/workflows/binding.worker.js:14493:15)
uncaught exception; source = Uncaught (in promise); stack = Error: Engine was never started
    at Engine.getStatus (file:///Users/marcus/Developer/card-keepr/node_modules/.pnpm/miniflare@5.20260908.0-alpha/node_modules/miniflare/dist/src/workers/workflows/binding.worker.js:14493:15)
uncaught exception; source = Uncaught (in promise); stack = Error: Engine was never started
    at Engine.getStatus (file:///Users/marcus/Developer/card-keepr/node_modules/.pnpm/miniflare@5.20260908.0-alpha/node_modules/miniflare/dist/src/workers/workflows/binding.worker.js:14493:15)
uncaught exception; source = Uncaught (in promise); stack = Error: instance.not_found
    at WorkflowBinding.get (file:///Users/marcus/Developer/card-keepr/node_modules/.pnpm/miniflare@5.20260908.0-alpha/node_modules/miniflare/dist/src/workers/workflows/binding.worker.js:15150:13)
uncaught exception; source = Uncaught (in promise); stack = Error: instance.not_found
    at WorkflowBinding.get (file:///Users/marcus/Developer/card-keepr/node_modules/.pnpm/miniflare@5.20260908.0-alpha/node_modules/miniflare/dist/src/workers/workflows/binding.worker.js:15150:13)
uncaught exception; source = Uncaught (in promise); stack = Error: instance.not_found
    at WorkflowBinding.get (file:///Users/marcus/Developer/card-keepr/node_modules/.pnpm/miniflare@5.20260908.0-alpha/node_modules/miniflare/dist/src/workers/workflows/binding.worker.js:15150:13)
uncaught exception; source = Uncaught (in promise); stack = Error: Engine was never started
    at Engine.getStatus (file:///Users/marcus/Developer/card-keepr/node_modules/.pnpm/miniflare@5.20260908.0-alpha/node_modules/miniflare/dist/src/workers/workflows/binding.worker.js:14493:15)
uncaught exception; source = Uncaught (in promise); stack = Error: Engine was never started
    at Engine.getStatus (file:///Users/marcus/Developer/card-keepr/node_modules/.pnpm/miniflare@5.20260908.0-alpha/node_modules/miniflare/dist/src/workers/workflows/binding.worker.js:14493:15)
uncaught exception; source = Uncaught (in promise); stack = Error: instance.not_found
    at WorkflowBinding.get (file:///Users/marcus/Developer/card-keepr/node_modules/.pnpm/miniflare@5.20260908.0-alpha/node_modules/miniflare/dist/src/workers/workflows/binding.worker.js:15150:13)
uncaught exception; source = Uncaught (in promise); stack = Error: Engine was never started
    at Engine.getStatus (file:///Users/marcus/Developer/card-keepr/node_modules/.pnpm/miniflare@5.20260908.0-alpha/node_modules/miniflare/dist/src/workers/workflows/binding.worker.js:14493:15)
uncaught exception; source = Uncaught (in promise); stack = Error: Engine was never started
    at Engine.getStatus (file:///Users/marcus/Developer/card-keepr/node_modules/.pnpm/miniflare@5.20260908.0-alpha/node_modules/miniflare/dist/src/workers/workflows/binding.worker.js:14493:15)
uncaught exception; source = Uncaught (in promise); stack = Error: instance.not_found
    at WorkflowBinding.get (file:///Users/marcus/Developer/card-keepr/node_modules/.pnpm/miniflare@5.20260908.0-alpha/node_modules/miniflare/dist/src/workers/workflows/binding.worker.js:15150:13)
uncaught exception; exception = workerd/io/io-context.c++:1642: failed: jsg.Error: The Workers runtime canceled this request because it detected that your Worker's code had hung and would never generate a response. Refer to: https://developers.cloudflare.com/workers/observability/errors/
stack: 105b4937f
uncaught exception; source = Uncaught (in promise); stack = Error: Engine was never started
    at Engine.getStatus (file:///Users/marcus/Developer/card-keepr/node_modules/.pnpm/miniflare@5.20260908.0-alpha/node_modules/miniflare/dist/src/workers/workflows/binding.worker.js:14493:15)
uncaught exception; source = Uncaught (in promise); stack = Error: Engine was never started
    at Engine.getStatus (file:///Users/marcus/Developer/card-keepr/node_modules/.pnpm/miniflare@5.20260908.0-alpha/node_modules/miniflare/dist/src/workers/workflows/binding.worker.js:14493:15)
uncaught exception; source = Uncaught (in promise); stack = Error: instance.not_found
    at WorkflowBinding.get (file:///Users/marcus/Developer/card-keepr/node_modules/.pnpm/miniflare@5.20260908.0-alpha/node_modules/miniflare/dist/src/workers/workflows/binding.worker.js:15150:13)
uncaught exception; source = Uncaught (in promise); stack = Error: Engine was never started
    at Engine.getStatus (file:///Users/marcus/Developer/card-keepr/node_modules/.pnpm/miniflare@5.20260908.0-alpha/node_modules/miniflare/dist/src/workers/workflows/binding.worker.js:14493:15)
uncaught exception; source = Uncaught (in promise); stack = Error: Engine was never started
    at Engine.getStatus (file:///Users/marcus/Developer/card-keepr/node_modules/.pnpm/miniflare@5.20260908.0-alpha/node_modules/miniflare/dist/src/workers/workflows/binding.worker.js:14493:15)
uncaught exception; source = Uncaught (in promise); stack = Error: instance.not_found
    at WorkflowBinding.get (file:///Users/marcus/Developer/card-keepr/node_modules/.pnpm/miniflare@5.20260908.0-alpha/node_modules/miniflare/dist/src/workers/workflows/binding.worker.js:15150:13)
uncaught exception; source = Uncaught (in promise); stack = Error: Engine was never started
    at Engine.getStatus (file:///Users/marcus/Developer/card-keepr/node_modules/.pnpm/miniflare@5.20260908.0-alpha/node_modules/miniflare/dist/src/workers/workflows/binding.worker.js:14493:15)
uncaught exception; source = Uncaught (in promise); stack = Error: Engine was never started
    at Engine.getStatus (file:///Users/marcus/Developer/card-keepr/node_modules/.pnpm/miniflare@5.20260908.0-alpha/node_modules/miniflare/dist/src/workers/workflows/binding.worker.js:14493:15)
uncaught exception; source = Uncaught (in promise); stack = Error: instance.not_found
    at WorkflowBinding.get (file:///Users/marcus/Developer/card-keepr/node_modules/.pnpm/miniflare@5.20260908.0-alpha/node_modules/miniflare/dist/src/workers/workflows/binding.worker.js:15150:13)
uncaught exception; source = Uncaught (in promise); stack = Error: Engine was never started
    at Engine.getStatus (file:///Users/marcus/Developer/card-keepr/node_modules/.pnpm/miniflare@5.20260908.0-alpha/node_modules/miniflare/dist/src/workers/workflows/binding.worker.js:14493:15)
uncaught exception; source = Uncaught (in promise); stack = Error: Engine was never started
    at Engine.getStatus (file:///Users/marcus/Developer/card-keepr/node_modules/.pnpm/miniflare@5.20260908.0-alpha/node_modules/miniflare/dist/src/workers/workflows/binding.worker.js:14493:15)
uncaught exception; source = Uncaught (in promise); stack = Error: instance.not_found
    at WorkflowBinding.get (file:///Users/marcus/Developer/card-keepr/node_modules/.pnpm/miniflare@5.20260908.0-alpha/node_modules/miniflare/dist/src/workers/workflows/binding.worker.js:15150:13)
uncaught exception; source = Uncaught (in promise); stack = Error: Engine was never started
    at Engine.getStatus (file:///Users/marcus/Developer/card-keepr/node_modules/.pnpm/miniflare@5.20260908.0-alpha/node_modules/miniflare/dist/src/workers/workflows/binding.worker.js:14493:15)
uncaught exception; source = Uncaught (in promise); stack = Error: Engine was never started
    at Engine.getStatus (file:///Users/marcus/Developer/card-keepr/node_modules/.pnpm/miniflare@5.20260908.0-alpha/node_modules/miniflare/dist/src/workers/workflows/binding.worker.js:14493:15)
uncaught exception; source = Uncaught (in promise); stack = Error: instance.not_found
    at WorkflowBinding.get (file:///Users/marcus/Developer/card-keepr/node_modules/.pnpm/miniflare@5.20260908.0-alpha/node_modules/miniflare/dist/src/workers/workflows/binding.worker.js:15150:13)
uncaught exception; source = Uncaught (in promise); stack = Error: Engine was never started
    at Engine.getStatus (file:///Users/marcus/Developer/card-keepr/node_modules/.pnpm/miniflare@5.20260908.0-alpha/node_modules/miniflare/dist/src/workers/workflows/binding.worker.js:14493:15)
uncaught exception; source = Uncaught (in promise); stack = Error: Engine was never started
    at Engine.getStatus (file:///Users/marcus/Developer/card-keepr/node_modules/.pnpm/miniflare@5.20260908.0-alpha/node_modules/miniflare/dist/src/workers/workflows/binding.worker.js:14493:15)
uncaught exception; source = Uncaught (in promise); stack = Error: instance.not_found
    at WorkflowBinding.get (file:///Users/marcus/Developer/card-keepr/node_modules/.pnpm/miniflare@5.20260908.0-alpha/node_modules/miniflare/dist/src/workers/workflows/binding.worker.js:15150:13)
uncaught exception; source = Uncaught (in promise); stack = Error: Engine was never started
    at Engine.getStatus (file:///Users/marcus/Developer/card-keepr/node_modules/.pnpm/miniflare@5.20260908.0-alpha/node_modules/miniflare/dist/src/workers/workflows/binding.worker.js:14493:15)
uncaught exception; source = Uncaught (in promise); stack = Error: Engine was never started
    at Engine.getStatus (file:///Users/marcus/Developer/card-keepr/node_modules/.pnpm/miniflare@5.20260908.0-alpha/node_modules/miniflare/dist/src/workers/workflows/binding.worker.js:14493:15)
uncaught exception; source = Uncaught (in promise); stack = Error: instance.not_found
    at WorkflowBinding.get (file:///Users/marcus/Developer/card-keepr/node_modules/.pnpm/miniflare@5.20260908.0-alpha/node_modules/miniflare/dist/src/workers/workflows/binding.worker.js:15150:13)
uncaught exception; source = Uncaught (in promise); stack = Error: Engine was never started
    at Engine.getStatus (file:///Users/marcus/Developer/card-keepr/node_modules/.pnpm/miniflare@5.20260908.0-alpha/node_modules/miniflare/dist/src/workers/workflows/binding.worker.js:14493:15)
uncaught exception; source = Uncaught (in promise); stack = Error: Engine was never started
    at Engine.getStatus (file:///Users/marcus/Developer/card-keepr/node_modules/.pnpm/miniflare@5.20260908.0-alpha/node_modules/miniflare/dist/src/workers/workflows/binding.worker.js:14493:15)
uncaught exception; source = Uncaught (in promise); stack = Error: instance.not_found
    at WorkflowBinding.get (file:///Users/marcus/Developer/card-keepr/node_modules/.pnpm/miniflare@5.20260908.0-alpha/node_modules/miniflare/dist/src/workers/workflows/binding.worker.js:15150:13)
uncaught exception; source = Uncaught (in promise); stack = Error: Engine was never started
    at Engine.getStatus (file:///Users/marcus/Developer/card-keepr/node_modules/.pnpm/miniflare@5.20260908.0-alpha/node_modules/miniflare/dist/src/workers/workflows/binding.worker.js:14493:15)
uncaught exception; source = Uncaught (in promise); stack = Error: Engine was never started
    at Engine.getStatus (file:///Users/marcus/Developer/card-keepr/node_modules/.pnpm/miniflare@5.20260908.0-alpha/node_modules/miniflare/dist/src/workers/workflows/binding.worker.js:14493:15)
uncaught exception; source = Uncaught (in promise); stack = Error: instance.not_found
    at WorkflowBinding.get (file:///Users/marcus/Developer/card-keepr/node_modules/.pnpm/miniflare@5.20260908.0-alpha/node_modules/miniflare/dist/src/workers/workflows/binding.worker.js:15150:13)
uncaught exception; source = Uncaught (in promise); stack = Error: Engine was never started
    at Engine.getStatus (file:///Users/marcus/Developer/card-keepr/node_modules/.pnpm/miniflare@5.20260908.0-alpha/node_modules/miniflare/dist/src/workers/workflows/binding.worker.js:14493:15)
uncaught exception; source = Uncaught (in promise); stack = Error: Engine was never started
    at Engine.getStatus (file:///Users/marcus/Developer/card-keepr/node_modules/.pnpm/miniflare@5.20260908.0-alpha/node_modules/miniflare/dist/src/workers/workflows/binding.worker.js:14493:15)
uncaught exception; source = Uncaught (in promise); stack = Error: instance.not_found
    at WorkflowBinding.get (file:///Users/marcus/Developer/card-keepr/node_modules/.pnpm/miniflare@5.20260908.0-alpha/node_modules/miniflare/dist/src/workers/workflows/binding.worker.js:15150:13)
uncaught exception; source = Uncaught (in promise); stack = Error: Engine was never started
    at Engine.getStatus (file:///Users/marcus/Developer/card-keepr/node_modules/.pnpm/miniflare@5.20260908.0-alpha/node_modules/miniflare/dist/src/workers/workflows/binding.worker.js:14493:15)
uncaught exception; source = Uncaught (in promise); stack = Error: Engine was never started
    at Engine.getStatus (file:///Users/marcus/Developer/card-keepr/node_modules/.pnpm/miniflare@5.20260908.0-alpha/node_modules/miniflare/dist/src/workers/workflows/binding.worker.js:14493:15)
uncaught exception; source = Uncaught (in promise); stack = Error: instance.not_found
    at WorkflowBinding.get (file:///Users/marcus/Developer/card-keepr/node_modules/.pnpm/miniflare@5.20260908.0-alpha/node_modules/miniflare/dist/src/workers/workflows/binding.worker.js:15150:13)
uncaught exception; source = Uncaught (in promise); stack = Error: Engine was never started
    at Engine.getStatus (file:///Users/marcus/Developer/card-keepr/node_modules/.pnpm/miniflare@5.20260908.0-alpha/node_modules/miniflare/dist/src/workers/workflows/binding.worker.js:14493:15)
uncaught exception; source = Uncaught (in promise); stack = Error: Engine was never started
    at Engine.getStatus (file:///Users/marcus/Developer/card-keepr/node_modules/.pnpm/miniflare@5.20260908.0-alpha/node_modules/miniflare/dist/src/workers/workflows/binding.worker.js:14493:15)
uncaught exception; source = Uncaught (in promise); stack = Error: instance.not_found
    at WorkflowBinding.get (file:///Users/marcus/Developer/card-keepr/node_modules/.pnpm/miniflare@5.20260908.0-alpha/node_modules/miniflare/dist/src/workers/workflows/binding.worker.js:15150:13)
uncaught exception; source = Uncaught (in promise); stack = Error: Engine was never started
    at Engine.getStatus (file:///Users/marcus/Developer/card-keepr/node_modules/.pnpm/miniflare@5.20260908.0-alpha/node_modules/miniflare/dist/src/workers/workflows/binding.worker.js:14493:15)
uncaught exception; source = Uncaught (in promise); stack = Error: Engine was never started
    at Engine.getStatus (file:///Users/marcus/Developer/card-keepr/node_modules/.pnpm/miniflare@5.20260908.0-alpha/node_modules/miniflare/dist/src/workers/workflows/binding.worker.js:14493:15)
uncaught exception; source = Uncaught (in promise); stack = Error: instance.not_found
    at WorkflowBinding.get (file:///Users/marcus/Developer/card-keepr/node_modules/.pnpm/miniflare@5.20260908.0-alpha/node_modules/miniflare/dist/src/workers/workflows/binding.worker.js:15150:13)
uncaught exception; source = Uncaught (in promise); stack = Error: Engine was never started
    at Engine.getStatus (file:///Users/marcus/Developer/card-keepr/node_modules/.pnpm/miniflare@5.20260908.0-alpha/node_modules/miniflare/dist/src/workers/workflows/binding.worker.js:14493:15)
uncaught exception; source = Uncaught (in promise); stack = Error: Engine was never started
    at Engine.getStatus (file:///Users/marcus/Developer/card-keepr/node_modules/.pnpm/miniflare@5.20260908.0-alpha/node_modules/miniflare/dist/src/workers/workflows/binding.worker.js:14493:15)
uncaught exception; source = Uncaught (in promise); stack = Error: instance.not_found
    at WorkflowBinding.get (file:///Users/marcus/Developer/card-keepr/node_modules/.pnpm/miniflare@5.20260908.0-alpha/node_modules/miniflare/dist/src/workers/workflows/binding.worker.js:15150:13)
uncaught exception; source = Uncaught (in promise); stack = Error: Engine was never started
    at Engine.getStatus (file:///Users/marcus/Developer/card-keepr/node_modules/.pnpm/miniflare@5.20260908.0-alpha/node_modules/miniflare/dist/src/workers/workflows/binding.worker.js:14493:15)
uncaught exception; source = Uncaught (in promise); stack = Error: Engine was never started
    at Engine.getStatus (file:///Users/marcus/Developer/card-keepr/node_modules/.pnpm/miniflare@5.20260908.0-alpha/node_modules/miniflare/dist/src/workers/workflows/binding.worker.js:14493:15)
uncaught exception; source = Uncaught (in promise); stack = Error: instance.not_found
    at WorkflowBinding.get (file:///Users/marcus/Developer/card-keepr/node_modules/.pnpm/miniflare@5.20260908.0-alpha/node_modules/miniflare/dist/src/workers/workflows/binding.worker.js:15150:13)
uncaught exception; source = Uncaught (in promise); stack = Error: Engine was never started
    at Engine.getStatus (file:///Users/marcus/Developer/card-keepr/node_modules/.pnpm/miniflare@5.20260908.0-alpha/node_modules/miniflare/dist/src/workers/workflows/binding.worker.js:14493:15)
uncaught exception; source = Uncaught (in promise); stack = Error: Engine was never started
    at Engine.getStatus (file:///Users/marcus/Developer/card-keepr/node_modules/.pnpm/miniflare@5.20260908.0-alpha/node_modules/miniflare/dist/src/workers/workflows/binding.worker.js:14493:15)
uncaught exception; source = Uncaught (in promise); stack = Error: instance.not_found
    at WorkflowBinding.get (file:///Users/marcus/Developer/card-keepr/node_modules/.pnpm/miniflare@5.20260908.0-alpha/node_modules/miniflare/dist/src/workers/workflows/binding.worker.js:15150:13)
uncaught exception; source = Uncaught (in promise); stack = Error: Engine was never started
    at Engine.getStatus (file:///Users/marcus/Developer/card-keepr/node_modules/.pnpm/miniflare@5.20260908.0-alpha/node_modules/miniflare/dist/src/workers/workflows/binding.worker.js:14493:15)
uncaught exception; source = Uncaught (in promise); stack = Error: Engine was never started
    at Engine.getStatus (file:///Users/marcus/Developer/card-keepr/node_modules/.pnpm/miniflare@5.20260908.0-alpha/node_modules/miniflare/dist/src/workers/workflows/binding.worker.js:14493:15)
uncaught exception; source = Uncaught (in promise); stack = Error: instance.not_found
    at WorkflowBinding.get (file:///Users/marcus/Developer/card-keepr/node_modules/.pnpm/miniflare@5.20260908.0-alpha/node_modules/miniflare/dist/src/workers/workflows/binding.worker.js:15150:13)
uncaught exception; source = Uncaught (in promise); stack = Error: Engine was never started
    at Engine.getStatus (file:///Users/marcus/Developer/card-keepr/node_modules/.pnpm/miniflare@5.20260908.0-alpha/node_modules/miniflare/dist/src/workers/workflows/binding.worker.js:14493:15)
uncaught exception; source = Uncaught (in promise); stack = Error: Engine was never started
    at Engine.getStatus (file:///Users/marcus/Developer/card-keepr/node_modules/.pnpm/miniflare@5.20260908.0-alpha/node_modules/miniflare/dist/src/workers/workflows/binding.worker.js:14493:15)
uncaught exception; source = Uncaught (in promise); stack = Error: instance.not_found
    at WorkflowBinding.get (file:///Users/marcus/Developer/card-keepr/node_modules/.pnpm/miniflare@5.20260908.0-alpha/node_modules/miniflare/dist/src/workers/workflows/binding.worker.js:15150:13)
uncaught exception; source = Uncaught (in promise); stack = Error: Engine was never started
    at Engine.getStatus (file:///Users/marcus/Developer/card-keepr/node_modules/.pnpm/miniflare@5.20260908.0-alpha/node_modules/miniflare/dist/src/workers/workflows/binding.worker.js:14493:15)
uncaught exception; source = Uncaught (in promise); stack = Error: Engine was never started
    at Engine.getStatus (file:///Users/marcus/Developer/card-keepr/node_modules/.pnpm/miniflare@5.20260908.0-alpha/node_modules/miniflare/dist/src/workers/workflows/binding.worker.js:14493:15)
uncaught exception; source = Uncaught (in promise); stack = Error: instance.not_found
    at WorkflowBinding.get (file:///Users/marcus/Developer/card-keepr/node_modules/.pnpm/miniflare@5.20260908.0-alpha/node_modules/miniflare/dist/src/workers/workflows/binding.worker.js:15150:13)
uncaught exception; source = Uncaught (in promise); stack = Error: Engine was never started
    at Engine.getStatus (file:///Users/marcus/Developer/card-keepr/node_modules/.pnpm/miniflare@5.20260908.0-alpha/node_modules/miniflare/dist/src/workers/workflows/binding.worker.js:14493:15)
uncaught exception; source = Uncaught (in promise); stack = Error: Engine was never started
    at Engine.getStatus (file:///Users/marcus/Developer/card-keepr/node_modules/.pnpm/miniflare@5.20260908.0-alpha/node_modules/miniflare/dist/src/workers/workflows/binding.worker.js:14493:15)
uncaught exception; source = Uncaught (in promise); stack = Error: instance.not_found
    at WorkflowBinding.get (file:///Users/marcus/Developer/card-keepr/node_modules/.pnpm/miniflare@5.20260908.0-alpha/node_modules/miniflare/dist/src/workers/workflows/binding.worker.js:15150:13)
uncaught exception; source = Uncaught (in promise); stack = Error: Engine was never started
    at Engine.getStatus (file:///Users/marcus/Developer/card-keepr/node_modules/.pnpm/miniflare@5.20260908.0-alpha/node_modules/miniflare/dist/src/workers/workflows/binding.worker.js:14493:15)
uncaught exception; source = Uncaught (in promise); stack = Error: Engine was never started
    at Engine.getStatus (file:///Users/marcus/Developer/card-keepr/node_modules/.pnpm/miniflare@5.20260908.0-alpha/node_modules/miniflare/dist/src/workers/workflows/binding.worker.js:14493:15)
uncaught exception; source = Uncaught (in promise); stack = Error: instance.not_found
    at WorkflowBinding.get (file:///Users/marcus/Developer/card-keepr/node_modules/.pnpm/miniflare@5.20260908.0-alpha/node_modules/miniflare/dist/src/workers/workflows/binding.worker.js:15150:13)
uncaught exception; source = Uncaught (in promise); stack = Error: Engine was never started
    at Engine.getStatus (file:///Users/marcus/Developer/card-keepr/node_modules/.pnpm/miniflare@5.20260908.0-alpha/node_modules/miniflare/dist/src/workers/workflows/binding.worker.js:14493:15)
uncaught exception; source = Uncaught (in promise); stack = Error: Engine was never started
    at Engine.getStatus (file:///Users/marcus/Developer/card-keepr/node_modules/.pnpm/miniflare@5.20260908.0-alpha/node_modules/miniflare/dist/src/workers/workflows/binding.worker.js:14493:15)
uncaught exception; source = Uncaught (in promise); stack = Error: instance.not_found
    at WorkflowBinding.get (file:///Users/marcus/Developer/card-keepr/node_modules/.pnpm/miniflare@5.20260908.0-alpha/node_modules/miniflare/dist/src/workers/workflows/binding.worker.js:15150:13)
uncaught exception; source = Uncaught (in promise); stack = Error: Engine was never started
    at Engine.getStatus (file:///Users/marcus/Developer/card-keepr/node_modules/.pnpm/miniflare@5.20260908.0-alpha/node_modules/miniflare/dist/src/workers/workflows/binding.worker.js:14493:15)
uncaught exception; source = Uncaught (in promise); stack = Error: Engine was never started
    at Engine.getStatus (file:///Users/marcus/Developer/card-keepr/node_modules/.pnpm/miniflare@5.20260908.0-alpha/node_modules/miniflare/dist/src/workers/workflows/binding.worker.js:14493:15)
uncaught exception; source = Uncaught (in promise); stack = Error: instance.not_found
    at WorkflowBinding.get (file:///Users/marcus/Developer/card-keepr/node_modules/.pnpm/miniflare@5.20260908.0-alpha/node_modules/miniflare/dist/src/workers/workflows/binding.worker.js:15150:13)
uncaught exception; source = Uncaught (in promise); stack = Error: Engine was never started
    at Engine.getStatus (file:///Users/marcus/Developer/card-keepr/node_modules/.pnpm/miniflare@5.20260908.0-alpha/node_modules/miniflare/dist/src/workers/workflows/binding.worker.js:14493:15)
uncaught exception; source = Uncaught (in promise); stack = Error: Engine was never started
    at Engine.getStatus (file:///Users/marcus/Developer/card-keepr/node_modules/.pnpm/miniflare@5.20260908.0-alpha/node_modules/miniflare/dist/src/workers/workflows/binding.worker.js:14493:15)
uncaught exception; source = Uncaught (in promise); stack = Error: instance.not_found
    at WorkflowBinding.get (file:///Users/marcus/Developer/card-keepr/node_modules/.pnpm/miniflare@5.20260908.0-alpha/node_modules/miniflare/dist/src/workers/workflows/binding.worker.js:15150:13)
uncaught exception; source = Uncaught (in promise); stack = Error: Engine was never started
    at Engine.getStatus (file:///Users/marcus/Developer/card-keepr/node_modules/.pnpm/miniflare@5.20260908.0-alpha/node_modules/miniflare/dist/src/workers/workflows/binding.worker.js:14493:15)
uncaught exception; source = Uncaught (in promise); stack = Error: Engine was never started
    at Engine.getStatus (file:///Users/marcus/Developer/card-keepr/node_modules/.pnpm/miniflare@5.20260908.0-alpha/node_modules/miniflare/dist/src/workers/workflows/binding.worker.js:14493:15)
uncaught exception; source = Uncaught (in promise); stack = Error: instance.not_found
    at WorkflowBinding.get (file:///Users/marcus/Developer/card-keepr/node_modules/.pnpm/miniflare@5.20260908.0-alpha/node_modules/miniflare/dist/src/workers/workflows/binding.worker.js:15150:13)
uncaught exception; source = Uncaught (in promise); stack = Error: Engine was never started
    at Engine.getStatus (file:///Users/marcus/Developer/card-keepr/node_modules/.pnpm/miniflare@5.20260908.0-alpha/node_modules/miniflare/dist/src/workers/workflows/binding.worker.js:14493:15)
uncaught exception; source = Uncaught (in promise); stack = Error: Engine was never started
    at Engine.getStatus (file:///Users/marcus/Developer/card-keepr/node_modules/.pnpm/miniflare@5.20260908.0-alpha/node_modules/miniflare/dist/src/workers/workflows/binding.worker.js:14493:15)
uncaught exception; source = Uncaught (in promise); stack = Error: instance.not_found
    at WorkflowBinding.get (file:///Users/marcus/Developer/card-keepr/node_modules/.pnpm/miniflare@5.20260908.0-alpha/node_modules/miniflare/dist/src/workers/workflows/binding.worker.js:15150:13)
uncaught exception; source = Uncaught (in promise); stack = Error: Engine was never started
    at Engine.getStatus (file:///Users/marcus/Developer/card-keepr/node_modules/.pnpm/miniflare@5.20260908.0-alpha/node_modules/miniflare/dist/src/workers/workflows/binding.worker.js:14493:15)
uncaught exception; source = Uncaught (in promise); stack = Error: Engine was never started
    at Engine.getStatus (file:///Users/marcus/Developer/card-keepr/node_modules/.pnpm/miniflare@5.20260908.0-alpha/node_modules/miniflare/dist/src/workers/workflows/binding.worker.js:14493:15)
uncaught exception; source = Uncaught (in promise); stack = Error: instance.not_found
    at WorkflowBinding.get (file:///Users/marcus/Developer/card-keepr/node_modules/.pnpm/miniflare@5.20260908.0-alpha/node_modules/miniflare/dist/src/workers/workflows/binding.worker.js:15150:13)
uncaught exception; source = Uncaught (in promise); stack = Error: Engine was never started
    at Engine.getStatus (file:///Users/marcus/Developer/card-keepr/node_modules/.pnpm/miniflare@5.20260908.0-alpha/node_modules/miniflare/dist/src/workers/workflows/binding.worker.js:14493:15)
uncaught exception; source = Uncaught (in promise); stack = Error: Engine was never started
    at Engine.getStatus (file:///Users/marcus/Developer/card-keepr/node_modules/.pnpm/miniflare@5.20260908.0-alpha/node_modules/miniflare/dist/src/workers/workflows/binding.worker.js:14493:15)
uncaught exception; source = Uncaught (in promise); stack = Error: instance.not_found
    at WorkflowBinding.get (file:///Users/marcus/Developer/card-keepr/node_modules/.pnpm/miniflare@5.20260908.0-alpha/node_modules/miniflare/dist/src/workers/workflows/binding.worker.js:15150:13)
uncaught exception; source = Uncaught (in promise); stack = Error: Engine was never started
    at Engine.getStatus (file:///Users/marcus/Developer/card-keepr/node_modules/.pnpm/miniflare@5.20260908.0-alpha/node_modules/miniflare/dist/src/workers/workflows/binding.worker.js:14493:15)
uncaught exception; source = Uncaught (in promise); stack = Error: Engine was never started
    at Engine.getStatus (file:///Users/marcus/Developer/card-keepr/node_modules/.pnpm/miniflare@5.20260908.0-alpha/node_modules/miniflare/dist/src/workers/workflows/binding.worker.js:14493:15)
uncaught exception; source = Uncaught (in promise); stack = Error: instance.not_found
    at WorkflowBinding.get (file:///Users/marcus/Developer/card-keepr/node_modules/.pnpm/miniflare@5.20260908.0-alpha/node_modules/miniflare/dist/src/workers/workflows/binding.worker.js:15150:13)
uncaught exception; exception = workerd/io/io-context.c++:1642: failed: jsg.Error: The Workers runtime canceled this request because it detected that your Worker's code had hung and would never generate a response. Refer to: https://developers.cloudflare.com/workers/observability/errors/
stack: 105b4937f
uncaught exception; source = Uncaught (in promise); stack = Error: Engine was never started
    at Engine.getStatus (file:///Users/marcus/Developer/card-keepr/node_modules/.pnpm/miniflare@5.20260908.0-alpha/node_modules/miniflare/dist/src/workers/workflows/binding.worker.js:14493:15)
uncaught exception; source = Uncaught (in promise); stack = Error: Engine was never started
    at Engine.getStatus (file:///Users/marcus/Developer/card-keepr/node_modules/.pnpm/miniflare@5.20260908.0-alpha/node_modules/miniflare/dist/src/workers/workflows/binding.worker.js:14493:15)
uncaught exception; source = Uncaught (in promise); stack = Error: instance.not_found
    at WorkflowBinding.get (file:///Users/marcus/Developer/card-keepr/node_modules/.pnpm/miniflare@5.20260908.0-alpha/node_modules/miniflare/dist/src/workers/workflows/binding.worker.js:15150:13)
uncaught exception; source = Uncaught (in promise); stack = Error: Engine was never started
    at Engine.getStatus (file:///Users/marcus/Developer/card-keepr/node_modules/.pnpm/miniflare@5.20260908.0-alpha/node_modules/miniflare/dist/src/workers/workflows/binding.worker.js:14493:15)
uncaught exception; source = Uncaught (in promise); stack = Error: Engine was never started
    at Engine.getStatus (file:///Users/marcus/Developer/card-keepr/node_modules/.pnpm/miniflare@5.20260908.0-alpha/node_modules/miniflare/dist/src/workers/workflows/binding.worker.js:14493:15)
uncaught exception; source = Uncaught (in promise); stack = Error: instance.not_found
    at WorkflowBinding.get (file:///Users/marcus/Developer/card-keepr/node_modules/.pnpm/miniflare@5.20260908.0-alpha/node_modules/miniflare/dist/src/workers/workflows/binding.worker.js:15150:13)
uncaught exception; source = Uncaught (in promise); stack = Error: Engine was never started
    at Engine.getStatus (file:///Users/marcus/Developer/card-keepr/node_modules/.pnpm/miniflare@5.20260908.0-alpha/node_modules/miniflare/dist/src/workers/workflows/binding.worker.js:14493:15)
uncaught exception; source = Uncaught (in promise); stack = Error: Engine was never started
    at Engine.getStatus (file:///Users/marcus/Developer/card-keepr/node_modules/.pnpm/miniflare@5.20260908.0-alpha/node_modules/miniflare/dist/src/workers/workflows/binding.worker.js:14493:15)
uncaught exception; source = Uncaught (in promise); stack = Error: instance.not_found
    at WorkflowBinding.get (file:///Users/marcus/Developer/card-keepr/node_modules/.pnpm/miniflare@5.20260908.0-alpha/node_modules/miniflare/dist/src/workers/workflows/binding.worker.js:15150:13)
uncaught exception; source = Uncaught (in promise); stack = Error: Engine was never started
    at Engine.getStatus (file:///Users/marcus/Developer/card-keepr/node_modules/.pnpm/miniflare@5.20260908.0-alpha/node_modules/miniflare/dist/src/workers/workflows/binding.worker.js:14493:15)
uncaught exception; source = Uncaught (in promise); stack = Error: Engine was never started
    at Engine.getStatus (file:///Users/marcus/Developer/card-keepr/node_modules/.pnpm/miniflare@5.20260908.0-alpha/node_modules/miniflare/dist/src/workers/workflows/binding.worker.js:14493:15)
uncaught exception; source = Uncaught (in promise); stack = Error: instance.not_found
    at WorkflowBinding.get (file:///Users/marcus/Developer/card-keepr/node_modules/.pnpm/miniflare@5.20260908.0-alpha/node_modules/miniflare/dist/src/workers/workflows/binding.worker.js:15150:13)
uncaught exception; source = Uncaught (in promise); stack = Error: Engine was never started
    at Engine.getStatus (file:///Users/marcus/Developer/card-keepr/node_modules/.pnpm/miniflare@5.20260908.0-alpha/node_modules/miniflare/dist/src/workers/workflows/binding.worker.js:14493:15)
uncaught exception; source = Uncaught (in promise); stack = Error: Engine was never started
    at Engine.getStatus (file:///Users/marcus/Developer/card-keepr/node_modules/.pnpm/miniflare@5.20260908.0-alpha/node_modules/miniflare/dist/src/workers/workflows/binding.worker.js:14493:15)
uncaught exception; source = Uncaught (in promise); stack = Error: instance.not_found
    at WorkflowBinding.get (file:///Users/marcus/Developer/card-keepr/node_modules/.pnpm/miniflare@5.20260908.0-alpha/node_modules/miniflare/dist/src/workers/workflows/binding.worker.js:15150:13)
uncaught exception; source = Uncaught (in promise); stack = Error: Engine was never started
    at Engine.getStatus (file:///Users/marcus/Developer/card-keepr/node_modules/.pnpm/miniflare@5.20260908.0-alpha/node_modules/miniflare/dist/src/workers/workflows/binding.worker.js:14493:15)
uncaught exception; source = Uncaught (in promise); stack = Error: Engine was never started
    at Engine.getStatus (file:///Users/marcus/Developer/card-keepr/node_modules/.pnpm/miniflare@5.20260908.0-alpha/node_modules/miniflare/dist/src/workers/workflows/binding.worker.js:14493:15)
uncaught exception; source = Uncaught (in promise); stack = Error: instance.not_found
    at WorkflowBinding.get (file:///Users/marcus/Developer/card-keepr/node_modules/.pnpm/miniflare@5.20260908.0-alpha/node_modules/miniflare/dist/src/workers/workflows/binding.worker.js:15150:13)
uncaught exception; source = Uncaught (in promise); stack = Error: Engine was never started
    at Engine.getStatus (file:///Users/marcus/Developer/card-keepr/node_modules/.pnpm/miniflare@5.20260908.0-alpha/node_modules/miniflare/dist/src/workers/workflows/binding.worker.js:14493:15)
uncaught exception; source = Uncaught (in promise); stack = Error: Engine was never started
    at Engine.getStatus (file:///Users/marcus/Developer/card-keepr/node_modules/.pnpm/miniflare@5.20260908.0-alpha/node_modules/miniflare/dist/src/workers/workflows/binding.worker.js:14493:15)
uncaught exception; source = Uncaught (in promise); stack = Error: instance.not_found
    at WorkflowBinding.get (file:///Users/marcus/Developer/card-keepr/node_modules/.pnpm/miniflare@5.20260908.0-alpha/node_modules/miniflare/dist/src/workers/workflows/binding.worker.js:15150:13)
uncaught exception; source = Uncaught (in promise); stack = Error: Engine was never started
    at Engine.getStatus (file:///Users/marcus/Developer/card-keepr/node_modules/.pnpm/miniflare@5.20260908.0-alpha/node_modules/miniflare/dist/src/workers/workflows/binding.worker.js:14493:15)
uncaught exception; source = Uncaught (in promise); stack = Error: Engine was never started
    at Engine.getStatus (file:///Users/marcus/Developer/card-keepr/node_modules/.pnpm/miniflare@5.20260908.0-alpha/node_modules/miniflare/dist/src/workers/workflows/binding.worker.js:14493:15)
uncaught exception; source = Uncaught (in promise); stack = Error: instance.not_found
    at WorkflowBinding.get (file:///Users/marcus/Developer/card-keepr/node_modules/.pnpm/miniflare@5.20260908.0-alpha/node_modules/miniflare/dist/src/workers/workflows/binding.worker.js:15150:13)
uncaught exception; source = Uncaught (in promise); stack = Error: Engine was never started
    at Engine.getStatus (file:///Users/marcus/Developer/card-keepr/node_modules/.pnpm/miniflare@5.20260908.0-alpha/node_modules/miniflare/dist/src/workers/workflows/binding.worker.js:14493:15)
uncaught exception; source = Uncaught (in promise); stack = Error: Engine was never started
    at Engine.getStatus (file:///Users/marcus/Developer/card-keepr/node_modules/.pnpm/miniflare@5.20260908.0-alpha/node_modules/miniflare/dist/src/workers/workflows/binding.worker.js:14493:15)
uncaught exception; source = Uncaught (in promise); stack = Error: instance.not_found
    at WorkflowBinding.get (file:///Users/marcus/Developer/card-keepr/node_modules/.pnpm/miniflare@5.20260908.0-alpha/node_modules/miniflare/dist/src/workers/workflows/binding.worker.js:15150:13)
uncaught exception; source = Uncaught (in promise); stack = Error: Engine was never started
    at Engine.getStatus (file:///Users/marcus/Developer/card-keepr/node_modules/.pnpm/miniflare@5.20260908.0-alpha/node_modules/miniflare/dist/src/workers/workflows/binding.worker.js:14493:15)
uncaught exception; source = Uncaught (in promise); stack = Error: Engine was never started
    at Engine.getStatus (file:///Users/marcus/Developer/card-keepr/node_modules/.pnpm/miniflare@5.20260908.0-alpha/node_modules/miniflare/dist/src/workers/workflows/binding.worker.js:14493:15)
uncaught exception; source = Uncaught (in promise); stack = Error: instance.not_found
    at WorkflowBinding.get (file:///Users/marcus/Developer/card-keepr/node_modules/.pnpm/miniflare@5.20260908.0-alpha/node_modules/miniflare/dist/src/workers/workflows/binding.worker.js:15150:13)
uncaught exception; source = Uncaught (in promise); stack = Error: Engine was never started
    at Engine.getStatus (file:///Users/marcus/Developer/card-keepr/node_modules/.pnpm/miniflare@5.20260908.0-alpha/node_modules/miniflare/dist/src/workers/workflows/binding.worker.js:14493:15)
uncaught exception; source = Uncaught (in promise); stack = Error: Engine was never started
    at Engine.getStatus (file:///Users/marcus/Developer/card-keepr/node_modules/.pnpm/miniflare@5.20260908.0-alpha/node_modules/miniflare/dist/src/workers/workflows/binding.worker.js:14493:15)
uncaught exception; source = Uncaught (in promise); stack = Error: instance.not_found
    at WorkflowBinding.get (file:///Users/marcus/Developer/card-keepr/node_modules/.pnpm/miniflare@5.20260908.0-alpha/node_modules/miniflare/dist/src/workers/workflows/binding.worker.js:15150:13)
uncaught exception; source = Uncaught (in promise); stack = Error: Engine was never started
    at Engine.getStatus (file:///Users/marcus/Developer/card-keepr/node_modules/.pnpm/miniflare@5.20260908.0-alpha/node_modules/miniflare/dist/src/workers/workflows/binding.worker.js:14493:15)
uncaught exception; source = Uncaught (in promise); stack = Error: Engine was never started
    at Engine.getStatus (file:///Users/marcus/Developer/card-keepr/node_modules/.pnpm/miniflare@5.20260908.0-alpha/node_modules/miniflare/dist/src/workers/workflows/binding.worker.js:14493:15)
uncaught exception; source = Uncaught (in promise); stack = Error: instance.not_found
    at WorkflowBinding.get (file:///Users/marcus/Developer/card-keepr/node_modules/.pnpm/miniflare@5.20260908.0-alpha/node_modules/miniflare/dist/src/workers/workflows/binding.worker.js:15150:13)
uncaught exception; source = Uncaught (in promise); stack = Error: Engine was never started
    at Engine.getStatus (file:///Users/marcus/Developer/card-keepr/node_modules/.pnpm/miniflare@5.20260908.0-alpha/node_modules/miniflare/dist/src/workers/workflows/binding.worker.js:14493:15)
uncaught exception; source = Uncaught (in promise); stack = Error: Engine was never started
    at Engine.getStatus (file:///Users/marcus/Developer/card-keepr/node_modules/.pnpm/miniflare@5.20260908.0-alpha/node_modules/miniflare/dist/src/workers/workflows/binding.worker.js:14493:15)
uncaught exception; source = Uncaught (in promise); stack = Error: instance.not_found
    at WorkflowBinding.get (file:///Users/marcus/Developer/card-keepr/node_modules/.pnpm/miniflare@5.20260908.0-alpha/node_modules/miniflare/dist/src/workers/workflows/binding.worker.js:15150:13)
uncaught exception; source = Uncaught (in promise); stack = Error: Engine was never started
    at Engine.getStatus (file:///Users/marcus/Developer/card-keepr/node_modules/.pnpm/miniflare@5.20260908.0-alpha/node_modules/miniflare/dist/src/workers/workflows/binding.worker.js:14493:15)
uncaught exception; source = Uncaught (in promise); stack = Error: Engine was never started
    at Engine.getStatus (file:///Users/marcus/Developer/card-keepr/node_modules/.pnpm/miniflare@5.20260908.0-alpha/node_modules/miniflare/dist/src/workers/workflows/binding.worker.js:14493:15)
uncaught exception; source = Uncaught (in promise); stack = Error: instance.not_found
    at WorkflowBinding.get (file:///Users/marcus/Developer/card-keepr/node_modules/.pnpm/miniflare@5.20260908.0-alpha/node_modules/miniflare/dist/src/workers/workflows/binding.worker.js:15150:13)
uncaught exception; source = Uncaught (in promise); stack = Error: Engine was never started
    at Engine.getStatus (file:///Users/marcus/Developer/card-keepr/node_modules/.pnpm/miniflare@5.20260908.0-alpha/node_modules/miniflare/dist/src/workers/workflows/binding.worker.js:14493:15)
uncaught exception; source = Uncaught (in promise); stack = Error: Engine was never started
    at Engine.getStatus (file:///Users/marcus/Developer/card-keepr/node_modules/.pnpm/miniflare@5.20260908.0-alpha/node_modules/miniflare/dist/src/workers/workflows/binding.worker.js:14493:15)
uncaught exception; source = Uncaught (in promise); stack = Error: instance.not_found
    at WorkflowBinding.get (file:///Users/marcus/Developer/card-keepr/node_modules/.pnpm/miniflare@5.20260908.0-alpha/node_modules/miniflare/dist/src/workers/workflows/binding.worker.js:15150:13)
uncaught exception; source = Uncaught (in promise); stack = Error: Engine was never started
    at Engine.getStatus (file:///Users/marcus/Developer/card-keepr/node_modules/.pnpm/miniflare@5.20260908.0-alpha/node_modules/miniflare/dist/src/workers/workflows/binding.worker.js:14493:15)
uncaught exception; source = Uncaught (in promise); stack = Error: Engine was never started
    at Engine.getStatus (file:///Users/marcus/Developer/card-keepr/node_modules/.pnpm/miniflare@5.20260908.0-alpha/node_modules/miniflare/dist/src/workers/workflows/binding.worker.js:14493:15)
uncaught exception; source = Uncaught (in promise); stack = Error: instance.not_found
    at WorkflowBinding.get (file:///Users/marcus/Developer/card-keepr/node_modules/.pnpm/miniflare@5.20260908.0-alpha/node_modules/miniflare/dist/src/workers/workflows/binding.worker.js:15150:13)
uncaught exception; source = Uncaught (in promise); stack = Error: Engine was never started
    at Engine.getStatus (file:///Users/marcus/Developer/card-keepr/node_modules/.pnpm/miniflare@5.20260908.0-alpha/node_modules/miniflare/dist/src/workers/workflows/binding.worker.js:14493:15)
uncaught exception; source = Uncaught (in promise); stack = Error: Engine was never started
    at Engine.getStatus (file:///Users/marcus/Developer/card-keepr/node_modules/.pnpm/miniflare@5.20260908.0-alpha/node_modules/miniflare/dist/src/workers/workflows/binding.worker.js:14493:15)
uncaught exception; source = Uncaught (in promise); stack = Error: instance.not_found
    at WorkflowBinding.get (file:///Users/marcus/Developer/card-keepr/node_modules/.pnpm/miniflare@5.20260908.0-alpha/node_modules/miniflare/dist/src/workers/workflows/binding.worker.js:15150:13)
uncaught exception; source = Uncaught (in promise); stack = Error: Engine was never started
    at Engine.getStatus (file:///Users/marcus/Developer/card-keepr/node_modules/.pnpm/miniflare@5.20260908.0-alpha/node_modules/miniflare/dist/src/workers/workflows/binding.worker.js:14493:15)
uncaught exception; source = Uncaught (in promise); stack = Error: Engine was never started
    at Engine.getStatus (file:///Users/marcus/Developer/card-keepr/node_modules/.pnpm/miniflare@5.20260908.0-alpha/node_modules/miniflare/dist/src/workers/workflows/binding.worker.js:14493:15)
uncaught exception; source = Uncaught (in promise); stack = Error: instance.not_found
    at WorkflowBinding.get (file:///Users/marcus/Developer/card-keepr/node_modules/.pnpm/miniflare@5.20260908.0-alpha/node_modules/miniflare/dist/src/workers/workflows/binding.worker.js:15150:13)
uncaught exception; source = Uncaught (in promise); stack = Error: Engine was never started
    at Engine.getStatus (file:///Users/marcus/Developer/card-keepr/node_modules/.pnpm/miniflare@5.20260908.0-alpha/node_modules/miniflare/dist/src/workers/workflows/binding.worker.js:14493:15)
uncaught exception; source = Uncaught (in promise); stack = Error: Engine was never started
    at Engine.getStatus (file:///Users/marcus/Developer/card-keepr/node_modules/.pnpm/miniflare@5.20260908.0-alpha/node_modules/miniflare/dist/src/workers/workflows/binding.worker.js:14493:15)
uncaught exception; source = Uncaught (in promise); stack = Error: instance.not_found
    at WorkflowBinding.get (file:///Users/marcus/Developer/card-keepr/node_modules/.pnpm/miniflare@5.20260908.0-alpha/node_modules/miniflare/dist/src/workers/workflows/binding.worker.js:15150:13)
uncaught exception; source = Uncaught (in promise); stack = Error: Engine was never started
    at Engine.getStatus (file:///Users/marcus/Developer/card-keepr/node_modules/.pnpm/miniflare@5.20260908.0-alpha/node_modules/miniflare/dist/src/workers/workflows/binding.worker.js:14493:15)
uncaught exception; source = Uncaught (in promise); stack = Error: Engine was never started
    at Engine.getStatus (file:///Users/marcus/Developer/card-keepr/node_modules/.pnpm/miniflare@5.20260908.0-alpha/node_modules/miniflare/dist/src/workers/workflows/binding.worker.js:14493:15)
uncaught exception; source = Uncaught (in promise); stack = Error: instance.not_found
    at WorkflowBinding.get (file:///Users/marcus/Developer/card-keepr/node_modules/.pnpm/miniflare@5.20260908.0-alpha/node_modules/miniflare/dist/src/workers/workflows/binding.worker.js:15150:13)
uncaught exception; source = Uncaught (in promise); stack = Error: Engine was never started
    at Engine.getStatus (file:///Users/marcus/Developer/card-keepr/node_modules/.pnpm/miniflare@5.20260908.0-alpha/node_modules/miniflare/dist/src/workers/workflows/binding.worker.js:14493:15)
uncaught exception; source = Uncaught (in promise); stack = Error: Engine was never started
    at Engine.getStatus (file:///Users/marcus/Developer/card-keepr/node_modules/.pnpm/miniflare@5.20260908.0-alpha/node_modules/miniflare/dist/src/workers/workflows/binding.worker.js:14493:15)
uncaught exception; source = Uncaught (in promise); stack = Error: instance.not_found
    at WorkflowBinding.get (file:///Users/marcus/Developer/card-keepr/node_modules/.pnpm/miniflare@5.20260908.0-alpha/node_modules/miniflare/dist/src/workers/workflows/binding.worker.js:15150:13)
uncaught exception; source = Uncaught (in promise); stack = Error: Engine was never started
    at Engine.getStatus (file:///Users/marcus/Developer/card-keepr/node_modules/.pnpm/miniflare@5.20260908.0-alpha/node_modules/miniflare/dist/src/workers/workflows/binding.worker.js:14493:15)
uncaught exception; source = Uncaught (in promise); stack = Error: Engine was never started
    at Engine.getStatus (file:///Users/marcus/Developer/card-keepr/node_modules/.pnpm/miniflare@5.20260908.0-alpha/node_modules/miniflare/dist/src/workers/workflows/binding.worker.js:14493:15)
uncaught exception; source = Uncaught (in promise); stack = Error: instance.not_found
    at WorkflowBinding.get (file:///Users/marcus/Developer/card-keepr/node_modules/.pnpm/miniflare@5.20260908.0-alpha/node_modules/miniflare/dist/src/workers/workflows/binding.worker.js:15150:13)
uncaught exception; source = Uncaught (in promise); stack = Error: Engine was never started
    at Engine.getStatus (file:///Users/marcus/Developer/card-keepr/node_modules/.pnpm/miniflare@5.20260908.0-alpha/node_modules/miniflare/dist/src/workers/workflows/binding.worker.js:14493:15)
uncaught exception; source = Uncaught (in promise); stack = Error: Engine was never started
    at Engine.getStatus (file:///Users/marcus/Developer/card-keepr/node_modules/.pnpm/miniflare@5.20260908.0-alpha/node_modules/miniflare/dist/src/workers/workflows/binding.worker.js:14493:15)
uncaught exception; source = Uncaught (in promise); stack = Error: instance.not_found
    at WorkflowBinding.get (file:///Users/marcus/Developer/card-keepr/node_modules/.pnpm/miniflare@5.20260908.0-alpha/node_modules/miniflare/dist/src/workers/workflows/binding.worker.js:15150:13)
uncaught exception; source = Uncaught (in promise); stack = Error: Engine was never started
    at Engine.getStatus (file:///Users/marcus/Developer/card-keepr/node_modules/.pnpm/miniflare@5.20260908.0-alpha/node_modules/miniflare/dist/src/workers/workflows/binding.worker.js:14493:15)
uncaught exception; source = Uncaught (in promise); stack = Error: Engine was never started
    at Engine.getStatus (file:///Users/marcus/Developer/card-keepr/node_modules/.pnpm/miniflare@5.20260908.0-alpha/node_modules/miniflare/dist/src/workers/workflows/binding.worker.js:14493:15)
uncaught exception; source = Uncaught (in promise); stack = Error: instance.not_found
    at WorkflowBinding.get (file:///Users/marcus/Developer/card-keepr/node_modules/.pnpm/miniflare@5.20260908.0-alpha/node_modules/miniflare/dist/src/workers/workflows/binding.worker.js:15150:13)
uncaught exception; source = Uncaught (in promise); stack = Error: Engine was never started
    at Engine.getStatus (file:///Users/marcus/Developer/card-keepr/node_modules/.pnpm/miniflare@5.20260908.0-alpha/node_modules/miniflare/dist/src/workers/workflows/binding.worker.js:14493:15)
uncaught exception; source = Uncaught (in promise); stack = Error: Engine was never started
    at Engine.getStatus (file:///Users/marcus/Developer/card-keepr/node_modules/.pnpm/miniflare@5.20260908.0-alpha/node_modules/miniflare/dist/src/workers/workflows/binding.worker.js:14493:15)
uncaught exception; source = Uncaught (in promise); stack = Error: instance.not_found
    at WorkflowBinding.get (file:///Users/marcus/Developer/card-keepr/node_modules/.pnpm/miniflare@5.20260908.0-alpha/node_modules/miniflare/dist/src/workers/workflows/binding.worker.js:15150:13)
uncaught exception; source = Uncaught (in promise); stack = Error: Engine was never started
    at Engine.getStatus (file:///Users/marcus/Developer/card-keepr/node_modules/.pnpm/miniflare@5.20260908.0-alpha/node_modules/miniflare/dist/src/workers/workflows/binding.worker.js:14493:15)
uncaught exception; source = Uncaught (in promise); stack = Error: Engine was never started
    at Engine.getStatus (file:///Users/marcus/Developer/card-keepr/node_modules/.pnpm/miniflare@5.20260908.0-alpha/node_modules/miniflare/dist/src/workers/workflows/binding.worker.js:14493:15)
uncaught exception; source = Uncaught (in promise); stack = Error: instance.not_found
    at WorkflowBinding.get (file:///Users/marcus/Developer/card-keepr/node_modules/.pnpm/miniflare@5.20260908.0-alpha/node_modules/miniflare/dist/src/workers/workflows/binding.worker.js:15150:13)
uncaught exception; source = Uncaught (in promise); stack = Error: Engine was never started
    at Engine.getStatus (file:///Users/marcus/Developer/card-keepr/node_modules/.pnpm/miniflare@5.20260908.0-alpha/node_modules/miniflare/dist/src/workers/workflows/binding.worker.js:14493:15)
uncaught exception; source = Uncaught (in promise); stack = Error: Engine was never started
    at Engine.getStatus (file:///Users/marcus/Developer/card-keepr/node_modules/.pnpm/miniflare@5.20260908.0-alpha/node_modules/miniflare/dist/src/workers/workflows/binding.worker.js:14493:15)
uncaught exception; source = Uncaught (in promise); stack = Error: instance.not_found
    at WorkflowBinding.get (file:///Users/marcus/Developer/card-keepr/node_modules/.pnpm/miniflare@5.20260908.0-alpha/node_modules/miniflare/dist/src/workers/workflows/binding.worker.js:15150:13)
uncaught exception; source = Uncaught (in promise); stack = Error: Engine was never started
    at Engine.getStatus (file:///Users/marcus/Developer/card-keepr/node_modules/.pnpm/miniflare@5.20260908.0-alpha/node_modules/miniflare/dist/src/workers/workflows/binding.worker.js:14493:15)
uncaught exception; source = Uncaught (in promise); stack = Error: Engine was never started
    at Engine.getStatus (file:///Users/marcus/Developer/card-keepr/node_modules/.pnpm/miniflare@5.20260908.0-alpha/node_modules/miniflare/dist/src/workers/workflows/binding.worker.js:14493:15)
uncaught exception; source = Uncaught (in promise); stack = Error: instance.not_found
    at WorkflowBinding.get (file:///Users/marcus/Developer/card-keepr/node_modules/.pnpm/miniflare@5.20260908.0-alpha/node_modules/miniflare/dist/src/workers/workflows/binding.worker.js:15150:13)
An RPC stub was not disposed properly. You must call dispose() on all stubs in order to let the other side know that you are no longer using them. You cannot rely on the garbage collector for this because it may take arbitrarily long before actually collecting unreachable objects. As a shortcut, calling dispose() on the result of an RPC call disposes all stubs within it.
uncaught exception; source = Uncaught (in promise); stack = Error: Engine was never started
    at Engine.getStatus (file:///Users/marcus/Developer/card-keepr/node_modules/.pnpm/miniflare@5.20260908.0-alpha/node_modules/miniflare/dist/src/workers/workflows/binding.worker.js:14493:15)
uncaught exception; source = Uncaught (in promise); stack = Error: Engine was never started
    at Engine.getStatus (file:///Users/marcus/Developer/card-keepr/node_modules/.pnpm/miniflare@5.20260908.0-alpha/node_modules/miniflare/dist/src/workers/workflows/binding.worker.js:14493:15)
uncaught exception; source = Uncaught (in promise); stack = Error: instance.not_found
    at WorkflowBinding.get (file:///Users/marcus/Developer/card-keepr/node_modules/.pnpm/miniflare@5.20260908.0-alpha/node_modules/miniflare/dist/src/workers/workflows/binding.worker.js:15150:13)
uncaught exception; source = Uncaught (in promise); stack = Error: Engine was never started
    at Engine.getStatus (file:///Users/marcus/Developer/card-keepr/node_modules/.pnpm/miniflare@5.20260908.0-alpha/node_modules/miniflare/dist/src/workers/workflows/binding.worker.js:14493:15)
uncaught exception; source = Uncaught (in promise); stack = Error: Engine was never started
    at Engine.getStatus (file:///Users/marcus/Developer/card-keepr/node_modules/.pnpm/miniflare@5.20260908.0-alpha/node_modules/miniflare/dist/src/workers/workflows/binding.worker.js:14493:15)
uncaught exception; source = Uncaught (in promise); stack = Error: instance.not_found
    at WorkflowBinding.get (file:///Users/marcus/Developer/card-keepr/node_modules/.pnpm/miniflare@5.20260908.0-alpha/node_modules/miniflare/dist/src/workers/workflows/binding.worker.js:15150:13)
uncaught exception; source = Uncaught (in promise); stack = Error: Engine was never started
    at Engine.getStatus (file:///Users/marcus/Developer/card-keepr/node_modules/.pnpm/miniflare@5.20260908.0-alpha/node_modules/miniflare/dist/src/workers/workflows/binding.worker.js:14493:15)
uncaught exception; source = Uncaught (in promise); stack = Error: Engine was never started
    at Engine.getStatus (file:///Users/marcus/Developer/card-keepr/node_modules/.pnpm/miniflare@5.20260908.0-alpha/node_modules/miniflare/dist/src/workers/workflows/binding.worker.js:14493:15)
uncaught exception; source = Uncaught (in promise); stack = Error: instance.not_found
    at WorkflowBinding.get (file:///Users/marcus/Developer/card-keepr/node_modules/.pnpm/miniflare@5.20260908.0-alpha/node_modules/miniflare/dist/src/workers/workflows/binding.worker.js:15150:13)
uncaught exception; source = Uncaught (in promise); stack = Error: Engine was never started
    at Engine.getStatus (file:///Users/marcus/Developer/card-keepr/node_modules/.pnpm/miniflare@5.20260908.0-alpha/node_modules/miniflare/dist/src/workers/workflows/binding.worker.js:14493:15)
uncaught exception; source = Uncaught (in promise); stack = Error: Engine was never started
    at Engine.getStatus (file:///Users/marcus/Developer/card-keepr/node_modules/.pnpm/miniflare@5.20260908.0-alpha/node_modules/miniflare/dist/src/workers/workflows/binding.worker.js:14493:15)
uncaught exception; source = Uncaught (in promise); stack = Error: instance.not_found
    at WorkflowBinding.get (file:///Users/marcus/Developer/card-keepr/node_modules/.pnpm/miniflare@5.20260908.0-alpha/node_modules/miniflare/dist/src/workers/workflows/binding.worker.js:15150:13)
uncaught exception; exception = workerd/io/io-context.c++:1642: failed: jsg.Error: The Workers runtime canceled this request because it detected that your Worker's code had hung and would never generate a response. Refer to: https://developers.cloudflare.com/workers/observability/errors/
stack: 1058cd37f
uncaught exception; exception = workerd/io/io-context.c++:1642: failed: jsg.Error: The Workers runtime canceled this request because it detected that your Worker's code had hung and would never generate a response. Refer to: https://developers.cloudflare.com/workers/observability/errors/
stack: 1058cd37f
uncaught exception; exception = workerd/io/io-context.c++:1642: failed: jsg.Error: The Workers runtime canceled this request because it detected that your Worker's code had hung and would never generate a response. Refer to: https://developers.cloudflare.com/workers/observability/errors/
stack: 1058cd37f
uncaught exception; source = Uncaught (in promise); stack = Error: Engine was never started
    at Engine.getStatus (file:///Users/marcus/Developer/card-keepr/node_modules/.pnpm/miniflare@5.20260908.0-alpha/node_modules/miniflare/dist/src/workers/workflows/binding.worker.js:14493:15)
uncaught exception; source = Uncaught (in promise); stack = Error: Engine was never started
    at Engine.getStatus (file:///Users/marcus/Developer/card-keepr/node_modules/.pnpm/miniflare@5.20260908.0-alpha/node_modules/miniflare/dist/src/workers/workflows/binding.worker.js:14493:15)
uncaught exception; source = Uncaught (in promise); stack = Error: Engine was never started
    at Engine.getStatus (file:///Users/marcus/Developer/card-keepr/node_modules/.pnpm/miniflare@5.20260908.0-alpha/node_modules/miniflare/dist/src/workers/workflows/binding.worker.js:14493:15)
uncaught exception; source = Uncaught (in promise); stack = Error: Engine was never started
    at Engine.getStatus (file:///Users/marcus/Developer/card-keepr/node_modules/.pnpm/miniflare@5.20260908.0-alpha/node_modules/miniflare/dist/src/workers/workflows/binding.worker.js:14493:15)
uncaught exception; source = Uncaught (in promise); stack = Error: instance.not_found
    at WorkflowBinding.get (file:///Users/marcus/Developer/card-keepr/node_modules/.pnpm/miniflare@5.20260908.0-alpha/node_modules/miniflare/dist/src/workers/workflows/binding.worker.js:15150:13)
uncaught exception; source = Uncaught (in promise); stack = Error: instance.not_found
    at WorkflowBinding.get (file:///Users/marcus/Developer/card-keepr/node_modules/.pnpm/miniflare@5.20260908.0-alpha/node_modules/miniflare/dist/src/workers/workflows/binding.worker.js:15150:13)
uncaught exception; source = Uncaught (in promise); stack = Error: Engine was never started
    at Engine.getStatus (file:///Users/marcus/Developer/card-keepr/node_modules/.pnpm/miniflare@5.20260908.0-alpha/node_modules/miniflare/dist/src/workers/workflows/binding.worker.js:14493:15)
uncaught exception; source = Uncaught (in promise); stack = Error: Engine was never started
    at Engine.getStatus (file:///Users/marcus/Developer/card-keepr/node_modules/.pnpm/miniflare@5.20260908.0-alpha/node_modules/miniflare/dist/src/workers/workflows/binding.worker.js:14493:15)
uncaught exception; source = Uncaught (in promise); stack = Error: instance.not_found
    at WorkflowBinding.get (file:///Users/marcus/Developer/card-keepr/node_modules/.pnpm/miniflare@5.20260908.0-alpha/node_modules/miniflare/dist/src/workers/workflows/binding.worker.js:15150:13)
uncaught exception; source = Uncaught (in promise); stack = Error: Engine was never started
    at Engine.getStatus (file:///Users/marcus/Developer/card-keepr/node_modules/.pnpm/miniflare@5.20260908.0-alpha/node_modules/miniflare/dist/src/workers/workflows/binding.worker.js:14493:15)
uncaught exception; source = Uncaught (in promise); stack = Error: Engine was never started
    at Engine.getStatus (file:///Users/marcus/Developer/card-keepr/node_modules/.pnpm/miniflare@5.20260908.0-alpha/node_modules/miniflare/dist/src/workers/workflows/binding.worker.js:14493:15)
uncaught exception; source = Uncaught (in promise); stack = Error: instance.not_found
    at WorkflowBinding.get (file:///Users/marcus/Developer/card-keepr/node_modules/.pnpm/miniflare@5.20260908.0-alpha/node_modules/miniflare/dist/src/workers/workflows/binding.worker.js:15150:13)
uncaught exception; source = Uncaught (in promise); stack = Error: Engine was never started
    at Engine.getStatus (file:///Users/marcus/Developer/card-keepr/node_modules/.pnpm/miniflare@5.20260908.0-alpha/node_modules/miniflare/dist/src/workers/workflows/binding.worker.js:14493:15)
uncaught exception; source = Uncaught (in promise); stack = Error: Engine was never started
    at Engine.getStatus (file:///Users/marcus/Developer/card-keepr/node_modules/.pnpm/miniflare@5.20260908.0-alpha/node_modules/miniflare/dist/src/workers/workflows/binding.worker.js:14493:15)
uncaught exception; source = Uncaught (in promise); stack = Error: instance.not_found
    at WorkflowBinding.get (file:///Users/marcus/Developer/card-keepr/node_modules/.pnpm/miniflare@5.20260908.0-alpha/node_modules/miniflare/dist/src/workers/workflows/binding.worker.js:15150:13)
uncaught exception; source = Uncaught (in promise); stack = Error: Engine was never started
    at Engine.getStatus (file:///Users/marcus/Developer/card-keepr/node_modules/.pnpm/miniflare@5.20260908.0-alpha/node_modules/miniflare/dist/src/workers/workflows/binding.worker.js:14493:15)
uncaught exception; source = Uncaught (in promise); stack = Error: Engine was never started
    at Engine.getStatus (file:///Users/marcus/Developer/card-keepr/node_modules/.pnpm/miniflare@5.20260908.0-alpha/node_modules/miniflare/dist/src/workers/workflows/binding.worker.js:14493:15)
uncaught exception; source = Uncaught (in promise); stack = Error: instance.not_found
    at WorkflowBinding.get (file:///Users/marcus/Developer/card-keepr/node_modules/.pnpm/miniflare@5.20260908.0-alpha/node_modules/miniflare/dist/src/workers/workflows/binding.worker.js:15150:13)
uncaught exception; source = Uncaught (in promise); stack = Error: Engine was never started
    at Engine.getStatus (file:///Users/marcus/Developer/card-keepr/node_modules/.pnpm/miniflare@5.20260908.0-alpha/node_modules/miniflare/dist/src/workers/workflows/binding.worker.js:14493:15)
uncaught exception; source = Uncaught (in promise); stack = Error: Engine was never started
    at Engine.getStatus (file:///Users/marcus/Developer/card-keepr/node_modules/.pnpm/miniflare@5.20260908.0-alpha/node_modules/miniflare/dist/src/workers/workflows/binding.worker.js:14493:15)
uncaught exception; source = Uncaught (in promise); stack = Error: instance.not_found
    at WorkflowBinding.get (file:///Users/marcus/Developer/card-keepr/node_modules/.pnpm/miniflare@5.20260908.0-alpha/node_modules/miniflare/dist/src/workers/workflows/binding.worker.js:15150:13)
uncaught exception; source = Uncaught (in promise); stack = Error: Engine was never started
    at Engine.getStatus (file:///Users/marcus/Developer/card-keepr/node_modules/.pnpm/miniflare@5.20260908.0-alpha/node_modules/miniflare/dist/src/workers/workflows/binding.worker.js:14493:15)
uncaught exception; source = Uncaught (in promise); stack = Error: Engine was never started
    at Engine.getStatus (file:///Users/marcus/Developer/card-keepr/node_modules/.pnpm/miniflare@5.20260908.0-alpha/node_modules/miniflare/dist/src/workers/workflows/binding.worker.js:14493:15)
uncaught exception; source = Uncaught (in promise); stack = Error: instance.not_found
    at WorkflowBinding.get (file:///Users/marcus/Developer/card-keepr/node_modules/.pnpm/miniflare@5.20260908.0-alpha/node_modules/miniflare/dist/src/workers/workflows/binding.worker.js:15150:13)
uncaught exception; source = Uncaught (in promise); stack = Error: Engine was never started
    at Engine.getStatus (file:///Users/marcus/Developer/card-keepr/node_modules/.pnpm/miniflare@5.20260908.0-alpha/node_modules/miniflare/dist/src/workers/workflows/binding.worker.js:14493:15)
uncaught exception; source = Uncaught (in promise); stack = Error: Engine was never started
    at Engine.getStatus (file:///Users/marcus/Developer/card-keepr/node_modules/.pnpm/miniflare@5.20260908.0-alpha/node_modules/miniflare/dist/src/workers/workflows/binding.worker.js:14493:15)
uncaught exception; source = Uncaught (in promise); stack = Error: instance.not_found
    at WorkflowBinding.get (file:///Users/marcus/Developer/card-keepr/node_modules/.pnpm/miniflare@5.20260908.0-alpha/node_modules/miniflare/dist/src/workers/workflows/binding.worker.js:15150:13)
uncaught exception; source = Uncaught (in promise); stack = Error: Engine was never started
    at Engine.getStatus (file:///Users/marcus/Developer/card-keepr/node_modules/.pnpm/miniflare@5.20260908.0-alpha/node_modules/miniflare/dist/src/workers/workflows/binding.worker.js:14493:15)
uncaught exception; source = Uncaught (in promise); stack = Error: Engine was never started
    at Engine.getStatus (file:///Users/marcus/Developer/card-keepr/node_modules/.pnpm/miniflare@5.20260908.0-alpha/node_modules/miniflare/dist/src/workers/workflows/binding.worker.js:14493:15)
uncaught exception; source = Uncaught (in promise); stack = Error: instance.not_found
    at WorkflowBinding.get (file:///Users/marcus/Developer/card-keepr/node_modules/.pnpm/miniflare@5.20260908.0-alpha/node_modules/miniflare/dist/src/workers/workflows/binding.worker.js:15150:13)
uncaught exception; source = Uncaught (in promise); stack = Error: Engine was never started
    at Engine.getStatus (file:///Users/marcus/Developer/card-keepr/node_modules/.pnpm/miniflare@5.20260908.0-alpha/node_modules/miniflare/dist/src/workers/workflows/binding.worker.js:14493:15)
uncaught exception; source = Uncaught (in promise); stack = Error: Engine was never started
    at Engine.getStatus (file:///Users/marcus/Developer/card-keepr/node_modules/.pnpm/miniflare@5.20260908.0-alpha/node_modules/miniflare/dist/src/workers/workflows/binding.worker.js:14493:15)
uncaught exception; source = Uncaught (in promise); stack = Error: instance.not_found
    at WorkflowBinding.get (file:///Users/marcus/Developer/card-keepr/node_modules/.pnpm/miniflare@5.20260908.0-alpha/node_modules/miniflare/dist/src/workers/workflows/binding.worker.js:15150:13)
uncaught exception; source = Uncaught (in promise); stack = Error: Engine was never started
    at Engine.getStatus (file:///Users/marcus/Developer/card-keepr/node_modules/.pnpm/miniflare@5.20260908.0-alpha/node_modules/miniflare/dist/src/workers/workflows/binding.worker.js:14493:15)
uncaught exception; source = Uncaught (in promise); stack = Error: Engine was never started
    at Engine.getStatus (file:///Users/marcus/Developer/card-keepr/node_modules/.pnpm/miniflare@5.20260908.0-alpha/node_modules/miniflare/dist/src/workers/workflows/binding.worker.js:14493:15)
uncaught exception; source = Uncaught (in promise); stack = Error: instance.not_found
    at WorkflowBinding.get (file:///Users/marcus/Developer/card-keepr/node_modules/.pnpm/miniflare@5.20260908.0-alpha/node_modules/miniflare/dist/src/workers/workflows/binding.worker.js:15150:13)
uncaught exception; source = Uncaught (in promise); stack = Error: Engine was never started
    at Engine.getStatus (file:///Users/marcus/Developer/card-keepr/node_modules/.pnpm/miniflare@5.20260908.0-alpha/node_modules/miniflare/dist/src/workers/workflows/binding.worker.js:14493:15)
uncaught exception; source = Uncaught (in promise); stack = Error: Engine was never started
    at Engine.getStatus (file:///Users/marcus/Developer/card-keepr/node_modules/.pnpm/miniflare@5.20260908.0-alpha/node_modules/miniflare/dist/src/workers/workflows/binding.worker.js:14493:15)
uncaught exception; source = Uncaught (in promise); stack = Error: instance.not_found
    at WorkflowBinding.get (file:///Users/marcus/Developer/card-keepr/node_modules/.pnpm/miniflare@5.20260908.0-alpha/node_modules/miniflare/dist/src/workers/workflows/binding.worker.js:15150:13)
uncaught exception; source = Uncaught (in promise); stack = Error: Engine was never started
    at Engine.getStatus (file:///Users/marcus/Developer/card-keepr/node_modules/.pnpm/miniflare@5.20260908.0-alpha/node_modules/miniflare/dist/src/workers/workflows/binding.worker.js:14493:15)
uncaught exception; source = Uncaught (in promise); stack = Error: Engine was never started
    at Engine.getStatus (file:///Users/marcus/Developer/card-keepr/node_modules/.pnpm/miniflare@5.20260908.0-alpha/node_modules/miniflare/dist/src/workers/workflows/binding.worker.js:14493:15)
uncaught exception; source = Uncaught (in promise); stack = Error: instance.not_found
    at WorkflowBinding.get (file:///Users/marcus/Developer/card-keepr/node_modules/.pnpm/miniflare@5.20260908.0-alpha/node_modules/miniflare/dist/src/workers/workflows/binding.worker.js:15150:13)
uncaught exception; source = Uncaught (in promise); stack = Error: Engine was never started
    at Engine.getStatus (file:///Users/marcus/Developer/card-keepr/node_modules/.pnpm/miniflare@5.20260908.0-alpha/node_modules/miniflare/dist/src/workers/workflows/binding.worker.js:14493:15)
uncaught exception; source = Uncaught (in promise); stack = Error: Engine was never started
    at Engine.getStatus (file:///Users/marcus/Developer/card-keepr/node_modules/.pnpm/miniflare@5.20260908.0-alpha/node_modules/miniflare/dist/src/workers/workflows/binding.worker.js:14493:15)
uncaught exception; source = Uncaught (in promise); stack = Error: instance.not_found
    at WorkflowBinding.get (file:///Users/marcus/Developer/card-keepr/node_modules/.pnpm/miniflare@5.20260908.0-alpha/node_modules/miniflare/dist/src/workers/workflows/binding.worker.js:15150:13)
uncaught exception; source = Uncaught (in promise); stack = Error: Engine was never started
    at Engine.getStatus (file:///Users/marcus/Developer/card-keepr/node_modules/.pnpm/miniflare@5.20260908.0-alpha/node_modules/miniflare/dist/src/workers/workflows/binding.worker.js:14493:15)
uncaught exception; source = Uncaught (in promise); stack = Error: Engine was never started
    at Engine.getStatus (file:///Users/marcus/Developer/card-keepr/node_modules/.pnpm/miniflare@5.20260908.0-alpha/node_modules/miniflare/dist/src/workers/workflows/binding.worker.js:14493:15)
uncaught exception; source = Uncaught (in promise); stack = Error: instance.not_found
    at WorkflowBinding.get (file:///Users/marcus/Developer/card-keepr/node_modules/.pnpm/miniflare@5.20260908.0-alpha/node_modules/miniflare/dist/src/workers/workflows/binding.worker.js:15150:13)
uncaught exception; source = Uncaught (in promise); stack = Error: Engine was never started
    at Engine.getStatus (file:///Users/marcus/Developer/card-keepr/node_modules/.pnpm/miniflare@5.20260908.0-alpha/node_modules/miniflare/dist/src/workers/workflows/binding.worker.js:14493:15)
uncaught exception; source = Uncaught (in promise); stack = Error: Engine was never started
    at Engine.getStatus (file:///Users/marcus/Developer/card-keepr/node_modules/.pnpm/miniflare@5.20260908.0-alpha/node_modules/miniflare/dist/src/workers/workflows/binding.worker.js:14493:15)
uncaught exception; source = Uncaught (in promise); stack = Error: instance.not_found
    at WorkflowBinding.get (file:///Users/marcus/Developer/card-keepr/node_modules/.pnpm/miniflare@5.20260908.0-alpha/node_modules/miniflare/dist/src/workers/workflows/binding.worker.js:15150:13)
uncaught exception; source = Uncaught (in promise); stack = Error: Engine was never started
    at Engine.getStatus (file:///Users/marcus/Developer/card-keepr/node_modules/.pnpm/miniflare@5.20260908.0-alpha/node_modules/miniflare/dist/src/workers/workflows/binding.worker.js:14493:15)
uncaught exception; source = Uncaught (in promise); stack = Error: Engine was never started
    at Engine.getStatus (file:///Users/marcus/Developer/card-keepr/node_modules/.pnpm/miniflare@5.20260908.0-alpha/node_modules/miniflare/dist/src/workers/workflows/binding.worker.js:14493:15)
uncaught exception; source = Uncaught (in promise); stack = Error: instance.not_found
    at WorkflowBinding.get (file:///Users/marcus/Developer/card-keepr/node_modules/.pnpm/miniflare@5.20260908.0-alpha/node_modules/miniflare/dist/src/workers/workflows/binding.worker.js:15150:13)
uncaught exception; source = Uncaught (in promise); stack = Error: Engine was never started
    at Engine.getStatus (file:///Users/marcus/Developer/card-keepr/node_modules/.pnpm/miniflare@5.20260908.0-alpha/node_modules/miniflare/dist/src/workers/workflows/binding.worker.js:14493:15)
uncaught exception; source = Uncaught (in promise); stack = Error: Engine was never started
    at Engine.getStatus (file:///Users/marcus/Developer/card-keepr/node_modules/.pnpm/miniflare@5.20260908.0-alpha/node_modules/miniflare/dist/src/workers/workflows/binding.worker.js:14493:15)
uncaught exception; source = Uncaught (in promise); stack = Error: instance.not_found
    at WorkflowBinding.get (file:///Users/marcus/Developer/card-keepr/node_modules/.pnpm/miniflare@5.20260908.0-alpha/node_modules/miniflare/dist/src/workers/workflows/binding.worker.js:15150:13)
uncaught exception; source = Uncaught (in promise); stack = Error: Engine was never started
    at Engine.getStatus (file:///Users/marcus/Developer/card-keepr/node_modules/.pnpm/miniflare@5.20260908.0-alpha/node_modules/miniflare/dist/src/workers/workflows/binding.worker.js:14493:15)
uncaught exception; source = Uncaught (in promise); stack = Error: Engine was never started
    at Engine.getStatus (file:///Users/marcus/Developer/card-keepr/node_modules/.pnpm/miniflare@5.20260908.0-alpha/node_modules/miniflare/dist/src/workers/workflows/binding.worker.js:14493:15)
uncaught exception; source = Uncaught (in promise); stack = Error: instance.not_found
    at WorkflowBinding.get (file:///Users/marcus/Developer/card-keepr/node_modules/.pnpm/miniflare@5.20260908.0-alpha/node_modules/miniflare/dist/src/workers/workflows/binding.worker.js:15150:13)
uncaught exception; source = Uncaught (in promise); stack = Error: Engine was never started
    at Engine.getStatus (file:///Users/marcus/Developer/card-keepr/node_modules/.pnpm/miniflare@5.20260908.0-alpha/node_modules/miniflare/dist/src/workers/workflows/binding.worker.js:14493:15)
uncaught exception; source = Uncaught (in promise); stack = Error: Engine was never started
    at Engine.getStatus (file:///Users/marcus/Developer/card-keepr/node_modules/.pnpm/miniflare@5.20260908.0-alpha/node_modules/miniflare/dist/src/workers/workflows/binding.worker.js:14493:15)
uncaught exception; source = Uncaught (in promise); stack = Error: instance.not_found
    at WorkflowBinding.get (file:///Users/marcus/Developer/card-keepr/node_modules/.pnpm/miniflare@5.20260908.0-alpha/node_modules/miniflare/dist/src/workers/workflows/binding.worker.js:15150:13)
uncaught exception; source = Uncaught (in promise); stack = Error: Engine was never started
    at Engine.getStatus (file:///Users/marcus/Developer/card-keepr/node_modules/.pnpm/miniflare@5.20260908.0-alpha/node_modules/miniflare/dist/src/workers/workflows/binding.worker.js:14493:15)
uncaught exception; source = Uncaught (in promise); stack = Error: Engine was never started
    at Engine.getStatus (file:///Users/marcus/Developer/card-keepr/node_modules/.pnpm/miniflare@5.20260908.0-alpha/node_modules/miniflare/dist/src/workers/workflows/binding.worker.js:14493:15)
uncaught exception; source = Uncaught (in promise); stack = Error: instance.not_found
    at WorkflowBinding.get (file:///Users/marcus/Developer/card-keepr/node_modules/.pnpm/miniflare@5.20260908.0-alpha/node_modules/miniflare/dist/src/workers/workflows/binding.worker.js:15150:13)
uncaught exception; source = Uncaught (in promise); stack = Error: Engine was never started
    at Engine.getStatus (file:///Users/marcus/Developer/card-keepr/node_modules/.pnpm/miniflare@5.20260908.0-alpha/node_modules/miniflare/dist/src/workers/workflows/binding.worker.js:14493:15)
uncaught exception; source = Uncaught (in promise); stack = Error: Engine was never started
    at Engine.getStatus (file:///Users/marcus/Developer/card-keepr/node_modules/.pnpm/miniflare@5.20260908.0-alpha/node_modules/miniflare/dist/src/workers/workflows/binding.worker.js:14493:15)
uncaught exception; source = Uncaught (in promise); stack = Error: instance.not_found
    at WorkflowBinding.get (file:///Users/marcus/Developer/card-keepr/node_modules/.pnpm/miniflare@5.20260908.0-alpha/node_modules/miniflare/dist/src/workers/workflows/binding.worker.js:15150:13)
uncaught exception; source = Uncaught (in promise); stack = Error: Engine was never started
    at Engine.getStatus (file:///Users/marcus/Developer/card-keepr/node_modules/.pnpm/miniflare@5.20260908.0-alpha/node_modules/miniflare/dist/src/workers/workflows/binding.worker.js:14493:15)
uncaught exception; source = Uncaught (in promise); stack = Error: Engine was never started
    at Engine.getStatus (file:///Users/marcus/Developer/card-keepr/node_modules/.pnpm/miniflare@5.20260908.0-alpha/node_modules/miniflare/dist/src/workers/workflows/binding.worker.js:14493:15)
uncaught exception; source = Uncaught (in promise); stack = Error: instance.not_found
    at WorkflowBinding.get (file:///Users/marcus/Developer/card-keepr/node_modules/.pnpm/miniflare@5.20260908.0-alpha/node_modules/miniflare/dist/src/workers/workflows/binding.worker.js:15150:13)
uncaught exception; source = Uncaught (in promise); stack = Error: Engine was never started
    at Engine.getStatus (file:///Users/marcus/Developer/card-keepr/node_modules/.pnpm/miniflare@5.20260908.0-alpha/node_modules/miniflare/dist/src/workers/workflows/binding.worker.js:14493:15)
uncaught exception; source = Uncaught (in promise); stack = Error: Engine was never started
    at Engine.getStatus (file:///Users/marcus/Developer/card-keepr/node_modules/.pnpm/miniflare@5.20260908.0-alpha/node_modules/miniflare/dist/src/workers/workflows/binding.worker.js:14493:15)
uncaught exception; source = Uncaught (in promise); stack = Error: instance.not_found
    at WorkflowBinding.get (file:///Users/marcus/Developer/card-keepr/node_modules/.pnpm/miniflare@5.20260908.0-alpha/node_modules/miniflare/dist/src/workers/workflows/binding.worker.js:15150:13)
uncaught exception; source = Uncaught (in promise); stack = Error: Engine was never started
    at Engine.getStatus (file:///Users/marcus/Developer/card-keepr/node_modules/.pnpm/miniflare@5.20260908.0-alpha/node_modules/miniflare/dist/src/workers/workflows/binding.worker.js:14493:15)
uncaught exception; source = Uncaught (in promise); stack = Error: Engine was never started
    at Engine.getStatus (file:///Users/marcus/Developer/card-keepr/node_modules/.pnpm/miniflare@5.20260908.0-alpha/node_modules/miniflare/dist/src/workers/workflows/binding.worker.js:14493:15)
uncaught exception; source = Uncaught (in promise); stack = Error: instance.not_found
    at WorkflowBinding.get (file:///Users/marcus/Developer/card-keepr/node_modules/.pnpm/miniflare@5.20260908.0-alpha/node_modules/miniflare/dist/src/workers/workflows/binding.worker.js:15150:13)
uncaught exception; source = Uncaught (in promise); stack = Error: Engine was never started
    at Engine.getStatus (file:///Users/marcus/Developer/card-keepr/node_modules/.pnpm/miniflare@5.20260908.0-alpha/node_modules/miniflare/dist/src/workers/workflows/binding.worker.js:14493:15)
uncaught exception; source = Uncaught (in promise); stack = Error: Engine was never started
    at Engine.getStatus (file:///Users/marcus/Developer/card-keepr/node_modules/.pnpm/miniflare@5.20260908.0-alpha/node_modules/miniflare/dist/src/workers/workflows/binding.worker.js:14493:15)
uncaught exception; source = Uncaught (in promise); stack = Error: instance.not_found
    at WorkflowBinding.get (file:///Users/marcus/Developer/card-keepr/node_modules/.pnpm/miniflare@5.20260908.0-alpha/node_modules/miniflare/dist/src/workers/workflows/binding.worker.js:15150:13)
uncaught exception; source = Uncaught (in promise); stack = Error: Engine was never started
    at Engine.getStatus (file:///Users/marcus/Developer/card-keepr/node_modules/.pnpm/miniflare@5.20260908.0-alpha/node_modules/miniflare/dist/src/workers/workflows/binding.worker.js:14493:15)
uncaught exception; source = Uncaught (in promise); stack = Error: Engine was never started
    at Engine.getStatus (file:///Users/marcus/Developer/card-keepr/node_modules/.pnpm/miniflare@5.20260908.0-alpha/node_modules/miniflare/dist/src/workers/workflows/binding.worker.js:14493:15)
uncaught exception; source = Uncaught (in promise); stack = Error: instance.not_found
    at WorkflowBinding.get (file:///Users/marcus/Developer/card-keepr/node_modules/.pnpm/miniflare@5.20260908.0-alpha/node_modules/miniflare/dist/src/workers/workflows/binding.worker.js:15150:13)
uncaught exception; source = Uncaught (in promise); stack = Error: Engine was never started
    at Engine.getStatus (file:///Users/marcus/Developer/card-keepr/node_modules/.pnpm/miniflare@5.20260908.0-alpha/node_modules/miniflare/dist/src/workers/workflows/binding.worker.js:14493:15)
uncaught exception; source = Uncaught (in promise); stack = Error: Engine was never started
    at Engine.getStatus (file:///Users/marcus/Developer/card-keepr/node_modules/.pnpm/miniflare@5.20260908.0-alpha/node_modules/miniflare/dist/src/workers/workflows/binding.worker.js:14493:15)
uncaught exception; source = Uncaught (in promise); stack = Error: instance.not_found
    at WorkflowBinding.get (file:///Users/marcus/Developer/card-keepr/node_modules/.pnpm/miniflare@5.20260908.0-alpha/node_modules/miniflare/dist/src/workers/workflows/binding.worker.js:15150:13)
uncaught exception; source = Uncaught (in promise); stack = Error: Engine was never started
    at Engine.getStatus (file:///Users/marcus/Developer/card-keepr/node_modules/.pnpm/miniflare@5.20260908.0-alpha/node_modules/miniflare/dist/src/workers/workflows/binding.worker.js:14493:15)
uncaught exception; source = Uncaught (in promise); stack = Error: Engine was never started
    at Engine.getStatus (file:///Users/marcus/Developer/card-keepr/node_modules/.pnpm/miniflare@5.20260908.0-alpha/node_modules/miniflare/dist/src/workers/workflows/binding.worker.js:14493:15)
uncaught exception; source = Uncaught (in promise); stack = Error: instance.not_found
    at WorkflowBinding.get (file:///Users/marcus/Developer/card-keepr/node_modules/.pnpm/miniflare@5.20260908.0-alpha/node_modules/miniflare/dist/src/workers/workflows/binding.worker.js:15150:13)
uncaught exception; exception = workerd/io/io-context.c++:1642: failed: jsg.Error: The Workers runtime canceled this request because it detected that your Worker's code had hung and would never generate a response. Refer to: https://developers.cloudflare.com/workers/observability/errors/
stack: 1058cd37f
uncaught exception; source = Uncaught (in promise); stack = Error: Engine was never started
    at Engine.getStatus (file:///Users/marcus/Developer/card-keepr/node_modules/.pnpm/miniflare@5.20260908.0-alpha/node_modules/miniflare/dist/src/workers/workflows/binding.worker.js:14493:15)
uncaught exception; source = Uncaught (in promise); stack = Error: Engine was never started
    at Engine.getStatus (file:///Users/marcus/Developer/card-keepr/node_modules/.pnpm/miniflare@5.20260908.0-alpha/node_modules/miniflare/dist/src/workers/workflows/binding.worker.js:14493:15)
uncaught exception; source = Uncaught (in promise); stack = Error: instance.not_found
    at WorkflowBinding.get (file:///Users/marcus/Developer/card-keepr/node_modules/.pnpm/miniflare@5.20260908.0-alpha/node_modules/miniflare/dist/src/workers/workflows/binding.worker.js:15150:13)
uncaught exception; source = Uncaught (in promise); stack = Error: Engine was never started
    at Engine.getStatus (file:///Users/marcus/Developer/card-keepr/node_modules/.pnpm/miniflare@5.20260908.0-alpha/node_modules/miniflare/dist/src/workers/workflows/binding.worker.js:14493:15)
uncaught exception; source = Uncaught (in promise); stack = Error: Engine was never started
    at Engine.getStatus (file:///Users/marcus/Developer/card-keepr/node_modules/.pnpm/miniflare@5.20260908.0-alpha/node_modules/miniflare/dist/src/workers/workflows/binding.worker.js:14493:15)
uncaught exception; source = Uncaught (in promise); stack = Error: instance.not_found
    at WorkflowBinding.get (file:///Users/marcus/Developer/card-keepr/node_modules/.pnpm/miniflare@5.20260908.0-alpha/node_modules/miniflare/dist/src/workers/workflows/binding.worker.js:15150:13)
uncaught exception; exception = workerd/io/io-context.c++:1642: failed: jsg.Error: The Workers runtime canceled this request because it detected that your Worker's code had hung and would never generate a response. Refer to: https://developers.cloudflare.com/workers/observability/errors/
stack: 1058cd37f
uncaught exception; source = Uncaught (in promise); stack = Error: D1_ERROR: synthetic_record_step_outage: SQLITE_CONSTRAINT (extended: SQLITE_CONSTRAINT_TRIGGER)
    at D1DatabaseSessionAlwaysPrimary._sendOrThrow (cloudflare-internal:d1-api:188:19)
    at cloudflare-internal:d1-api:137:19
    at atomicBatch (/Users/marcus/Developer/card-keepr/src/catalogue/shared/catalogue-store-repository.ts:117:19)
    at recordWorkflowIds (/Users/marcus/Developer/card-keepr/src/catalogue/source-evidence/source-evidence-repository.ts:1059:3)
    at /Users/marcus/Developer/card-keepr/apps/ingestion/src/evidence-workflows.ts:257:13
    at wrapped (/Users/marcus/Developer/card-keepr/src/catalogue/shared/workflow-progress.ts:28:22)
    at wrapped (/Users/marcus/Developer/card-keepr/src/http/operational-log.ts:176:20)
uncaught exception; source = Uncaught (in promise); stack = Error: D1_ERROR: synthetic_record_step_outage: SQLITE_CONSTRAINT (extended: SQLITE_CONSTRAINT_TRIGGER)
    at D1DatabaseSessionAlwaysPrimary._sendOrThrow (cloudflare-internal:d1-api:188:19)
    at cloudflare-internal:d1-api:137:19
    at atomicBatch (/Users/marcus/Developer/card-keepr/src/catalogue/shared/catalogue-store-repository.ts:117:19)
    at recordWorkflowIds (/Users/marcus/Developer/card-keepr/src/catalogue/source-evidence/source-evidence-repository.ts:1059:3)
    at /Users/marcus/Developer/card-keepr/apps/ingestion/src/evidence-workflows.ts:257:13
    at wrapped (/Users/marcus/Developer/card-keepr/src/catalogue/shared/workflow-progress.ts:28:22)
    at wrapped (/Users/marcus/Developer/card-keepr/src/http/operational-log.ts:176:20)
uncaught exception; source = Uncaught (in promise); stack = Error: D1_ERROR: synthetic_record_step_outage: SQLITE_CONSTRAINT (extended: SQLITE_CONSTRAINT_TRIGGER)
    at D1DatabaseSessionAlwaysPrimary._sendOrThrow (cloudflare-internal:d1-api:188:19)
    at cloudflare-internal:d1-api:137:19
    at atomicBatch (/Users/marcus/Developer/card-keepr/src/catalogue/shared/catalogue-store-repository.ts:117:19)
    at recordWorkflowIds (/Users/marcus/Developer/card-keepr/src/catalogue/source-evidence/source-evidence-repository.ts:1059:3)
    at /Users/marcus/Developer/card-keepr/apps/ingestion/src/evidence-workflows.ts:257:13
    at wrapped (/Users/marcus/Developer/card-keepr/src/catalogue/shared/workflow-progress.ts:28:22)
    at wrapped (/Users/marcus/Developer/card-keepr/src/http/operational-log.ts:176:20)
An RPC stub was not disposed properly. You must call dispose() on all stubs in order to let the other side know that you are no longer using them. You cannot rely on the garbage collector for this because it may take arbitrarily long before actually collecting unreachable objects. As a shortcut, calling dispose() on the result of an RPC call disposes all stubs within it.
uncaught exception; source = Uncaught (in promise); stack = Error: D1_ERROR: synthetic_record_step_outage: SQLITE_CONSTRAINT (extended: SQLITE_CONSTRAINT_TRIGGER)
    at D1DatabaseSessionAlwaysPrimary._sendOrThrow (cloudflare-internal:d1-api:188:19)
    at cloudflare-internal:d1-api:137:19
    at atomicBatch (/Users/marcus/Developer/card-keepr/src/catalogue/shared/catalogue-store-repository.ts:117:19)
    at recordWorkflowIds (/Users/marcus/Developer/card-keepr/src/catalogue/source-evidence/source-evidence-repository.ts:1059:3)
    at /Users/marcus/Developer/card-keepr/apps/ingestion/src/evidence-workflows.ts:257:13
    at wrapped (/Users/marcus/Developer/card-keepr/src/catalogue/shared/workflow-progress.ts:28:22)
    at wrapped (/Users/marcus/Developer/card-keepr/src/http/operational-log.ts:176:20)
uncaught exception; source = Uncaught (in promise); stack = Error: D1_ERROR: synthetic_record_step_outage: SQLITE_CONSTRAINT (extended: SQLITE_CONSTRAINT_TRIGGER)
    at async doWrapper (file:///Users/marcus/Developer/card-keepr/node_modules/.pnpm/miniflare@5.20260908.0-alpha/node_modules/miniflare/dist/src/workers/workflows/binding.worker.js:13525:53)
    at async Context.do (file:///Users/marcus/Developer/card-keepr/node_modules/.pnpm/miniflare@5.20260908.0-alpha/node_modules/miniflare/dist/src/workers/workflows/binding.worker.js:13789:17)
uncaught exception; source = Uncaught (in promise); stack = Error: D1_ERROR: synthetic_record_step_outage: SQLITE_CONSTRAINT (extended: SQLITE_CONSTRAINT_TRIGGER)
    at async doWrapper (file:///Users/marcus/Developer/card-keepr/node_modules/.pnpm/miniflare@5.20260908.0-alpha/node_modules/miniflare/dist/src/workers/workflows/binding.worker.js:13525:53)
    at async Context.do (file:///Users/marcus/Developer/card-keepr/node_modules/.pnpm/miniflare@5.20260908.0-alpha/node_modules/miniflare/dist/src/workers/workflows/binding.worker.js:13789:17)
uncaught exception; exception = workerd/io/io-context.c++:1642: failed: jsg.Error: The Workers runtime canceled this request because it detected that your Worker's code had hung and would never generate a response. Refer to: https://developers.cloudflare.com/workers/observability/errors/
stack: 1058cd37f
uncaught exception; source = Uncaught (in promise); stack = WorkflowError: (instance.cannot_terminate) Cannot terminate instance since its on a finite state
    at createWorkflowError (file:///Users/marcus/Developer/card-keepr/node_modules/.pnpm/miniflare@5.20260908.0-alpha/node_modules/miniflare/dist/src/workers/workflows/binding.worker.js:1374:10)
    at Engine.changeInstanceStatus (file:///Users/marcus/Developer/card-keepr/node_modules/.pnpm/miniflare@5.20260908.0-alpha/node_modules/miniflare/dist/src/workers/workflows/binding.worker.js:14752:17)
uncaught exception; source = Uncaught (in promise); stack = WorkflowError: (instance.cannot_terminate) Cannot terminate instance since its on a finite state
    at createWorkflowError (file:///Users/marcus/Developer/card-keepr/node_modules/.pnpm/miniflare@5.20260908.0-alpha/node_modules/miniflare/dist/src/workers/workflows/binding.worker.js:1374:10)
    at Engine.changeInstanceStatus (file:///Users/marcus/Developer/card-keepr/node_modules/.pnpm/miniflare@5.20260908.0-alpha/node_modules/miniflare/dist/src/workers/workflows/binding.worker.js:14752:17)
uncaught exception; source = Uncaught (in promise); stack = Error: WorkflowError: (instance.cannot_terminate) Cannot terminate instance since its on a finite state
    at async WorkflowHandle.terminate (file:///Users/marcus/Developer/card-keepr/node_modules/.pnpm/miniflare@5.20260908.0-alpha/node_modules/miniflare/dist/src/workers/workflows/binding.worker.js:15318:7)
uncaught exception; source = Uncaught (in promise); stack = Error: WorkflowError: (instance.cannot_terminate) Cannot terminate instance since its on a finite state
    at async WorkflowHandle.terminate (file:///Users/marcus/Developer/card-keepr/node_modules/.pnpm/miniflare@5.20260908.0-alpha/node_modules/miniflare/dist/src/workers/workflows/binding.worker.js:15318:7)
uncaught exception; source = Uncaught (in promise); stack = Error: Engine was never started
    at Engine.getStatus (file:///Users/marcus/Developer/card-keepr/node_modules/.pnpm/miniflare@5.20260908.0-alpha/node_modules/miniflare/dist/src/workers/workflows/binding.worker.js:14493:15)
uncaught exception; source = Uncaught (in promise); stack = Error: Engine was never started
    at Engine.getStatus (file:///Users/marcus/Developer/card-keepr/node_modules/.pnpm/miniflare@5.20260908.0-alpha/node_modules/miniflare/dist/src/workers/workflows/binding.worker.js:14493:15)
uncaught exception; source = Uncaught (in promise); stack = Error: instance.not_found
    at WorkflowBinding.get (file:///Users/marcus/Developer/card-keepr/node_modules/.pnpm/miniflare@5.20260908.0-alpha/node_modules/miniflare/dist/src/workers/workflows/binding.worker.js:15150:13)
uncaught exception; exception = workerd/io/io-context.c++:1642: failed: jsg.Error: The Workers runtime canceled this request because it detected that your Worker's code had hung and would never generate a response. Refer to: https://developers.cloudflare.com/workers/observability/errors/
stack: 1058cd37f
uncaught exception; exception = workerd/io/io-context.c++:1642: failed: jsg.Error: The Workers runtime canceled this request because it detected that your Worker's code had hung and would never generate a response. Refer to: https://developers.cloudflare.com/workers/observability/errors/
stack: 1058cd37f
uncaught exception; exception = workerd/io/io-context.c++:1642: failed: jsg.Error: The Workers runtime canceled this request because it detected that your Worker's code had hung and would never generate a response. Refer to: https://developers.cloudflare.com/workers/observability/errors/
stack: 1058cd37f
uncaught exception; source = Uncaught (in promise); stack = Error: Engine was never started
    at Engine.getStatus (file:///Users/marcus/Developer/card-keepr/node_modules/.pnpm/miniflare@5.20260908.0-alpha/node_modules/miniflare/dist/src/workers/workflows/binding.worker.js:14493:15)
uncaught exception; source = Uncaught (in promise); stack = Error: Engine was never started
    at Engine.getStatus (file:///Users/marcus/Developer/card-keepr/node_modules/.pnpm/miniflare@5.20260908.0-alpha/node_modules/miniflare/dist/src/workers/workflows/binding.worker.js:14493:15)
uncaught exception; source = Uncaught (in promise); stack = Error: instance.not_found
    at WorkflowBinding.get (file:///Users/marcus/Developer/card-keepr/node_modules/.pnpm/miniflare@5.20260908.0-alpha/node_modules/miniflare/dist/src/workers/workflows/binding.worker.js:15150:13)
uncaught exception; exception = workerd/io/io-context.c++:1642: failed: jsg.Error: The Workers runtime canceled this request because it detected that your Worker's code had hung and would never generate a response. Refer to: https://developers.cloudflare.com/workers/observability/errors/
stack: 1058cd37f
uncaught exception; exception = workerd/api/actor-state.c++:1197: failed: broken.outputGateBroken; jsg.Error: Aborting engine: User called terminate
stack: 1058cd37f
uncaught exception; exception = workerd/api/actor-state.c++:1197: failed: broken.outputGateBroken; jsg.Error: Aborting engine: User called terminate
stack: 1058cd37f
uncaught exception; exception = workerd/api/actor-state.c++:1197: failed: broken.outputGateBroken; jsg.Error: Aborting engine: User called terminate
stack: 1058cd37f
uncaught exception; source = Uncaught (in promise); stack = WorkflowError: (instance.cannot_terminate) Cannot terminate instance since its on a finite state
    at createWorkflowError (file:///Users/marcus/Developer/card-keepr/node_modules/.pnpm/miniflare@5.20260908.0-alpha/node_modules/miniflare/dist/src/workers/workflows/binding.worker.js:1374:10)
    at Engine.changeInstanceStatus (file:///Users/marcus/Developer/card-keepr/node_modules/.pnpm/miniflare@5.20260908.0-alpha/node_modules/miniflare/dist/src/workers/workflows/binding.worker.js:14752:17)
uncaught exception; source = Uncaught (in promise); stack = Error: WorkflowError: (instance.cannot_terminate) Cannot terminate instance since its on a finite state
    at async WorkflowHandle.terminate (file:///Users/marcus/Developer/card-keepr/node_modules/.pnpm/miniflare@5.20260908.0-alpha/node_modules/miniflare/dist/src/workers/workflows/binding.worker.js:15318:7)
uncaught exception; source = Uncaught (in promise); stack = Error: Engine was never started
    at Engine.getStatus (file:///Users/marcus/Developer/card-keepr/node_modules/.pnpm/miniflare@5.20260908.0-alpha/node_modules/miniflare/dist/src/workers/workflows/binding.worker.js:14493:15)
uncaught exception; source = Uncaught (in promise); stack = Error: Engine was never started
    at Engine.getStatus (file:///Users/marcus/Developer/card-keepr/node_modules/.pnpm/miniflare@5.20260908.0-alpha/node_modules/miniflare/dist/src/workers/workflows/binding.worker.js:14493:15)
uncaught exception; source = Uncaught (in promise); stack = Error: instance.not_found
    at WorkflowBinding.get (file:///Users/marcus/Developer/card-keepr/node_modules/.pnpm/miniflare@5.20260908.0-alpha/node_modules/miniflare/dist/src/workers/workflows/binding.worker.js:15150:13)
uncaught exception; exception = workerd/io/io-context.c++:1642: failed: jsg.Error: The Workers runtime canceled this request because it detected that your Worker's code had hung and would never generate a response. Refer to: https://developers.cloudflare.com/workers/observability/errors/
stack: 1058cd37f
uncaught exception; exception = workerd/io/io-context.c++:1642: failed: jsg.Error: The Workers runtime canceled this request because it detected that your Worker's code had hung and would never generate a response. Refer to: https://developers.cloudflare.com/workers/observability/errors/
stack: 1058cd37f
uncaught exception; source = Uncaught (in promise); stack = Error: Engine was never started
    at Engine.getStatus (file:///Users/marcus/Developer/card-keepr/node_modules/.pnpm/miniflare@5.20260908.0-alpha/node_modules/miniflare/dist/src/workers/workflows/binding.worker.js:14493:15)
uncaught exception; source = Uncaught (in promise); stack = Error: Engine was never started
    at Engine.getStatus (file:///Users/marcus/Developer/card-keepr/node_modules/.pnpm/miniflare@5.20260908.0-alpha/node_modules/miniflare/dist/src/workers/workflows/binding.worker.js:14493:15)
uncaught exception; source = Uncaught (in promise); stack = Error: instance.not_found
    at WorkflowBinding.get (file:///Users/marcus/Developer/card-keepr/node_modules/.pnpm/miniflare@5.20260908.0-alpha/node_modules/miniflare/dist/src/workers/workflows/binding.worker.js:15150:13)
uncaught exception; exception = workerd/io/io-context.c++:1642: failed: jsg.Error: The Workers runtime canceled this request because it detected that your Worker's code had hung and would never generate a response. Refer to: https://developers.cloudflare.com/workers/observability/errors/
stack: 1058cd37f
uncaught exception; source = Uncaught (in promise); stack = Error: Engine was never started
    at Engine.getStatus (file:///Users/marcus/Developer/card-keepr/node_modules/.pnpm/miniflare@5.20260908.0-alpha/node_modules/miniflare/dist/src/workers/workflows/binding.worker.js:14493:15)
uncaught exception; source = Uncaught (in promise); stack = Error: Engine was never started
    at Engine.getStatus (file:///Users/marcus/Developer/card-keepr/node_modules/.pnpm/miniflare@5.20260908.0-alpha/node_modules/miniflare/dist/src/workers/workflows/binding.worker.js:14493:15)
uncaught exception; source = Uncaught (in promise); stack = Error: instance.not_found
    at WorkflowBinding.get (file:///Users/marcus/Developer/card-keepr/node_modules/.pnpm/miniflare@5.20260908.0-alpha/node_modules/miniflare/dist/src/workers/workflows/binding.worker.js:15150:13)
uncaught exception; exception = workerd/io/io-context.c++:1642: failed: jsg.Error: The Workers runtime canceled this request because it detected that your Worker's code had hung and would never generate a response. Refer to: https://developers.cloudflare.com/workers/observability/errors/
stack: 1058cd37f
uncaught exception; exception = workerd/api/actor-state.c++:1197: failed: broken.outputGateBroken; jsg.Error: Aborting engine: User called terminate
stack: 1058cd37f
uncaught exception; exception = workerd/api/actor-state.c++:1197: failed: broken.outputGateBroken; jsg.Error: Aborting engine: User called terminate
stack: 1058cd37f
uncaught exception; exception = workerd/api/actor-state.c++:1197: failed: broken.outputGateBroken; jsg.Error: Aborting engine: User called terminate
stack: 1058cd37f
uncaught exception; source = Uncaught (in promise); stack = Error: Engine was never started
    at Engine.getStatus (file:///Users/marcus/Developer/card-keepr/node_modules/.pnpm/miniflare@5.20260908.0-alpha/node_modules/miniflare/dist/src/workers/workflows/binding.worker.js:14493:15)
uncaught exception; source = Uncaught (in promise); stack = Error: Engine was never started
    at Engine.getStatus (file:///Users/marcus/Developer/card-keepr/node_modules/.pnpm/miniflare@5.20260908.0-alpha/node_modules/miniflare/dist/src/workers/workflows/binding.worker.js:14493:15)
uncaught exception; source = Uncaught (in promise); stack = Error: instance.not_found
    at WorkflowBinding.get (file:///Users/marcus/Developer/card-keepr/node_modules/.pnpm/miniflare@5.20260908.0-alpha/node_modules/miniflare/dist/src/workers/workflows/binding.worker.js:15150:13)
uncaught exception; source = Uncaught (in promise); stack = WorkflowError: (instance.cannot_terminate) Cannot terminate instance since its on a finite state
    at createWorkflowError (file:///Users/marcus/Developer/card-keepr/node_modules/.pnpm/miniflare@5.20260908.0-alpha/node_modules/miniflare/dist/src/workers/workflows/binding.worker.js:1374:10)
    at Engine.changeInstanceStatus (file:///Users/marcus/Developer/card-keepr/node_modules/.pnpm/miniflare@5.20260908.0-alpha/node_modules/miniflare/dist/src/workers/workflows/binding.worker.js:14752:17)
uncaught exception; source = Uncaught (in promise); stack = Error: WorkflowError: (instance.cannot_terminate) Cannot terminate instance since its on a finite state
    at async WorkflowHandle.terminate (file:///Users/marcus/Developer/card-keepr/node_modules/.pnpm/miniflare@5.20260908.0-alpha/node_modules/miniflare/dist/src/workers/workflows/binding.worker.js:15318:7)
uncaught exception; source = Uncaught (in promise); stack = Error: Engine was never started
    at Engine.getStatus (file:///Users/marcus/Developer/card-keepr/node_modules/.pnpm/miniflare@5.20260908.0-alpha/node_modules/miniflare/dist/src/workers/workflows/binding.worker.js:14493:15)
uncaught exception; source = Uncaught (in promise); stack = Error: Engine was never started
    at Engine.getStatus (file:///Users/marcus/Developer/card-keepr/node_modules/.pnpm/miniflare@5.20260908.0-alpha/node_modules/miniflare/dist/src/workers/workflows/binding.worker.js:14493:15)
uncaught exception; source = Uncaught (in promise); stack = Error: instance.not_found
    at WorkflowBinding.get (file:///Users/marcus/Developer/card-keepr/node_modules/.pnpm/miniflare@5.20260908.0-alpha/node_modules/miniflare/dist/src/workers/workflows/binding.worker.js:15150:13)
uncaught exception; exception = workerd/io/io-context.c++:1642: failed: jsg.Error: The Workers runtime canceled this request because it detected that your Worker's code had hung and would never generate a response. Refer to: https://developers.cloudflare.com/workers/observability/errors/
stack: 1058cd37f
uncaught exception; source = Uncaught (in promise); stack = Error: Engine was never started
    at Engine.getStatus (file:///Users/marcus/Developer/card-keepr/node_modules/.pnpm/miniflare@5.20260908.0-alpha/node_modules/miniflare/dist/src/workers/workflows/binding.worker.js:14493:15)
uncaught exception; source = Uncaught (in promise); stack = Error: Engine was never started
    at Engine.getStatus (file:///Users/marcus/Developer/card-keepr/node_modules/.pnpm/miniflare@5.20260908.0-alpha/node_modules/miniflare/dist/src/workers/workflows/binding.worker.js:14493:15)
uncaught exception; source = Uncaught (in promise); stack = Error: instance.not_found
    at WorkflowBinding.get (file:///Users/marcus/Developer/card-keepr/node_modules/.pnpm/miniflare@5.20260908.0-alpha/node_modules/miniflare/dist/src/workers/workflows/binding.worker.js:15150:13)
uncaught exception; source = Uncaught (in promise); stack = Error: Engine was never started
    at Engine.getStatus (file:///Users/marcus/Developer/card-keepr/node_modules/.pnpm/miniflare@5.20260908.0-alpha/node_modules/miniflare/dist/src/workers/workflows/binding.worker.js:14493:15)
uncaught exception; source = Uncaught (in promise); stack = Error: Engine was never started
    at Engine.getStatus (file:///Users/marcus/Developer/card-keepr/node_modules/.pnpm/miniflare@5.20260908.0-alpha/node_modules/miniflare/dist/src/workers/workflows/binding.worker.js:14493:15)
uncaught exception; source = Uncaught (in promise); stack = Error: instance.not_found
    at WorkflowBinding.get (file:///Users/marcus/Developer/card-keepr/node_modules/.pnpm/miniflare@5.20260908.0-alpha/node_modules/miniflare/dist/src/workers/workflows/binding.worker.js:15150:13)
uncaught exception; exception = workerd/io/io-context.c++:1642: failed: jsg.Error: The Workers runtime canceled this request because it detected that your Worker's code had hung and would never generate a response. Refer to: https://developers.cloudflare.com/workers/observability/errors/
stack: 1058cd37f
uncaught exception; source = Uncaught (in promise); stack = Error: D1_ERROR: synthetic_record_step_outage: SQLITE_CONSTRAINT (extended: SQLITE_CONSTRAINT_TRIGGER)
    at D1DatabaseSessionAlwaysPrimary._sendOrThrow (cloudflare-internal:d1-api:188:19)
    at cloudflare-internal:d1-api:137:19
    at atomicBatch (/Users/marcus/Developer/card-keepr/src/catalogue/shared/catalogue-store-repository.ts:117:19)
    at recordWorkflowIds (/Users/marcus/Developer/card-keepr/src/catalogue/source-evidence/source-evidence-repository.ts:1059:3)
    at /Users/marcus/Developer/card-keepr/apps/ingestion/src/evidence-workflows.ts:257:13
    at wrapped (/Users/marcus/Developer/card-keepr/src/catalogue/shared/workflow-progress.ts:28:22)
    at wrapped (/Users/marcus/Developer/card-keepr/src/http/operational-log.ts:176:20)
uncaught exception; source = Uncaught (in promise); stack = Error: D1_ERROR: synthetic_record_step_outage: SQLITE_CONSTRAINT (extended: SQLITE_CONSTRAINT_TRIGGER)
    at D1DatabaseSessionAlwaysPrimary._sendOrThrow (cloudflare-internal:d1-api:188:19)
    at cloudflare-internal:d1-api:137:19
    at atomicBatch (/Users/marcus/Developer/card-keepr/src/catalogue/shared/catalogue-store-repository.ts:117:19)
    at recordWorkflowIds (/Users/marcus/Developer/card-keepr/src/catalogue/source-evidence/source-evidence-repository.ts:1059:3)
    at /Users/marcus/Developer/card-keepr/apps/ingestion/src/evidence-workflows.ts:257:13
    at wrapped (/Users/marcus/Developer/card-keepr/src/catalogue/shared/workflow-progress.ts:28:22)
    at wrapped (/Users/marcus/Developer/card-keepr/src/http/operational-log.ts:176:20)
uncaught exception; source = Uncaught (in promise); stack = Error: D1_ERROR: synthetic_record_step_outage: SQLITE_CONSTRAINT (extended: SQLITE_CONSTRAINT_TRIGGER)
    at D1DatabaseSessionAlwaysPrimary._sendOrThrow (cloudflare-internal:d1-api:188:19)
    at cloudflare-internal:d1-api:137:19
    at atomicBatch (/Users/marcus/Developer/card-keepr/src/catalogue/shared/catalogue-store-repository.ts:117:19)
    at recordWorkflowIds (/Users/marcus/Developer/card-keepr/src/catalogue/source-evidence/source-evidence-repository.ts:1059:3)
    at /Users/marcus/Developer/card-keepr/apps/ingestion/src/evidence-workflows.ts:257:13
    at wrapped (/Users/marcus/Developer/card-keepr/src/catalogue/shared/workflow-progress.ts:28:22)
    at wrapped (/Users/marcus/Developer/card-keepr/src/http/operational-log.ts:176:20)
uncaught exception; source = Uncaught (in promise); stack = Error: D1_ERROR: synthetic_record_step_outage: SQLITE_CONSTRAINT (extended: SQLITE_CONSTRAINT_TRIGGER)
    at D1DatabaseSessionAlwaysPrimary._sendOrThrow (cloudflare-internal:d1-api:188:19)
    at cloudflare-internal:d1-api:137:19
    at atomicBatch (/Users/marcus/Developer/card-keepr/src/catalogue/shared/catalogue-store-repository.ts:117:19)
    at recordWorkflowIds (/Users/marcus/Developer/card-keepr/src/catalogue/source-evidence/source-evidence-repository.ts:1059:3)
    at /Users/marcus/Developer/card-keepr/apps/ingestion/src/evidence-workflows.ts:257:13
    at wrapped (/Users/marcus/Developer/card-keepr/src/catalogue/shared/workflow-progress.ts:28:22)
    at wrapped (/Users/marcus/Developer/card-keepr/src/http/operational-log.ts:176:20)
uncaught exception; source = Uncaught (in promise); stack = Error: D1_ERROR: synthetic_record_step_outage: SQLITE_CONSTRAINT (extended: SQLITE_CONSTRAINT_TRIGGER)
    at async doWrapper (file:///Users/marcus/Developer/card-keepr/node_modules/.pnpm/miniflare@5.20260908.0-alpha/node_modules/miniflare/dist/src/workers/workflows/binding.worker.js:13525:53)
    at async Context.do (file:///Users/marcus/Developer/card-keepr/node_modules/.pnpm/miniflare@5.20260908.0-alpha/node_modules/miniflare/dist/src/workers/workflows/binding.worker.js:13789:17)
uncaught exception; source = Uncaught (in promise); stack = Error: D1_ERROR: synthetic_record_step_outage: SQLITE_CONSTRAINT (extended: SQLITE_CONSTRAINT_TRIGGER)
    at async doWrapper (file:///Users/marcus/Developer/card-keepr/node_modules/.pnpm/miniflare@5.20260908.0-alpha/node_modules/miniflare/dist/src/workers/workflows/binding.worker.js:13525:53)
    at async Context.do (file:///Users/marcus/Developer/card-keepr/node_modules/.pnpm/miniflare@5.20260908.0-alpha/node_modules/miniflare/dist/src/workers/workflows/binding.worker.js:13789:17)
uncaught exception; exception = workerd/io/io-context.c++:1642: failed: jsg.Error: The Workers runtime canceled this request because it detected that your Worker's code had hung and would never generate a response. Refer to: https://developers.cloudflare.com/workers/observability/errors/
stack: 1058cd37f
uncaught exception; source = Uncaught (in promise); stack = WorkflowError: (instance.cannot_terminate) Cannot terminate instance since its on a finite state
    at createWorkflowError (file:///Users/marcus/Developer/card-keepr/node_modules/.pnpm/miniflare@5.20260908.0-alpha/node_modules/miniflare/dist/src/workers/workflows/binding.worker.js:1374:10)
    at Engine.changeInstanceStatus (file:///Users/marcus/Developer/card-keepr/node_modules/.pnpm/miniflare@5.20260908.0-alpha/node_modules/miniflare/dist/src/workers/workflows/binding.worker.js:14752:17)
uncaught exception; source = Uncaught (in promise); stack = WorkflowError: (instance.cannot_terminate) Cannot terminate instance since its on a finite state
    at createWorkflowError (file:///Users/marcus/Developer/card-keepr/node_modules/.pnpm/miniflare@5.20260908.0-alpha/node_modules/miniflare/dist/src/workers/workflows/binding.worker.js:1374:10)
    at Engine.changeInstanceStatus (file:///Users/marcus/Developer/card-keepr/node_modules/.pnpm/miniflare@5.20260908.0-alpha/node_modules/miniflare/dist/src/workers/workflows/binding.worker.js:14752:17)
uncaught exception; source = Uncaught (in promise); stack = WorkflowError: (instance.cannot_terminate) Cannot terminate instance since its on a finite state
    at createWorkflowError (file:///Users/marcus/Developer/card-keepr/node_modules/.pnpm/miniflare@5.20260908.0-alpha/node_modules/miniflare/dist/src/workers/workflows/binding.worker.js:1374:10)
    at Engine.changeInstanceStatus (file:///Users/marcus/Developer/card-keepr/node_modules/.pnpm/miniflare@5.20260908.0-alpha/node_modules/miniflare/dist/src/workers/workflows/binding.worker.js:14752:17)
uncaught exception; source = Uncaught (in promise); stack = Error: WorkflowError: (instance.cannot_terminate) Cannot terminate instance since its on a finite state
    at async WorkflowHandle.terminate (file:///Users/marcus/Developer/card-keepr/node_modules/.pnpm/miniflare@5.20260908.0-alpha/node_modules/miniflare/dist/src/workers/workflows/binding.worker.js:15318:7)
uncaught exception; source = Uncaught (in promise); stack = Error: WorkflowError: (instance.cannot_terminate) Cannot terminate instance since its on a finite state
    at async WorkflowHandle.terminate (file:///Users/marcus/Developer/card-keepr/node_modules/.pnpm/miniflare@5.20260908.0-alpha/node_modules/miniflare/dist/src/workers/workflows/binding.worker.js:15318:7)
uncaught exception; source = Uncaught (in promise); stack = Error: WorkflowError: (instance.cannot_terminate) Cannot terminate instance since its on a finite state
    at async WorkflowHandle.terminate (file:///Users/marcus/Developer/card-keepr/node_modules/.pnpm/miniflare@5.20260908.0-alpha/node_modules/miniflare/dist/src/workers/workflows/binding.worker.js:15318:7)
uncaught exception; source = Uncaught (in promise); stack = WorkflowError: (instance.cannot_terminate) Cannot terminate instance since its on a finite state
    at createWorkflowError (file:///Users/marcus/Developer/card-keepr/node_modules/.pnpm/miniflare@5.20260908.0-alpha/node_modules/miniflare/dist/src/workers/workflows/binding.worker.js:1374:10)
    at Engine.changeInstanceStatus (file:///Users/marcus/Developer/card-keepr/node_modules/.pnpm/miniflare@5.20260908.0-alpha/node_modules/miniflare/dist/src/workers/workflows/binding.worker.js:14752:17)
uncaught exception; source = Uncaught (in promise); stack = Error: WorkflowError: (instance.cannot_terminate) Cannot terminate instance since its on a finite state
    at async WorkflowHandle.terminate (file:///Users/marcus/Developer/card-keepr/node_modules/.pnpm/miniflare@5.20260908.0-alpha/node_modules/miniflare/dist/src/workers/workflows/binding.worker.js:15318:7)
uncaught exception; source = Uncaught (in promise); stack = Error: Engine was never started
    at Engine.getStatus (file:///Users/marcus/Developer/card-keepr/node_modules/.pnpm/miniflare@5.20260908.0-alpha/node_modules/miniflare/dist/src/workers/workflows/binding.worker.js:14493:15)
uncaught exception; source = Uncaught (in promise); stack = Error: Engine was never started
    at Engine.getStatus (file:///Users/marcus/Developer/card-keepr/node_modules/.pnpm/miniflare@5.20260908.0-alpha/node_modules/miniflare/dist/src/workers/workflows/binding.worker.js:14493:15)
uncaught exception; source = Uncaught (in promise); stack = Error: Engine was never started
    at Engine.getStatus (file:///Users/marcus/Developer/card-keepr/node_modules/.pnpm/miniflare@5.20260908.0-alpha/node_modules/miniflare/dist/src/workers/workflows/binding.worker.js:14493:15)
uncaught exception; source = Uncaught (in promise); stack = Error: instance.not_found
    at WorkflowBinding.get (file:///Users/marcus/Developer/card-keepr/node_modules/.pnpm/miniflare@5.20260908.0-alpha/node_modules/miniflare/dist/src/workers/workflows/binding.worker.js:15150:13)
uncaught exception; source = Uncaught (in promise); stack = Error: Engine was never started
    at Engine.getStatus (file:///Users/marcus/Developer/card-keepr/node_modules/.pnpm/miniflare@5.20260908.0-alpha/node_modules/miniflare/dist/src/workers/workflows/binding.worker.js:14493:15)
uncaught exception; source = Uncaught (in promise); stack = Error: instance.not_found
    at WorkflowBinding.get (file:///Users/marcus/Developer/card-keepr/node_modules/.pnpm/miniflare@5.20260908.0-alpha/node_modules/miniflare/dist/src/workers/workflows/binding.worker.js:15150:13)
uncaught exception; exception = workerd/io/io-context.c++:1642: failed: jsg.Error: The Workers runtime canceled this request because it detected that your Worker's code had hung and would never generate a response. Refer to: https://developers.cloudflare.com/workers/observability/errors/
stack: 1058cd37f
uncaught exception; exception = workerd/io/io-context.c++:1642: failed: jsg.Error: The Workers runtime canceled this request because it detected that your Worker's code had hung and would never generate a response. Refer to: https://developers.cloudflare.com/workers/observability/errors/
stack: 1058cd37f
uncaught exception; source = Uncaught (in promise); stack = Error: Engine was never started
    at Engine.getStatus (file:///Users/marcus/Developer/card-keepr/node_modules/.pnpm/miniflare@5.20260908.0-alpha/node_modules/miniflare/dist/src/workers/workflows/binding.worker.js:14493:15)
uncaught exception; source = Uncaught (in promise); stack = Error: Engine was never started
    at Engine.getStatus (file:///Users/marcus/Developer/card-keepr/node_modules/.pnpm/miniflare@5.20260908.0-alpha/node_modules/miniflare/dist/src/workers/workflows/binding.worker.js:14493:15)
uncaught exception; source = Uncaught (in promise); stack = Error: instance.not_found
    at WorkflowBinding.get (file:///Users/marcus/Developer/card-keepr/node_modules/.pnpm/miniflare@5.20260908.0-alpha/node_modules/miniflare/dist/src/workers/workflows/binding.worker.js:15150:13)
uncaught exception; exception = workerd/io/io-context.c++:1642: failed: jsg.Error: The Workers runtime canceled this request because it detected that your Worker's code had hung and would never generate a response. Refer to: https://developers.cloudflare.com/workers/observability/errors/
stack: 1058cd37f
uncaught exception; source = Uncaught (in promise); stack = Error: Engine was never started
    at Engine.getStatus (file:///Users/marcus/Developer/card-keepr/node_modules/.pnpm/miniflare@5.20260908.0-alpha/node_modules/miniflare/dist/src/workers/workflows/binding.worker.js:14493:15)
uncaught exception; source = Uncaught (in promise); stack = Error: Engine was never started
    at Engine.getStatus (file:///Users/marcus/Developer/card-keepr/node_modules/.pnpm/miniflare@5.20260908.0-alpha/node_modules/miniflare/dist/src/workers/workflows/binding.worker.js:14493:15)
uncaught exception; source = Uncaught (in promise); stack = Error: instance.not_found
    at WorkflowBinding.get (file:///Users/marcus/Developer/card-keepr/node_modules/.pnpm/miniflare@5.20260908.0-alpha/node_modules/miniflare/dist/src/workers/workflows/binding.worker.js:15150:13)
uncaught exception; source = Uncaught (in promise); stack = Error: Engine was never started
    at Engine.getStatus (file:///Users/marcus/Developer/card-keepr/node_modules/.pnpm/miniflare@5.20260908.0-alpha/node_modules/miniflare/dist/src/workers/workflows/binding.worker.js:14493:15)
uncaught exception; source = Uncaught (in promise); stack = Error: Engine was never started
    at Engine.getStatus (file:///Users/marcus/Developer/card-keepr/node_modules/.pnpm/miniflare@5.20260908.0-alpha/node_modules/miniflare/dist/src/workers/workflows/binding.worker.js:14493:15)
uncaught exception; source = Uncaught (in promise); stack = Error: Engine was never started
    at Engine.getStatus (file:///Users/marcus/Developer/card-keepr/node_modules/.pnpm/miniflare@5.20260908.0-alpha/node_modules/miniflare/dist/src/workers/workflows/binding.worker.js:14493:15)
uncaught exception; source = Uncaught (in promise); stack = Error: Engine was never started
    at Engine.getStatus (file:///Users/marcus/Developer/card-keepr/node_modules/.pnpm/miniflare@5.20260908.0-alpha/node_modules/miniflare/dist/src/workers/workflows/binding.worker.js:14493:15)
uncaught exception; source = Uncaught (in promise); stack = Error: Engine was never started
    at Engine.getStatus (file:///Users/marcus/Developer/card-keepr/node_modules/.pnpm/miniflare@5.20260908.0-alpha/node_modules/miniflare/dist/src/workers/workflows/binding.worker.js:14493:15)
uncaught exception; source = Uncaught (in promise); stack = Error: Engine was never started
    at Engine.getStatus (file:///Users/marcus/Developer/card-keepr/node_modules/.pnpm/miniflare@5.20260908.0-alpha/node_modules/miniflare/dist/src/workers/workflows/binding.worker.js:14493:15)
uncaught exception; source = Uncaught (in promise); stack = Error: instance.not_found
    at WorkflowBinding.get (file:///Users/marcus/Developer/card-keepr/node_modules/.pnpm/miniflare@5.20260908.0-alpha/node_modules/miniflare/dist/src/workers/workflows/binding.worker.js:15150:13)
uncaught exception; source = Uncaught (in promise); stack = Error: Engine was never started
    at Engine.getStatus (file:///Users/marcus/Developer/card-keepr/node_modules/.pnpm/miniflare@5.20260908.0-alpha/node_modules/miniflare/dist/src/workers/workflows/binding.worker.js:14493:15)
uncaught exception; source = Uncaught (in promise); stack = Error: Engine was never started
    at Engine.getStatus (file:///Users/marcus/Developer/card-keepr/node_modules/.pnpm/miniflare@5.20260908.0-alpha/node_modules/miniflare/dist/src/workers/workflows/binding.worker.js:14493:15)
uncaught exception; source = Uncaught (in promise); stack = Error: Engine was never started
    at Engine.getStatus (file:///Users/marcus/Developer/card-keepr/node_modules/.pnpm/miniflare@5.20260908.0-alpha/node_modules/miniflare/dist/src/workers/workflows/binding.worker.js:14493:15)
uncaught exception; source = Uncaught (in promise); stack = Error: Engine was never started
    at Engine.getStatus (file:///Users/marcus/Developer/card-keepr/node_modules/.pnpm/miniflare@5.20260908.0-alpha/node_modules/miniflare/dist/src/workers/workflows/binding.worker.js:14493:15)
uncaught exception; source = Uncaught (in promise); stack = Error: instance.not_found
    at WorkflowBinding.get (file:///Users/marcus/Developer/card-keepr/node_modules/.pnpm/miniflare@5.20260908.0-alpha/node_modules/miniflare/dist/src/workers/workflows/binding.worker.js:15150:13)
uncaught exception; source = Uncaught (in promise); stack = Error: instance.not_found
    at WorkflowBinding.get (file:///Users/marcus/Developer/card-keepr/node_modules/.pnpm/miniflare@5.20260908.0-alpha/node_modules/miniflare/dist/src/workers/workflows/binding.worker.js:15150:13)
uncaught exception; source = Uncaught (in promise); stack = Error: instance.not_found
    at WorkflowBinding.get (file:///Users/marcus/Developer/card-keepr/node_modules/.pnpm/miniflare@5.20260908.0-alpha/node_modules/miniflare/dist/src/workers/workflows/binding.worker.js:15150:13)
uncaught exception; source = Uncaught (in promise); stack = Error: instance.not_found
    at WorkflowBinding.get (file:///Users/marcus/Developer/card-keepr/node_modules/.pnpm/miniflare@5.20260908.0-alpha/node_modules/miniflare/dist/src/workers/workflows/binding.worker.js:15150:13)
uncaught exception; exception = workerd/io/io-context.c++:1642: failed: jsg.Error: The Workers runtime canceled this request because it detected that your Worker's code had hung and would never generate a response. Refer to: https://developers.cloudflare.com/workers/observability/errors/
stack: 1058cd37f
uncaught exception; source = Uncaught (in promise); stack = Error: Engine was never started
    at Engine.getStatus (file:///Users/marcus/Developer/card-keepr/node_modules/.pnpm/miniflare@5.20260908.0-alpha/node_modules/miniflare/dist/src/workers/workflows/binding.worker.js:14493:15)
uncaught exception; source = Uncaught (in promise); stack = Error: Engine was never started
    at Engine.getStatus (file:///Users/marcus/Developer/card-keepr/node_modules/.pnpm/miniflare@5.20260908.0-alpha/node_modules/miniflare/dist/src/workers/workflows/binding.worker.js:14493:15)
uncaught exception; source = Uncaught (in promise); stack = Error: Engine was never started
    at Engine.getStatus (file:///Users/marcus/Developer/card-keepr/node_modules/.pnpm/miniflare@5.20260908.0-alpha/node_modules/miniflare/dist/src/workers/workflows/binding.worker.js:14493:15)
uncaught exception; source = Uncaught (in promise); stack = Error: Engine was never started
    at Engine.getStatus (file:///Users/marcus/Developer/card-keepr/node_modules/.pnpm/miniflare@5.20260908.0-alpha/node_modules/miniflare/dist/src/workers/workflows/binding.worker.js:14493:15)
uncaught exception; source = Uncaught (in promise); stack = Error: Engine was never started
    at Engine.getStatus (file:///Users/marcus/Developer/card-keepr/node_modules/.pnpm/miniflare@5.20260908.0-alpha/node_modules/miniflare/dist/src/workers/workflows/binding.worker.js:14493:15)
uncaught exception; source = Uncaught (in promise); stack = Error: Engine was never started
    at Engine.getStatus (file:///Users/marcus/Developer/card-keepr/node_modules/.pnpm/miniflare@5.20260908.0-alpha/node_modules/miniflare/dist/src/workers/workflows/binding.worker.js:14493:15)
uncaught exception; source = Uncaught (in promise); stack = Error: Engine was never started
    at Engine.getStatus (file:///Users/marcus/Developer/card-keepr/node_modules/.pnpm/miniflare@5.20260908.0-alpha/node_modules/miniflare/dist/src/workers/workflows/binding.worker.js:14493:15)
uncaught exception; source = Uncaught (in promise); stack = Error: Engine was never started
    at Engine.getStatus (file:///Users/marcus/Developer/card-keepr/node_modules/.pnpm/miniflare@5.20260908.0-alpha/node_modules/miniflare/dist/src/workers/workflows/binding.worker.js:14493:15)
uncaught exception; source = Uncaught (in promise); stack = Error: instance.not_found
    at WorkflowBinding.get (file:///Users/marcus/Developer/card-keepr/node_modules/.pnpm/miniflare@5.20260908.0-alpha/node_modules/miniflare/dist/src/workers/workflows/binding.worker.js:15150:13)
uncaught exception; source = Uncaught (in promise); stack = Error: instance.not_found
    at WorkflowBinding.get (file:///Users/marcus/Developer/card-keepr/node_modules/.pnpm/miniflare@5.20260908.0-alpha/node_modules/miniflare/dist/src/workers/workflows/binding.worker.js:15150:13)
uncaught exception; source = Uncaught (in promise); stack = Error: instance.not_found
    at WorkflowBinding.get (file:///Users/marcus/Developer/card-keepr/node_modules/.pnpm/miniflare@5.20260908.0-alpha/node_modules/miniflare/dist/src/workers/workflows/binding.worker.js:15150:13)
uncaught exception; source = Uncaught (in promise); stack = Error: instance.not_found
    at WorkflowBinding.get (file:///Users/marcus/Developer/card-keepr/node_modules/.pnpm/miniflare@5.20260908.0-alpha/node_modules/miniflare/dist/src/workers/workflows/binding.worker.js:15150:13)
uncaught exception; source = Uncaught (in promise); stack = Error: Engine was never started
    at Engine.getStatus (file:///Users/marcus/Developer/card-keepr/node_modules/.pnpm/miniflare@5.20260908.0-alpha/node_modules/miniflare/dist/src/workers/workflows/binding.worker.js:14493:15)
uncaught exception; source = Uncaught (in promise); stack = Error: Engine was never started
    at Engine.getStatus (file:///Users/marcus/Developer/card-keepr/node_modules/.pnpm/miniflare@5.20260908.0-alpha/node_modules/miniflare/dist/src/workers/workflows/binding.worker.js:14493:15)
uncaught exception; source = Uncaught (in promise); stack = Error: Engine was never started
    at Engine.getStatus (file:///Users/marcus/Developer/card-keepr/node_modules/.pnpm/miniflare@5.20260908.0-alpha/node_modules/miniflare/dist/src/workers/workflows/binding.worker.js:14493:15)
uncaught exception; source = Uncaught (in promise); stack = Error: Engine was never started
    at Engine.getStatus (file:///Users/marcus/Developer/card-keepr/node_modules/.pnpm/miniflare@5.20260908.0-alpha/node_modules/miniflare/dist/src/workers/workflows/binding.worker.js:14493:15)
uncaught exception; source = Uncaught (in promise); stack = Error: Engine was never started
    at Engine.getStatus (file:///Users/marcus/Developer/card-keepr/node_modules/.pnpm/miniflare@5.20260908.0-alpha/node_modules/miniflare/dist/src/workers/workflows/binding.worker.js:14493:15)
uncaught exception; source = Uncaught (in promise); stack = Error: Engine was never started
    at Engine.getStatus (file:///Users/marcus/Developer/card-keepr/node_modules/.pnpm/miniflare@5.20260908.0-alpha/node_modules/miniflare/dist/src/workers/workflows/binding.worker.js:14493:15)
uncaught exception; source = Uncaught (in promise); stack = Error: Engine was never started
    at Engine.getStatus (file:///Users/marcus/Developer/card-keepr/node_modules/.pnpm/miniflare@5.20260908.0-alpha/node_modules/miniflare/dist/src/workers/workflows/binding.worker.js:14493:15)
uncaught exception; source = Uncaught (in promise); stack = Error: Engine was never started
    at Engine.getStatus (file:///Users/marcus/Developer/card-keepr/node_modules/.pnpm/miniflare@5.20260908.0-alpha/node_modules/miniflare/dist/src/workers/workflows/binding.worker.js:14493:15)
uncaught exception; source = Uncaught (in promise); stack = Error: instance.not_found
    at WorkflowBinding.get (file:///Users/marcus/Developer/card-keepr/node_modules/.pnpm/miniflare@5.20260908.0-alpha/node_modules/miniflare/dist/src/workers/workflows/binding.worker.js:15150:13)
uncaught exception; source = Uncaught (in promise); stack = Error: instance.not_found
    at WorkflowBinding.get (file:///Users/marcus/Developer/card-keepr/node_modules/.pnpm/miniflare@5.20260908.0-alpha/node_modules/miniflare/dist/src/workers/workflows/binding.worker.js:15150:13)
uncaught exception; source = Uncaught (in promise); stack = Error: instance.not_found
    at WorkflowBinding.get (file:///Users/marcus/Developer/card-keepr/node_modules/.pnpm/miniflare@5.20260908.0-alpha/node_modules/miniflare/dist/src/workers/workflows/binding.worker.js:15150:13)
uncaught exception; source = Uncaught (in promise); stack = Error: instance.not_found
    at WorkflowBinding.get (file:///Users/marcus/Developer/card-keepr/node_modules/.pnpm/miniflare@5.20260908.0-alpha/node_modules/miniflare/dist/src/workers/workflows/binding.worker.js:15150:13)
uncaught exception; source = Uncaught (in promise); stack = Error: Engine was never started
    at Engine.getStatus (file:///Users/marcus/Developer/card-keepr/node_modules/.pnpm/miniflare@5.20260908.0-alpha/node_modules/miniflare/dist/src/workers/workflows/binding.worker.js:14493:15)
uncaught exception; source = Uncaught (in promise); stack = Error: Engine was never started
    at Engine.getStatus (file:///Users/marcus/Developer/card-keepr/node_modules/.pnpm/miniflare@5.20260908.0-alpha/node_modules/miniflare/dist/src/workers/workflows/binding.worker.js:14493:15)
uncaught exception; source = Uncaught (in promise); stack = Error: Engine was never started
    at Engine.getStatus (file:///Users/marcus/Developer/card-keepr/node_modules/.pnpm/miniflare@5.20260908.0-alpha/node_modules/miniflare/dist/src/workers/workflows/binding.worker.js:14493:15)
uncaught exception; source = Uncaught (in promise); stack = Error: Engine was never started
    at Engine.getStatus (file:///Users/marcus/Developer/card-keepr/node_modules/.pnpm/miniflare@5.20260908.0-alpha/node_modules/miniflare/dist/src/workers/workflows/binding.worker.js:14493:15)
uncaught exception; source = Uncaught (in promise); stack = Error: Engine was never started
    at Engine.getStatus (file:///Users/marcus/Developer/card-keepr/node_modules/.pnpm/miniflare@5.20260908.0-alpha/node_modules/miniflare/dist/src/workers/workflows/binding.worker.js:14493:15)
uncaught exception; source = Uncaught (in promise); stack = Error: Engine was never started
    at Engine.getStatus (file:///Users/marcus/Developer/card-keepr/node_modules/.pnpm/miniflare@5.20260908.0-alpha/node_modules/miniflare/dist/src/workers/workflows/binding.worker.js:14493:15)
uncaught exception; source = Uncaught (in promise); stack = Error: Engine was never started
    at Engine.getStatus (file:///Users/marcus/Developer/card-keepr/node_modules/.pnpm/miniflare@5.20260908.0-alpha/node_modules/miniflare/dist/src/workers/workflows/binding.worker.js:14493:15)
uncaught exception; source = Uncaught (in promise); stack = Error: Engine was never started
    at Engine.getStatus (file:///Users/marcus/Developer/card-keepr/node_modules/.pnpm/miniflare@5.20260908.0-alpha/node_modules/miniflare/dist/src/workers/workflows/binding.worker.js:14493:15)
uncaught exception; source = Uncaught (in promise); stack = Error: instance.not_found
    at WorkflowBinding.get (file:///Users/marcus/Developer/card-keepr/node_modules/.pnpm/miniflare@5.20260908.0-alpha/node_modules/miniflare/dist/src/workers/workflows/binding.worker.js:15150:13)
uncaught exception; source = Uncaught (in promise); stack = Error: instance.not_found
    at WorkflowBinding.get (file:///Users/marcus/Developer/card-keepr/node_modules/.pnpm/miniflare@5.20260908.0-alpha/node_modules/miniflare/dist/src/workers/workflows/binding.worker.js:15150:13)
uncaught exception; source = Uncaught (in promise); stack = Error: instance.not_found
    at WorkflowBinding.get (file:///Users/marcus/Developer/card-keepr/node_modules/.pnpm/miniflare@5.20260908.0-alpha/node_modules/miniflare/dist/src/workers/workflows/binding.worker.js:15150:13)
uncaught exception; source = Uncaught (in promise); stack = Error: instance.not_found
    at WorkflowBinding.get (file:///Users/marcus/Developer/card-keepr/node_modules/.pnpm/miniflare@5.20260908.0-alpha/node_modules/miniflare/dist/src/workers/workflows/binding.worker.js:15150:13)
uncaught exception; source = Uncaught (in promise); stack = Error: Engine was never started
    at Engine.getStatus (file:///Users/marcus/Developer/card-keepr/node_modules/.pnpm/miniflare@5.20260908.0-alpha/node_modules/miniflare/dist/src/workers/workflows/binding.worker.js:14493:15)
uncaught exception; source = Uncaught (in promise); stack = Error: Engine was never started
    at Engine.getStatus (file:///Users/marcus/Developer/card-keepr/node_modules/.pnpm/miniflare@5.20260908.0-alpha/node_modules/miniflare/dist/src/workers/workflows/binding.worker.js:14493:15)
uncaught exception; source = Uncaught (in promise); stack = Error: Engine was never started
    at Engine.getStatus (file:///Users/marcus/Developer/card-keepr/node_modules/.pnpm/miniflare@5.20260908.0-alpha/node_modules/miniflare/dist/src/workers/workflows/binding.worker.js:14493:15)
uncaught exception; source = Uncaught (in promise); stack = Error: Engine was never started
    at Engine.getStatus (file:///Users/marcus/Developer/card-keepr/node_modules/.pnpm/miniflare@5.20260908.0-alpha/node_modules/miniflare/dist/src/workers/workflows/binding.worker.js:14493:15)
uncaught exception; source = Uncaught (in promise); stack = Error: Engine was never started
    at Engine.getStatus (file:///Users/marcus/Developer/card-keepr/node_modules/.pnpm/miniflare@5.20260908.0-alpha/node_modules/miniflare/dist/src/workers/workflows/binding.worker.js:14493:15)
uncaught exception; source = Uncaught (in promise); stack = Error: Engine was never started
    at Engine.getStatus (file:///Users/marcus/Developer/card-keepr/node_modules/.pnpm/miniflare@5.20260908.0-alpha/node_modules/miniflare/dist/src/workers/workflows/binding.worker.js:14493:15)
uncaught exception; source = Uncaught (in promise); stack = Error: Engine was never started
    at Engine.getStatus (file:///Users/marcus/Developer/card-keepr/node_modules/.pnpm/miniflare@5.20260908.0-alpha/node_modules/miniflare/dist/src/workers/workflows/binding.worker.js:14493:15)
uncaught exception; source = Uncaught (in promise); stack = Error: Engine was never started
    at Engine.getStatus (file:///Users/marcus/Developer/card-keepr/node_modules/.pnpm/miniflare@5.20260908.0-alpha/node_modules/miniflare/dist/src/workers/workflows/binding.worker.js:14493:15)
uncaught exception; source = Uncaught (in promise); stack = Error: instance.not_found
    at WorkflowBinding.get (file:///Users/marcus/Developer/card-keepr/node_modules/.pnpm/miniflare@5.20260908.0-alpha/node_modules/miniflare/dist/src/workers/workflows/binding.worker.js:15150:13)
uncaught exception; source = Uncaught (in promise); stack = Error: instance.not_found
    at WorkflowBinding.get (file:///Users/marcus/Developer/card-keepr/node_modules/.pnpm/miniflare@5.20260908.0-alpha/node_modules/miniflare/dist/src/workers/workflows/binding.worker.js:15150:13)
uncaught exception; source = Uncaught (in promise); stack = Error: instance.not_found
    at WorkflowBinding.get (file:///Users/marcus/Developer/card-keepr/node_modules/.pnpm/miniflare@5.20260908.0-alpha/node_modules/miniflare/dist/src/workers/workflows/binding.worker.js:15150:13)
uncaught exception; source = Uncaught (in promise); stack = Error: instance.not_found
    at WorkflowBinding.get (file:///Users/marcus/Developer/card-keepr/node_modules/.pnpm/miniflare@5.20260908.0-alpha/node_modules/miniflare/dist/src/workers/workflows/binding.worker.js:15150:13)
uncaught exception; source = Uncaught (in promise); stack = Error: Engine was never started
    at Engine.getStatus (file:///Users/marcus/Developer/card-keepr/node_modules/.pnpm/miniflare@5.20260908.0-alpha/node_modules/miniflare/dist/src/workers/workflows/binding.worker.js:14493:15)
uncaught exception; source = Uncaught (in promise); stack = Error: Engine was never started
    at Engine.getStatus (file:///Users/marcus/Developer/card-keepr/node_modules/.pnpm/miniflare@5.20260908.0-alpha/node_modules/miniflare/dist/src/workers/workflows/binding.worker.js:14493:15)
uncaught exception; source = Uncaught (in promise); stack = Error: Engine was never started
    at Engine.getStatus (file:///Users/marcus/Developer/card-keepr/node_modules/.pnpm/miniflare@5.20260908.0-alpha/node_modules/miniflare/dist/src/workers/workflows/binding.worker.js:14493:15)
uncaught exception; source = Uncaught (in promise); stack = Error: Engine was never started
    at Engine.getStatus (file:///Users/marcus/Developer/card-keepr/node_modules/.pnpm/miniflare@5.20260908.0-alpha/node_modules/miniflare/dist/src/workers/workflows/binding.worker.js:14493:15)
uncaught exception; source = Uncaught (in promise); stack = Error: Engine was never started
    at Engine.getStatus (file:///Users/marcus/Developer/card-keepr/node_modules/.pnpm/miniflare@5.20260908.0-alpha/node_modules/miniflare/dist/src/workers/workflows/binding.worker.js:14493:15)
uncaught exception; source = Uncaught (in promise); stack = Error: Engine was never started
    at Engine.getStatus (file:///Users/marcus/Developer/card-keepr/node_modules/.pnpm/miniflare@5.20260908.0-alpha/node_modules/miniflare/dist/src/workers/workflows/binding.worker.js:14493:15)
uncaught exception; source = Uncaught (in promise); stack = Error: Engine was never started
    at Engine.getStatus (file:///Users/marcus/Developer/card-keepr/node_modules/.pnpm/miniflare@5.20260908.0-alpha/node_modules/miniflare/dist/src/workers/workflows/binding.worker.js:14493:15)
uncaught exception; source = Uncaught (in promise); stack = Error: Engine was never started
    at Engine.getStatus (file:///Users/marcus/Developer/card-keepr/node_modules/.pnpm/miniflare@5.20260908.0-alpha/node_modules/miniflare/dist/src/workers/workflows/binding.worker.js:14493:15)
uncaught exception; source = Uncaught (in promise); stack = Error: instance.not_found
    at WorkflowBinding.get (file:///Users/marcus/Developer/card-keepr/node_modules/.pnpm/miniflare@5.20260908.0-alpha/node_modules/miniflare/dist/src/workers/workflows/binding.worker.js:15150:13)
uncaught exception; source = Uncaught (in promise); stack = Error: instance.not_found
    at WorkflowBinding.get (file:///Users/marcus/Developer/card-keepr/node_modules/.pnpm/miniflare@5.20260908.0-alpha/node_modules/miniflare/dist/src/workers/workflows/binding.worker.js:15150:13)
uncaught exception; source = Uncaught (in promise); stack = Error: instance.not_found
    at WorkflowBinding.get (file:///Users/marcus/Developer/card-keepr/node_modules/.pnpm/miniflare@5.20260908.0-alpha/node_modules/miniflare/dist/src/workers/workflows/binding.worker.js:15150:13)
uncaught exception; source = Uncaught (in promise); stack = Error: instance.not_found
    at WorkflowBinding.get (file:///Users/marcus/Developer/card-keepr/node_modules/.pnpm/miniflare@5.20260908.0-alpha/node_modules/miniflare/dist/src/workers/workflows/binding.worker.js:15150:13)
uncaught exception; source = Uncaught (in promise); stack = Error: Engine was never started
    at Engine.getStatus (file:///Users/marcus/Developer/card-keepr/node_modules/.pnpm/miniflare@5.20260908.0-alpha/node_modules/miniflare/dist/src/workers/workflows/binding.worker.js:14493:15)
uncaught exception; source = Uncaught (in promise); stack = Error: Engine was never started
    at Engine.getStatus (file:///Users/marcus/Developer/card-keepr/node_modules/.pnpm/miniflare@5.20260908.0-alpha/node_modules/miniflare/dist/src/workers/workflows/binding.worker.js:14493:15)
uncaught exception; source = Uncaught (in promise); stack = Error: Engine was never started
    at Engine.getStatus (file:///Users/marcus/Developer/card-keepr/node_modules/.pnpm/miniflare@5.20260908.0-alpha/node_modules/miniflare/dist/src/workers/workflows/binding.worker.js:14493:15)
uncaught exception; source = Uncaught (in promise); stack = Error: Engine was never started
    at Engine.getStatus (file:///Users/marcus/Developer/card-keepr/node_modules/.pnpm/miniflare@5.20260908.0-alpha/node_modules/miniflare/dist/src/workers/workflows/binding.worker.js:14493:15)
uncaught exception; source = Uncaught (in promise); stack = Error: Engine was never started
    at Engine.getStatus (file:///Users/marcus/Developer/card-keepr/node_modules/.pnpm/miniflare@5.20260908.0-alpha/node_modules/miniflare/dist/src/workers/workflows/binding.worker.js:14493:15)
uncaught exception; source = Uncaught (in promise); stack = Error: Engine was never started
    at Engine.getStatus (file:///Users/marcus/Developer/card-keepr/node_modules/.pnpm/miniflare@5.20260908.0-alpha/node_modules/miniflare/dist/src/workers/workflows/binding.worker.js:14493:15)
uncaught exception; source = Uncaught (in promise); stack = Error: Engine was never started
    at Engine.getStatus (file:///Users/marcus/Developer/card-keepr/node_modules/.pnpm/miniflare@5.20260908.0-alpha/node_modules/miniflare/dist/src/workers/workflows/binding.worker.js:14493:15)
uncaught exception; source = Uncaught (in promise); stack = Error: Engine was never started
    at Engine.getStatus (file:///Users/marcus/Developer/card-keepr/node_modules/.pnpm/miniflare@5.20260908.0-alpha/node_modules/miniflare/dist/src/workers/workflows/binding.worker.js:14493:15)
uncaught exception; source = Uncaught (in promise); stack = Error: instance.not_found
    at WorkflowBinding.get (file:///Users/marcus/Developer/card-keepr/node_modules/.pnpm/miniflare@5.20260908.0-alpha/node_modules/miniflare/dist/src/workers/workflows/binding.worker.js:15150:13)
uncaught exception; source = Uncaught (in promise); stack = Error: instance.not_found
    at WorkflowBinding.get (file:///Users/marcus/Developer/card-keepr/node_modules/.pnpm/miniflare@5.20260908.0-alpha/node_modules/miniflare/dist/src/workers/workflows/binding.worker.js:15150:13)
uncaught exception; source = Uncaught (in promise); stack = Error: instance.not_found
    at WorkflowBinding.get (file:///Users/marcus/Developer/card-keepr/node_modules/.pnpm/miniflare@5.20260908.0-alpha/node_modules/miniflare/dist/src/workers/workflows/binding.worker.js:15150:13)
uncaught exception; source = Uncaught (in promise); stack = Error: instance.not_found
    at WorkflowBinding.get (file:///Users/marcus/Developer/card-keepr/node_modules/.pnpm/miniflare@5.20260908.0-alpha/node_modules/miniflare/dist/src/workers/workflows/binding.worker.js:15150:13)
uncaught exception; source = Uncaught (in promise); stack = Error: Engine was never started
    at Engine.getStatus (file:///Users/marcus/Developer/card-keepr/node_modules/.pnpm/miniflare@5.20260908.0-alpha/node_modules/miniflare/dist/src/workers/workflows/binding.worker.js:14493:15)
uncaught exception; source = Uncaught (in promise); stack = Error: Engine was never started
    at Engine.getStatus (file:///Users/marcus/Developer/card-keepr/node_modules/.pnpm/miniflare@5.20260908.0-alpha/node_modules/miniflare/dist/src/workers/workflows/binding.worker.js:14493:15)
uncaught exception; source = Uncaught (in promise); stack = Error: Engine was never started
    at Engine.getStatus (file:///Users/marcus/Developer/card-keepr/node_modules/.pnpm/miniflare@5.20260908.0-alpha/node_modules/miniflare/dist/src/workers/workflows/binding.worker.js:14493:15)
uncaught exception; source = Uncaught (in promise); stack = Error: Engine was never started
    at Engine.getStatus (file:///Users/marcus/Developer/card-keepr/node_modules/.pnpm/miniflare@5.20260908.0-alpha/node_modules/miniflare/dist/src/workers/workflows/binding.worker.js:14493:15)
uncaught exception; source = Uncaught (in promise); stack = Error: Engine was never started
    at Engine.getStatus (file:///Users/marcus/Developer/card-keepr/node_modules/.pnpm/miniflare@5.20260908.0-alpha/node_modules/miniflare/dist/src/workers/workflows/binding.worker.js:14493:15)
uncaught exception; source = Uncaught (in promise); stack = Error: Engine was never started
    at Engine.getStatus (file:///Users/marcus/Developer/card-keepr/node_modules/.pnpm/miniflare@5.20260908.0-alpha/node_modules/miniflare/dist/src/workers/workflows/binding.worker.js:14493:15)
uncaught exception; source = Uncaught (in promise); stack = Error: Engine was never started
    at Engine.getStatus (file:///Users/marcus/Developer/card-keepr/node_modules/.pnpm/miniflare@5.20260908.0-alpha/node_modules/miniflare/dist/src/workers/workflows/binding.worker.js:14493:15)
uncaught exception; source = Uncaught (in promise); stack = Error: Engine was never started
    at Engine.getStatus (file:///Users/marcus/Developer/card-keepr/node_modules/.pnpm/miniflare@5.20260908.0-alpha/node_modules/miniflare/dist/src/workers/workflows/binding.worker.js:14493:15)
uncaught exception; source = Uncaught (in promise); stack = Error: instance.not_found
    at WorkflowBinding.get (file:///Users/marcus/Developer/card-keepr/node_modules/.pnpm/miniflare@5.20260908.0-alpha/node_modules/miniflare/dist/src/workers/workflows/binding.worker.js:15150:13)
uncaught exception; source = Uncaught (in promise); stack = Error: instance.not_found
    at WorkflowBinding.get (file:///Users/marcus/Developer/card-keepr/node_modules/.pnpm/miniflare@5.20260908.0-alpha/node_modules/miniflare/dist/src/workers/workflows/binding.worker.js:15150:13)
uncaught exception; source = Uncaught (in promise); stack = Error: instance.not_found
    at WorkflowBinding.get (file:///Users/marcus/Developer/card-keepr/node_modules/.pnpm/miniflare@5.20260908.0-alpha/node_modules/miniflare/dist/src/workers/workflows/binding.worker.js:15150:13)
uncaught exception; source = Uncaught (in promise); stack = Error: instance.not_found
    at WorkflowBinding.get (file:///Users/marcus/Developer/card-keepr/node_modules/.pnpm/miniflare@5.20260908.0-alpha/node_modules/miniflare/dist/src/workers/workflows/binding.worker.js:15150:13)
uncaught exception; source = Uncaught (in promise); stack = Error: Engine was never started
    at Engine.getStatus (file:///Users/marcus/Developer/card-keepr/node_modules/.pnpm/miniflare@5.20260908.0-alpha/node_modules/miniflare/dist/src/workers/workflows/binding.worker.js:14493:15)
uncaught exception; source = Uncaught (in promise); stack = Error: Engine was never started
    at Engine.getStatus (file:///Users/marcus/Developer/card-keepr/node_modules/.pnpm/miniflare@5.20260908.0-alpha/node_modules/miniflare/dist/src/workers/workflows/binding.worker.js:14493:15)
uncaught exception; source = Uncaught (in promise); stack = Error: Engine was never started
    at Engine.getStatus (file:///Users/marcus/Developer/card-keepr/node_modules/.pnpm/miniflare@5.20260908.0-alpha/node_modules/miniflare/dist/src/workers/workflows/binding.worker.js:14493:15)
uncaught exception; source = Uncaught (in promise); stack = Error: Engine was never started
    at Engine.getStatus (file:///Users/marcus/Developer/card-keepr/node_modules/.pnpm/miniflare@5.20260908.0-alpha/node_modules/miniflare/dist/src/workers/workflows/binding.worker.js:14493:15)
uncaught exception; source = Uncaught (in promise); stack = Error: Engine was never started
    at Engine.getStatus (file:///Users/marcus/Developer/card-keepr/node_modules/.pnpm/miniflare@5.20260908.0-alpha/node_modules/miniflare/dist/src/workers/workflows/binding.worker.js:14493:15)
uncaught exception; source = Uncaught (in promise); stack = Error: Engine was never started
    at Engine.getStatus (file:///Users/marcus/Developer/card-keepr/node_modules/.pnpm/miniflare@5.20260908.0-alpha/node_modules/miniflare/dist/src/workers/workflows/binding.worker.js:14493:15)
uncaught exception; source = Uncaught (in promise); stack = Error: Engine was never started
    at Engine.getStatus (file:///Users/marcus/Developer/card-keepr/node_modules/.pnpm/miniflare@5.20260908.0-alpha/node_modules/miniflare/dist/src/workers/workflows/binding.worker.js:14493:15)
uncaught exception; source = Uncaught (in promise); stack = Error: Engine was never started
    at Engine.getStatus (file:///Users/marcus/Developer/card-keepr/node_modules/.pnpm/miniflare@5.20260908.0-alpha/node_modules/miniflare/dist/src/workers/workflows/binding.worker.js:14493:15)
uncaught exception; source = Uncaught (in promise); stack = Error: instance.not_found
    at WorkflowBinding.get (file:///Users/marcus/Developer/card-keepr/node_modules/.pnpm/miniflare@5.20260908.0-alpha/node_modules/miniflare/dist/src/workers/workflows/binding.worker.js:15150:13)
uncaught exception; source = Uncaught (in promise); stack = Error: instance.not_found
    at WorkflowBinding.get (file:///Users/marcus/Developer/card-keepr/node_modules/.pnpm/miniflare@5.20260908.0-alpha/node_modules/miniflare/dist/src/workers/workflows/binding.worker.js:15150:13)
uncaught exception; source = Uncaught (in promise); stack = Error: instance.not_found
    at WorkflowBinding.get (file:///Users/marcus/Developer/card-keepr/node_modules/.pnpm/miniflare@5.20260908.0-alpha/node_modules/miniflare/dist/src/workers/workflows/binding.worker.js:15150:13)
uncaught exception; source = Uncaught (in promise); stack = Error: instance.not_found
    at WorkflowBinding.get (file:///Users/marcus/Developer/card-keepr/node_modules/.pnpm/miniflare@5.20260908.0-alpha/node_modules/miniflare/dist/src/workers/workflows/binding.worker.js:15150:13)
uncaught exception; source = Uncaught (in promise); stack = Error: Engine was never started
    at Engine.getStatus (file:///Users/marcus/Developer/card-keepr/node_modules/.pnpm/miniflare@5.20260908.0-alpha/node_modules/miniflare/dist/src/workers/workflows/binding.worker.js:14493:15)
uncaught exception; source = Uncaught (in promise); stack = Error: Engine was never started
    at Engine.getStatus (file:///Users/marcus/Developer/card-keepr/node_modules/.pnpm/miniflare@5.20260908.0-alpha/node_modules/miniflare/dist/src/workers/workflows/binding.worker.js:14493:15)
uncaught exception; source = Uncaught (in promise); stack = Error: Engine was never started
    at Engine.getStatus (file:///Users/marcus/Developer/card-keepr/node_modules/.pnpm/miniflare@5.20260908.0-alpha/node_modules/miniflare/dist/src/workers/workflows/binding.worker.js:14493:15)
uncaught exception; source = Uncaught (in promise); stack = Error: Engine was never started
    at Engine.getStatus (file:///Users/marcus/Developer/card-keepr/node_modules/.pnpm/miniflare@5.20260908.0-alpha/node_modules/miniflare/dist/src/workers/workflows/binding.worker.js:14493:15)
uncaught exception; source = Uncaught (in promise); stack = Error: Engine was never started
    at Engine.getStatus (file:///Users/marcus/Developer/card-keepr/node_modules/.pnpm/miniflare@5.20260908.0-alpha/node_modules/miniflare/dist/src/workers/workflows/binding.worker.js:14493:15)
uncaught exception; source = Uncaught (in promise); stack = Error: Engine was never started
    at Engine.getStatus (file:///Users/marcus/Developer/card-keepr/node_modules/.pnpm/miniflare@5.20260908.0-alpha/node_modules/miniflare/dist/src/workers/workflows/binding.worker.js:14493:15)
uncaught exception; source = Uncaught (in promise); stack = Error: Engine was never started
    at Engine.getStatus (file:///Users/marcus/Developer/card-keepr/node_modules/.pnpm/miniflare@5.20260908.0-alpha/node_modules/miniflare/dist/src/workers/workflows/binding.worker.js:14493:15)
uncaught exception; source = Uncaught (in promise); stack = Error: Engine was never started
    at Engine.getStatus (file:///Users/marcus/Developer/card-keepr/node_modules/.pnpm/miniflare@5.20260908.0-alpha/node_modules/miniflare/dist/src/workers/workflows/binding.worker.js:14493:15)
uncaught exception; source = Uncaught (in promise); stack = Error: instance.not_found
    at WorkflowBinding.get (file:///Users/marcus/Developer/card-keepr/node_modules/.pnpm/miniflare@5.20260908.0-alpha/node_modules/miniflare/dist/src/workers/workflows/binding.worker.js:15150:13)
uncaught exception; source = Uncaught (in promise); stack = Error: instance.not_found
    at WorkflowBinding.get (file:///Users/marcus/Developer/card-keepr/node_modules/.pnpm/miniflare@5.20260908.0-alpha/node_modules/miniflare/dist/src/workers/workflows/binding.worker.js:15150:13)
uncaught exception; source = Uncaught (in promise); stack = Error: instance.not_found
    at WorkflowBinding.get (file:///Users/marcus/Developer/card-keepr/node_modules/.pnpm/miniflare@5.20260908.0-alpha/node_modules/miniflare/dist/src/workers/workflows/binding.worker.js:15150:13)
uncaught exception; source = Uncaught (in promise); stack = Error: instance.not_found
    at WorkflowBinding.get (file:///Users/marcus/Developer/card-keepr/node_modules/.pnpm/miniflare@5.20260908.0-alpha/node_modules/miniflare/dist/src/workers/workflows/binding.worker.js:15150:13)
uncaught exception; source = Uncaught (in promise); stack = Error: Engine was never started
    at Engine.getStatus (file:///Users/marcus/Developer/card-keepr/node_modules/.pnpm/miniflare@5.20260908.0-alpha/node_modules/miniflare/dist/src/workers/workflows/binding.worker.js:14493:15)
uncaught exception; source = Uncaught (in promise); stack = Error: Engine was never started
    at Engine.getStatus (file:///Users/marcus/Developer/card-keepr/node_modules/.pnpm/miniflare@5.20260908.0-alpha/node_modules/miniflare/dist/src/workers/workflows/binding.worker.js:14493:15)
uncaught exception; source = Uncaught (in promise); stack = Error: Engine was never started
    at Engine.getStatus (file:///Users/marcus/Developer/card-keepr/node_modules/.pnpm/miniflare@5.20260908.0-alpha/node_modules/miniflare/dist/src/workers/workflows/binding.worker.js:14493:15)
uncaught exception; source = Uncaught (in promise); stack = Error: Engine was never started
    at Engine.getStatus (file:///Users/marcus/Developer/card-keepr/node_modules/.pnpm/miniflare@5.20260908.0-alpha/node_modules/miniflare/dist/src/workers/workflows/binding.worker.js:14493:15)
uncaught exception; source = Uncaught (in promise); stack = Error: Engine was never started
    at Engine.getStatus (file:///Users/marcus/Developer/card-keepr/node_modules/.pnpm/miniflare@5.20260908.0-alpha/node_modules/miniflare/dist/src/workers/workflows/binding.worker.js:14493:15)
uncaught exception; source = Uncaught (in promise); stack = Error: Engine was never started
    at Engine.getStatus (file:///Users/marcus/Developer/card-keepr/node_modules/.pnpm/miniflare@5.20260908.0-alpha/node_modules/miniflare/dist/src/workers/workflows/binding.worker.js:14493:15)
uncaught exception; source = Uncaught (in promise); stack = Error: Engine was never started
    at Engine.getStatus (file:///Users/marcus/Developer/card-keepr/node_modules/.pnpm/miniflare@5.20260908.0-alpha/node_modules/miniflare/dist/src/workers/workflows/binding.worker.js:14493:15)
uncaught exception; source = Uncaught (in promise); stack = Error: Engine was never started
    at Engine.getStatus (file:///Users/marcus/Developer/card-keepr/node_modules/.pnpm/miniflare@5.20260908.0-alpha/node_modules/miniflare/dist/src/workers/workflows/binding.worker.js:14493:15)
uncaught exception; source = Uncaught (in promise); stack = Error: instance.not_found
    at WorkflowBinding.get (file:///Users/marcus/Developer/card-keepr/node_modules/.pnpm/miniflare@5.20260908.0-alpha/node_modules/miniflare/dist/src/workers/workflows/binding.worker.js:15150:13)
uncaught exception; source = Uncaught (in promise); stack = Error: instance.not_found
    at WorkflowBinding.get (file:///Users/marcus/Developer/card-keepr/node_modules/.pnpm/miniflare@5.20260908.0-alpha/node_modules/miniflare/dist/src/workers/workflows/binding.worker.js:15150:13)
uncaught exception; source = Uncaught (in promise); stack = Error: instance.not_found
    at WorkflowBinding.get (file:///Users/marcus/Developer/card-keepr/node_modules/.pnpm/miniflare@5.20260908.0-alpha/node_modules/miniflare/dist/src/workers/workflows/binding.worker.js:15150:13)
uncaught exception; source = Uncaught (in promise); stack = Error: instance.not_found
    at WorkflowBinding.get (file:///Users/marcus/Developer/card-keepr/node_modules/.pnpm/miniflare@5.20260908.0-alpha/node_modules/miniflare/dist/src/workers/workflows/binding.worker.js:15150:13)
uncaught exception; source = Uncaught (in promise); stack = Error: Engine was never started
    at Engine.getStatus (file:///Users/marcus/Developer/card-keepr/node_modules/.pnpm/miniflare@5.20260908.0-alpha/node_modules/miniflare/dist/src/workers/workflows/binding.worker.js:14493:15)
uncaught exception; source = Uncaught (in promise); stack = Error: Engine was never started
    at Engine.getStatus (file:///Users/marcus/Developer/card-keepr/node_modules/.pnpm/miniflare@5.20260908.0-alpha/node_modules/miniflare/dist/src/workers/workflows/binding.worker.js:14493:15)
uncaught exception; source = Uncaught (in promise); stack = Error: Engine was never started
    at Engine.getStatus (file:///Users/marcus/Developer/card-keepr/node_modules/.pnpm/miniflare@5.20260908.0-alpha/node_modules/miniflare/dist/src/workers/workflows/binding.worker.js:14493:15)
uncaught exception; source = Uncaught (in promise); stack = Error: Engine was never started
    at Engine.getStatus (file:///Users/marcus/Developer/card-keepr/node_modules/.pnpm/miniflare@5.20260908.0-alpha/node_modules/miniflare/dist/src/workers/workflows/binding.worker.js:14493:15)
uncaught exception; source = Uncaught (in promise); stack = Error: Engine was never started
    at Engine.getStatus (file:///Users/marcus/Developer/card-keepr/node_modules/.pnpm/miniflare@5.20260908.0-alpha/node_modules/miniflare/dist/src/workers/workflows/binding.worker.js:14493:15)
uncaught exception; source = Uncaught (in promise); stack = Error: Engine was never started
    at Engine.getStatus (file:///Users/marcus/Developer/card-keepr/node_modules/.pnpm/miniflare@5.20260908.0-alpha/node_modules/miniflare/dist/src/workers/workflows/binding.worker.js:14493:15)
uncaught exception; source = Uncaught (in promise); stack = Error: Engine was never started
    at Engine.getStatus (file:///Users/marcus/Developer/card-keepr/node_modules/.pnpm/miniflare@5.20260908.0-alpha/node_modules/miniflare/dist/src/workers/workflows/binding.worker.js:14493:15)
uncaught exception; source = Uncaught (in promise); stack = Error: Engine was never started
    at Engine.getStatus (file:///Users/marcus/Developer/card-keepr/node_modules/.pnpm/miniflare@5.20260908.0-alpha/node_modules/miniflare/dist/src/workers/workflows/binding.worker.js:14493:15)
uncaught exception; source = Uncaught (in promise); stack = Error: instance.not_found
    at WorkflowBinding.get (file:///Users/marcus/Developer/card-keepr/node_modules/.pnpm/miniflare@5.20260908.0-alpha/node_modules/miniflare/dist/src/workers/workflows/binding.worker.js:15150:13)
uncaught exception; source = Uncaught (in promise); stack = Error: instance.not_found
    at WorkflowBinding.get (file:///Users/marcus/Developer/card-keepr/node_modules/.pnpm/miniflare@5.20260908.0-alpha/node_modules/miniflare/dist/src/workers/workflows/binding.worker.js:15150:13)
uncaught exception; source = Uncaught (in promise); stack = Error: instance.not_found
    at WorkflowBinding.get (file:///Users/marcus/Developer/card-keepr/node_modules/.pnpm/miniflare@5.20260908.0-alpha/node_modules/miniflare/dist/src/workers/workflows/binding.worker.js:15150:13)
uncaught exception; source = Uncaught (in promise); stack = Error: instance.not_found
    at WorkflowBinding.get (file:///Users/marcus/Developer/card-keepr/node_modules/.pnpm/miniflare@5.20260908.0-alpha/node_modules/miniflare/dist/src/workers/workflows/binding.worker.js:15150:13)
uncaught exception; source = Uncaught (in promise); stack = Error: Engine was never started
    at Engine.getStatus (file:///Users/marcus/Developer/card-keepr/node_modules/.pnpm/miniflare@5.20260908.0-alpha/node_modules/miniflare/dist/src/workers/workflows/binding.worker.js:14493:15)
uncaught exception; source = Uncaught (in promise); stack = Error: Engine was never started
    at Engine.getStatus (file:///Users/marcus/Developer/card-keepr/node_modules/.pnpm/miniflare@5.20260908.0-alpha/node_modules/miniflare/dist/src/workers/workflows/binding.worker.js:14493:15)
uncaught exception; source = Uncaught (in promise); stack = Error: Engine was never started
    at Engine.getStatus (file:///Users/marcus/Developer/card-keepr/node_modules/.pnpm/miniflare@5.20260908.0-alpha/node_modules/miniflare/dist/src/workers/workflows/binding.worker.js:14493:15)
uncaught exception; source = Uncaught (in promise); stack = Error: Engine was never started
    at Engine.getStatus (file:///Users/marcus/Developer/card-keepr/node_modules/.pnpm/miniflare@5.20260908.0-alpha/node_modules/miniflare/dist/src/workers/workflows/binding.worker.js:14493:15)
uncaught exception; source = Uncaught (in promise); stack = Error: Engine was never started
    at Engine.getStatus (file:///Users/marcus/Developer/card-keepr/node_modules/.pnpm/miniflare@5.20260908.0-alpha/node_modules/miniflare/dist/src/workers/workflows/binding.worker.js:14493:15)
uncaught exception; source = Uncaught (in promise); stack = Error: Engine was never started
    at Engine.getStatus (file:///Users/marcus/Developer/card-keepr/node_modules/.pnpm/miniflare@5.20260908.0-alpha/node_modules/miniflare/dist/src/workers/workflows/binding.worker.js:14493:15)
uncaught exception; source = Uncaught (in promise); stack = Error: Engine was never started
    at Engine.getStatus (file:///Users/marcus/Developer/card-keepr/node_modules/.pnpm/miniflare@5.20260908.0-alpha/node_modules/miniflare/dist/src/workers/workflows/binding.worker.js:14493:15)
uncaught exception; source = Uncaught (in promise); stack = Error: Engine was never started
    at Engine.getStatus (file:///Users/marcus/Developer/card-keepr/node_modules/.pnpm/miniflare@5.20260908.0-alpha/node_modules/miniflare/dist/src/workers/workflows/binding.worker.js:14493:15)
uncaught exception; source = Uncaught (in promise); stack = Error: instance.not_found
    at WorkflowBinding.get (file:///Users/marcus/Developer/card-keepr/node_modules/.pnpm/miniflare@5.20260908.0-alpha/node_modules/miniflare/dist/src/workers/workflows/binding.worker.js:15150:13)
uncaught exception; source = Uncaught (in promise); stack = Error: instance.not_found
    at WorkflowBinding.get (file:///Users/marcus/Developer/card-keepr/node_modules/.pnpm/miniflare@5.20260908.0-alpha/node_modules/miniflare/dist/src/workers/workflows/binding.worker.js:15150:13)
uncaught exception; source = Uncaught (in promise); stack = Error: instance.not_found
    at WorkflowBinding.get (file:///Users/marcus/Developer/card-keepr/node_modules/.pnpm/miniflare@5.20260908.0-alpha/node_modules/miniflare/dist/src/workers/workflows/binding.worker.js:15150:13)
uncaught exception; source = Uncaught (in promise); stack = Error: instance.not_found
    at WorkflowBinding.get (file:///Users/marcus/Developer/card-keepr/node_modules/.pnpm/miniflare@5.20260908.0-alpha/node_modules/miniflare/dist/src/workers/workflows/binding.worker.js:15150:13)
uncaught exception; source = Uncaught (in promise); stack = Error: Engine was never started
    at Engine.getStatus (file:///Users/marcus/Developer/card-keepr/node_modules/.pnpm/miniflare@5.20260908.0-alpha/node_modules/miniflare/dist/src/workers/workflows/binding.worker.js:14493:15)
uncaught exception; source = Uncaught (in promise); stack = Error: Engine was never started
    at Engine.getStatus (file:///Users/marcus/Developer/card-keepr/node_modules/.pnpm/miniflare@5.20260908.0-alpha/node_modules/miniflare/dist/src/workers/workflows/binding.worker.js:14493:15)
uncaught exception; source = Uncaught (in promise); stack = Error: Engine was never started
    at Engine.getStatus (file:///Users/marcus/Developer/card-keepr/node_modules/.pnpm/miniflare@5.20260908.0-alpha/node_modules/miniflare/dist/src/workers/workflows/binding.worker.js:14493:15)
uncaught exception; source = Uncaught (in promise); stack = Error: Engine was never started
    at Engine.getStatus (file:///Users/marcus/Developer/card-keepr/node_modules/.pnpm/miniflare@5.20260908.0-alpha/node_modules/miniflare/dist/src/workers/workflows/binding.worker.js:14493:15)
uncaught exception; source = Uncaught (in promise); stack = Error: Engine was never started
    at Engine.getStatus (file:///Users/marcus/Developer/card-keepr/node_modules/.pnpm/miniflare@5.20260908.0-alpha/node_modules/miniflare/dist/src/workers/workflows/binding.worker.js:14493:15)
uncaught exception; source = Uncaught (in promise); stack = Error: Engine was never started
    at Engine.getStatus (file:///Users/marcus/Developer/card-keepr/node_modules/.pnpm/miniflare@5.20260908.0-alpha/node_modules/miniflare/dist/src/workers/workflows/binding.worker.js:14493:15)
uncaught exception; source = Uncaught (in promise); stack = Error: Engine was never started
    at Engine.getStatus (file:///Users/marcus/Developer/card-keepr/node_modules/.pnpm/miniflare@5.20260908.0-alpha/node_modules/miniflare/dist/src/workers/workflows/binding.worker.js:14493:15)
uncaught exception; source = Uncaught (in promise); stack = Error: Engine was never started
    at Engine.getStatus (file:///Users/marcus/Developer/card-keepr/node_modules/.pnpm/miniflare@5.20260908.0-alpha/node_modules/miniflare/dist/src/workers/workflows/binding.worker.js:14493:15)
uncaught exception; source = Uncaught (in promise); stack = Error: instance.not_found
    at WorkflowBinding.get (file:///Users/marcus/Developer/card-keepr/node_modules/.pnpm/miniflare@5.20260908.0-alpha/node_modules/miniflare/dist/src/workers/workflows/binding.worker.js:15150:13)
uncaught exception; source = Uncaught (in promise); stack = Error: instance.not_found
    at WorkflowBinding.get (file:///Users/marcus/Developer/card-keepr/node_modules/.pnpm/miniflare@5.20260908.0-alpha/node_modules/miniflare/dist/src/workers/workflows/binding.worker.js:15150:13)
uncaught exception; source = Uncaught (in promise); stack = Error: instance.not_found
    at WorkflowBinding.get (file:///Users/marcus/Developer/card-keepr/node_modules/.pnpm/miniflare@5.20260908.0-alpha/node_modules/miniflare/dist/src/workers/workflows/binding.worker.js:15150:13)
uncaught exception; source = Uncaught (in promise); stack = Error: instance.not_found
    at WorkflowBinding.get (file:///Users/marcus/Developer/card-keepr/node_modules/.pnpm/miniflare@5.20260908.0-alpha/node_modules/miniflare/dist/src/workers/workflows/binding.worker.js:15150:13)
uncaught exception; source = Uncaught (in promise); stack = Error: Engine was never started
    at Engine.getStatus (file:///Users/marcus/Developer/card-keepr/node_modules/.pnpm/miniflare@5.20260908.0-alpha/node_modules/miniflare/dist/src/workers/workflows/binding.worker.js:14493:15)
uncaught exception; source = Uncaught (in promise); stack = Error: Engine was never started
    at Engine.getStatus (file:///Users/marcus/Developer/card-keepr/node_modules/.pnpm/miniflare@5.20260908.0-alpha/node_modules/miniflare/dist/src/workers/workflows/binding.worker.js:14493:15)
uncaught exception; source = Uncaught (in promise); stack = Error: Engine was never started
    at Engine.getStatus (file:///Users/marcus/Developer/card-keepr/node_modules/.pnpm/miniflare@5.20260908.0-alpha/node_modules/miniflare/dist/src/workers/workflows/binding.worker.js:14493:15)
uncaught exception; source = Uncaught (in promise); stack = Error: Engine was never started
    at Engine.getStatus (file:///Users/marcus/Developer/card-keepr/node_modules/.pnpm/miniflare@5.20260908.0-alpha/node_modules/miniflare/dist/src/workers/workflows/binding.worker.js:14493:15)
uncaught exception; source = Uncaught (in promise); stack = Error: Engine was never started
    at Engine.getStatus (file:///Users/marcus/Developer/card-keepr/node_modules/.pnpm/miniflare@5.20260908.0-alpha/node_modules/miniflare/dist/src/workers/workflows/binding.worker.js:14493:15)
uncaught exception; source = Uncaught (in promise); stack = Error: Engine was never started
    at Engine.getStatus (file:///Users/marcus/Developer/card-keepr/node_modules/.pnpm/miniflare@5.20260908.0-alpha/node_modules/miniflare/dist/src/workers/workflows/binding.worker.js:14493:15)
uncaught exception; source = Uncaught (in promise); stack = Error: Engine was never started
    at Engine.getStatus (file:///Users/marcus/Developer/card-keepr/node_modules/.pnpm/miniflare@5.20260908.0-alpha/node_modules/miniflare/dist/src/workers/workflows/binding.worker.js:14493:15)
uncaught exception; source = Uncaught (in promise); stack = Error: Engine was never started
    at Engine.getStatus (file:///Users/marcus/Developer/card-keepr/node_modules/.pnpm/miniflare@5.20260908.0-alpha/node_modules/miniflare/dist/src/workers/workflows/binding.worker.js:14493:15)
uncaught exception; source = Uncaught (in promise); stack = Error: instance.not_found
    at WorkflowBinding.get (file:///Users/marcus/Developer/card-keepr/node_modules/.pnpm/miniflare@5.20260908.0-alpha/node_modules/miniflare/dist/src/workers/workflows/binding.worker.js:15150:13)
uncaught exception; source = Uncaught (in promise); stack = Error: instance.not_found
    at WorkflowBinding.get (file:///Users/marcus/Developer/card-keepr/node_modules/.pnpm/miniflare@5.20260908.0-alpha/node_modules/miniflare/dist/src/workers/workflows/binding.worker.js:15150:13)
uncaught exception; source = Uncaught (in promise); stack = Error: instance.not_found
    at WorkflowBinding.get (file:///Users/marcus/Developer/card-keepr/node_modules/.pnpm/miniflare@5.20260908.0-alpha/node_modules/miniflare/dist/src/workers/workflows/binding.worker.js:15150:13)
uncaught exception; source = Uncaught (in promise); stack = Error: instance.not_found
    at WorkflowBinding.get (file:///Users/marcus/Developer/card-keepr/node_modules/.pnpm/miniflare@5.20260908.0-alpha/node_modules/miniflare/dist/src/workers/workflows/binding.worker.js:15150:13)
uncaught exception; source = Uncaught (in promise); stack = Error: Engine was never started
    at Engine.getStatus (file:///Users/marcus/Developer/card-keepr/node_modules/.pnpm/miniflare@5.20260908.0-alpha/node_modules/miniflare/dist/src/workers/workflows/binding.worker.js:14493:15)
uncaught exception; source = Uncaught (in promise); stack = Error: Engine was never started
    at Engine.getStatus (file:///Users/marcus/Developer/card-keepr/node_modules/.pnpm/miniflare@5.20260908.0-alpha/node_modules/miniflare/dist/src/workers/workflows/binding.worker.js:14493:15)
uncaught exception; source = Uncaught (in promise); stack = Error: Engine was never started
    at Engine.getStatus (file:///Users/marcus/Developer/card-keepr/node_modules/.pnpm/miniflare@5.20260908.0-alpha/node_modules/miniflare/dist/src/workers/workflows/binding.worker.js:14493:15)
uncaught exception; source = Uncaught (in promise); stack = Error: Engine was never started
    at Engine.getStatus (file:///Users/marcus/Developer/card-keepr/node_modules/.pnpm/miniflare@5.20260908.0-alpha/node_modules/miniflare/dist/src/workers/workflows/binding.worker.js:14493:15)
uncaught exception; source = Uncaught (in promise); stack = Error: Engine was never started
    at Engine.getStatus (file:///Users/marcus/Developer/card-keepr/node_modules/.pnpm/miniflare@5.20260908.0-alpha/node_modules/miniflare/dist/src/workers/workflows/binding.worker.js:14493:15)
uncaught exception; source = Uncaught (in promise); stack = Error: Engine was never started
    at Engine.getStatus (file:///Users/marcus/Developer/card-keepr/node_modules/.pnpm/miniflare@5.20260908.0-alpha/node_modules/miniflare/dist/src/workers/workflows/binding.worker.js:14493:15)
uncaught exception; source = Uncaught (in promise); stack = Error: Engine was never started
    at Engine.getStatus (file:///Users/marcus/Developer/card-keepr/node_modules/.pnpm/miniflare@5.20260908.0-alpha/node_modules/miniflare/dist/src/workers/workflows/binding.worker.js:14493:15)
uncaught exception; source = Uncaught (in promise); stack = Error: Engine was never started
    at Engine.getStatus (file:///Users/marcus/Developer/card-keepr/node_modules/.pnpm/miniflare@5.20260908.0-alpha/node_modules/miniflare/dist/src/workers/workflows/binding.worker.js:14493:15)
uncaught exception; source = Uncaught (in promise); stack = Error: instance.not_found
    at WorkflowBinding.get (file:///Users/marcus/Developer/card-keepr/node_modules/.pnpm/miniflare@5.20260908.0-alpha/node_modules/miniflare/dist/src/workers/workflows/binding.worker.js:15150:13)
uncaught exception; source = Uncaught (in promise); stack = Error: instance.not_found
    at WorkflowBinding.get (file:///Users/marcus/Developer/card-keepr/node_modules/.pnpm/miniflare@5.20260908.0-alpha/node_modules/miniflare/dist/src/workers/workflows/binding.worker.js:15150:13)
uncaught exception; source = Uncaught (in promise); stack = Error: instance.not_found
    at WorkflowBinding.get (file:///Users/marcus/Developer/card-keepr/node_modules/.pnpm/miniflare@5.20260908.0-alpha/node_modules/miniflare/dist/src/workers/workflows/binding.worker.js:15150:13)
uncaught exception; source = Uncaught (in promise); stack = Error: instance.not_found
    at WorkflowBinding.get (file:///Users/marcus/Developer/card-keepr/node_modules/.pnpm/miniflare@5.20260908.0-alpha/node_modules/miniflare/dist/src/workers/workflows/binding.worker.js:15150:13)
uncaught exception; source = Uncaught (in promise); stack = Error: Engine was never started
    at Engine.getStatus (file:///Users/marcus/Developer/card-keepr/node_modules/.pnpm/miniflare@5.20260908.0-alpha/node_modules/miniflare/dist/src/workers/workflows/binding.worker.js:14493:15)
uncaught exception; source = Uncaught (in promise); stack = Error: Engine was never started
    at Engine.getStatus (file:///Users/marcus/Developer/card-keepr/node_modules/.pnpm/miniflare@5.20260908.0-alpha/node_modules/miniflare/dist/src/workers/workflows/binding.worker.js:14493:15)
uncaught exception; source = Uncaught (in promise); stack = Error: Engine was never started
    at Engine.getStatus (file:///Users/marcus/Developer/card-keepr/node_modules/.pnpm/miniflare@5.20260908.0-alpha/node_modules/miniflare/dist/src/workers/workflows/binding.worker.js:14493:15)
uncaught exception; source = Uncaught (in promise); stack = Error: Engine was never started
    at Engine.getStatus (file:///Users/marcus/Developer/card-keepr/node_modules/.pnpm/miniflare@5.20260908.0-alpha/node_modules/miniflare/dist/src/workers/workflows/binding.worker.js:14493:15)
uncaught exception; source = Uncaught (in promise); stack = Error: Engine was never started
    at Engine.getStatus (file:///Users/marcus/Developer/card-keepr/node_modules/.pnpm/miniflare@5.20260908.0-alpha/node_modules/miniflare/dist/src/workers/workflows/binding.worker.js:14493:15)
uncaught exception; source = Uncaught (in promise); stack = Error: Engine was never started
    at Engine.getStatus (file:///Users/marcus/Developer/card-keepr/node_modules/.pnpm/miniflare@5.20260908.0-alpha/node_modules/miniflare/dist/src/workers/workflows/binding.worker.js:14493:15)
uncaught exception; source = Uncaught (in promise); stack = Error: Engine was never started
    at Engine.getStatus (file:///Users/marcus/Developer/card-keepr/node_modules/.pnpm/miniflare@5.20260908.0-alpha/node_modules/miniflare/dist/src/workers/workflows/binding.worker.js:14493:15)
uncaught exception; source = Uncaught (in promise); stack = Error: Engine was never started
    at Engine.getStatus (file:///Users/marcus/Developer/card-keepr/node_modules/.pnpm/miniflare@5.20260908.0-alpha/node_modules/miniflare/dist/src/workers/workflows/binding.worker.js:14493:15)
uncaught exception; source = Uncaught (in promise); stack = Error: instance.not_found
    at WorkflowBinding.get (file:///Users/marcus/Developer/card-keepr/node_modules/.pnpm/miniflare@5.20260908.0-alpha/node_modules/miniflare/dist/src/workers/workflows/binding.worker.js:15150:13)
uncaught exception; source = Uncaught (in promise); stack = Error: instance.not_found
    at WorkflowBinding.get (file:///Users/marcus/Developer/card-keepr/node_modules/.pnpm/miniflare@5.20260908.0-alpha/node_modules/miniflare/dist/src/workers/workflows/binding.worker.js:15150:13)
uncaught exception; source = Uncaught (in promise); stack = Error: instance.not_found
    at WorkflowBinding.get (file:///Users/marcus/Developer/card-keepr/node_modules/.pnpm/miniflare@5.20260908.0-alpha/node_modules/miniflare/dist/src/workers/workflows/binding.worker.js:15150:13)
uncaught exception; source = Uncaught (in promise); stack = Error: instance.not_found
    at WorkflowBinding.get (file:///Users/marcus/Developer/card-keepr/node_modules/.pnpm/miniflare@5.20260908.0-alpha/node_modules/miniflare/dist/src/workers/workflows/binding.worker.js:15150:13)
uncaught exception; source = Uncaught (in promise); stack = Error: Engine was never started
    at Engine.getStatus (file:///Users/marcus/Developer/card-keepr/node_modules/.pnpm/miniflare@5.20260908.0-alpha/node_modules/miniflare/dist/src/workers/workflows/binding.worker.js:14493:15)
uncaught exception; source = Uncaught (in promise); stack = Error: Engine was never started
    at Engine.getStatus (file:///Users/marcus/Developer/card-keepr/node_modules/.pnpm/miniflare@5.20260908.0-alpha/node_modules/miniflare/dist/src/workers/workflows/binding.worker.js:14493:15)
uncaught exception; source = Uncaught (in promise); stack = Error: Engine was never started
    at Engine.getStatus (file:///Users/marcus/Developer/card-keepr/node_modules/.pnpm/miniflare@5.20260908.0-alpha/node_modules/miniflare/dist/src/workers/workflows/binding.worker.js:14493:15)
uncaught exception; source = Uncaught (in promise); stack = Error: Engine was never started
    at Engine.getStatus (file:///Users/marcus/Developer/card-keepr/node_modules/.pnpm/miniflare@5.20260908.0-alpha/node_modules/miniflare/dist/src/workers/workflows/binding.worker.js:14493:15)
uncaught exception; source = Uncaught (in promise); stack = Error: Engine was never started
    at Engine.getStatus (file:///Users/marcus/Developer/card-keepr/node_modules/.pnpm/miniflare@5.20260908.0-alpha/node_modules/miniflare/dist/src/workers/workflows/binding.worker.js:14493:15)
uncaught exception; source = Uncaught (in promise); stack = Error: Engine was never started
    at Engine.getStatus (file:///Users/marcus/Developer/card-keepr/node_modules/.pnpm/miniflare@5.20260908.0-alpha/node_modules/miniflare/dist/src/workers/workflows/binding.worker.js:14493:15)
uncaught exception; source = Uncaught (in promise); stack = Error: Engine was never started
    at Engine.getStatus (file:///Users/marcus/Developer/card-keepr/node_modules/.pnpm/miniflare@5.20260908.0-alpha/node_modules/miniflare/dist/src/workers/workflows/binding.worker.js:14493:15)
uncaught exception; source = Uncaught (in promise); stack = Error: Engine was never started
    at Engine.getStatus (file:///Users/marcus/Developer/card-keepr/node_modules/.pnpm/miniflare@5.20260908.0-alpha/node_modules/miniflare/dist/src/workers/workflows/binding.worker.js:14493:15)
uncaught exception; source = Uncaught (in promise); stack = Error: instance.not_found
    at WorkflowBinding.get (file:///Users/marcus/Developer/card-keepr/node_modules/.pnpm/miniflare@5.20260908.0-alpha/node_modules/miniflare/dist/src/workers/workflows/binding.worker.js:15150:13)
uncaught exception; source = Uncaught (in promise); stack = Error: instance.not_found
    at WorkflowBinding.get (file:///Users/marcus/Developer/card-keepr/node_modules/.pnpm/miniflare@5.20260908.0-alpha/node_modules/miniflare/dist/src/workers/workflows/binding.worker.js:15150:13)
uncaught exception; source = Uncaught (in promise); stack = Error: instance.not_found
    at WorkflowBinding.get (file:///Users/marcus/Developer/card-keepr/node_modules/.pnpm/miniflare@5.20260908.0-alpha/node_modules/miniflare/dist/src/workers/workflows/binding.worker.js:15150:13)
uncaught exception; source = Uncaught (in promise); stack = Error: instance.not_found
    at WorkflowBinding.get (file:///Users/marcus/Developer/card-keepr/node_modules/.pnpm/miniflare@5.20260908.0-alpha/node_modules/miniflare/dist/src/workers/workflows/binding.worker.js:15150:13)
uncaught exception; source = Uncaught (in promise); stack = Error: Engine was never started
    at Engine.getStatus (file:///Users/marcus/Developer/card-keepr/node_modules/.pnpm/miniflare@5.20260908.0-alpha/node_modules/miniflare/dist/src/workers/workflows/binding.worker.js:14493:15)
uncaught exception; source = Uncaught (in promise); stack = Error: Engine was never started
    at Engine.getStatus (file:///Users/marcus/Developer/card-keepr/node_modules/.pnpm/miniflare@5.20260908.0-alpha/node_modules/miniflare/dist/src/workers/workflows/binding.worker.js:14493:15)
uncaught exception; source = Uncaught (in promise); stack = Error: Engine was never started
    at Engine.getStatus (file:///Users/marcus/Developer/card-keepr/node_modules/.pnpm/miniflare@5.20260908.0-alpha/node_modules/miniflare/dist/src/workers/workflows/binding.worker.js:14493:15)
uncaught exception; source = Uncaught (in promise); stack = Error: Engine was never started
    at Engine.getStatus (file:///Users/marcus/Developer/card-keepr/node_modules/.pnpm/miniflare@5.20260908.0-alpha/node_modules/miniflare/dist/src/workers/workflows/binding.worker.js:14493:15)
uncaught exception; source = Uncaught (in promise); stack = Error: Engine was never started
    at Engine.getStatus (file:///Users/marcus/Developer/card-keepr/node_modules/.pnpm/miniflare@5.20260908.0-alpha/node_modules/miniflare/dist/src/workers/workflows/binding.worker.js:14493:15)
uncaught exception; source = Uncaught (in promise); stack = Error: Engine was never started
    at Engine.getStatus (file:///Users/marcus/Developer/card-keepr/node_modules/.pnpm/miniflare@5.20260908.0-alpha/node_modules/miniflare/dist/src/workers/workflows/binding.worker.js:14493:15)
uncaught exception; source = Uncaught (in promise); stack = Error: Engine was never started
    at Engine.getStatus (file:///Users/marcus/Developer/card-keepr/node_modules/.pnpm/miniflare@5.20260908.0-alpha/node_modules/miniflare/dist/src/workers/workflows/binding.worker.js:14493:15)
uncaught exception; source = Uncaught (in promise); stack = Error: Engine was never started
    at Engine.getStatus (file:///Users/marcus/Developer/card-keepr/node_modules/.pnpm/miniflare@5.20260908.0-alpha/node_modules/miniflare/dist/src/workers/workflows/binding.worker.js:14493:15)
uncaught exception; source = Uncaught (in promise); stack = Error: instance.not_found
    at WorkflowBinding.get (file:///Users/marcus/Developer/card-keepr/node_modules/.pnpm/miniflare@5.20260908.0-alpha/node_modules/miniflare/dist/src/workers/workflows/binding.worker.js:15150:13)
uncaught exception; source = Uncaught (in promise); stack = Error: instance.not_found
    at WorkflowBinding.get (file:///Users/marcus/Developer/card-keepr/node_modules/.pnpm/miniflare@5.20260908.0-alpha/node_modules/miniflare/dist/src/workers/workflows/binding.worker.js:15150:13)
uncaught exception; source = Uncaught (in promise); stack = Error: instance.not_found
    at WorkflowBinding.get (file:///Users/marcus/Developer/card-keepr/node_modules/.pnpm/miniflare@5.20260908.0-alpha/node_modules/miniflare/dist/src/workers/workflows/binding.worker.js:15150:13)
uncaught exception; source = Uncaught (in promise); stack = Error: instance.not_found
    at WorkflowBinding.get (file:///Users/marcus/Developer/card-keepr/node_modules/.pnpm/miniflare@5.20260908.0-alpha/node_modules/miniflare/dist/src/workers/workflows/binding.worker.js:15150:13)
uncaught exception; source = Uncaught (in promise); stack = Error: Engine was never started
    at Engine.getStatus (file:///Users/marcus/Developer/card-keepr/node_modules/.pnpm/miniflare@5.20260908.0-alpha/node_modules/miniflare/dist/src/workers/workflows/binding.worker.js:14493:15)
uncaught exception; source = Uncaught (in promise); stack = Error: Engine was never started
    at Engine.getStatus (file:///Users/marcus/Developer/card-keepr/node_modules/.pnpm/miniflare@5.20260908.0-alpha/node_modules/miniflare/dist/src/workers/workflows/binding.worker.js:14493:15)
uncaught exception; source = Uncaught (in promise); stack = Error: Engine was never started
    at Engine.getStatus (file:///Users/marcus/Developer/card-keepr/node_modules/.pnpm/miniflare@5.20260908.0-alpha/node_modules/miniflare/dist/src/workers/workflows/binding.worker.js:14493:15)
uncaught exception; source = Uncaught (in promise); stack = Error: Engine was never started
    at Engine.getStatus (file:///Users/marcus/Developer/card-keepr/node_modules/.pnpm/miniflare@5.20260908.0-alpha/node_modules/miniflare/dist/src/workers/workflows/binding.worker.js:14493:15)
uncaught exception; source = Uncaught (in promise); stack = Error: Engine was never started
    at Engine.getStatus (file:///Users/marcus/Developer/card-keepr/node_modules/.pnpm/miniflare@5.20260908.0-alpha/node_modules/miniflare/dist/src/workers/workflows/binding.worker.js:14493:15)
uncaught exception; source = Uncaught (in promise); stack = Error: Engine was never started
    at Engine.getStatus (file:///Users/marcus/Developer/card-keepr/node_modules/.pnpm/miniflare@5.20260908.0-alpha/node_modules/miniflare/dist/src/workers/workflows/binding.worker.js:14493:15)
uncaught exception; source = Uncaught (in promise); stack = Error: Engine was never started
    at Engine.getStatus (file:///Users/marcus/Developer/card-keepr/node_modules/.pnpm/miniflare@5.20260908.0-alpha/node_modules/miniflare/dist/src/workers/workflows/binding.worker.js:14493:15)
uncaught exception; source = Uncaught (in promise); stack = Error: Engine was never started
    at Engine.getStatus (file:///Users/marcus/Developer/card-keepr/node_modules/.pnpm/miniflare@5.20260908.0-alpha/node_modules/miniflare/dist/src/workers/workflows/binding.worker.js:14493:15)
uncaught exception; source = Uncaught (in promise); stack = Error: instance.not_found
    at WorkflowBinding.get (file:///Users/marcus/Developer/card-keepr/node_modules/.pnpm/miniflare@5.20260908.0-alpha/node_modules/miniflare/dist/src/workers/workflows/binding.worker.js:15150:13)
uncaught exception; source = Uncaught (in promise); stack = Error: instance.not_found
    at WorkflowBinding.get (file:///Users/marcus/Developer/card-keepr/node_modules/.pnpm/miniflare@5.20260908.0-alpha/node_modules/miniflare/dist/src/workers/workflows/binding.worker.js:15150:13)
uncaught exception; source = Uncaught (in promise); stack = Error: instance.not_found
    at WorkflowBinding.get (file:///Users/marcus/Developer/card-keepr/node_modules/.pnpm/miniflare@5.20260908.0-alpha/node_modules/miniflare/dist/src/workers/workflows/binding.worker.js:15150:13)
uncaught exception; source = Uncaught (in promise); stack = Error: instance.not_found
    at WorkflowBinding.get (file:///Users/marcus/Developer/card-keepr/node_modules/.pnpm/miniflare@5.20260908.0-alpha/node_modules/miniflare/dist/src/workers/workflows/binding.worker.js:15150:13)
uncaught exception; source = Uncaught (in promise); stack = Error: Engine was never started
    at Engine.getStatus (file:///Users/marcus/Developer/card-keepr/node_modules/.pnpm/miniflare@5.20260908.0-alpha/node_modules/miniflare/dist/src/workers/workflows/binding.worker.js:14493:15)
uncaught exception; source = Uncaught (in promise); stack = Error: Engine was never started
    at Engine.getStatus (file:///Users/marcus/Developer/card-keepr/node_modules/.pnpm/miniflare@5.20260908.0-alpha/node_modules/miniflare/dist/src/workers/workflows/binding.worker.js:14493:15)
uncaught exception; source = Uncaught (in promise); stack = Error: Engine was never started
    at Engine.getStatus (file:///Users/marcus/Developer/card-keepr/node_modules/.pnpm/miniflare@5.20260908.0-alpha/node_modules/miniflare/dist/src/workers/workflows/binding.worker.js:14493:15)
uncaught exception; source = Uncaught (in promise); stack = Error: Engine was never started
    at Engine.getStatus (file:///Users/marcus/Developer/card-keepr/node_modules/.pnpm/miniflare@5.20260908.0-alpha/node_modules/miniflare/dist/src/workers/workflows/binding.worker.js:14493:15)
uncaught exception; source = Uncaught (in promise); stack = Error: Engine was never started
    at Engine.getStatus (file:///Users/marcus/Developer/card-keepr/node_modules/.pnpm/miniflare@5.20260908.0-alpha/node_modules/miniflare/dist/src/workers/workflows/binding.worker.js:14493:15)
uncaught exception; source = Uncaught (in promise); stack = Error: Engine was never started
    at Engine.getStatus (file:///Users/marcus/Developer/card-keepr/node_modules/.pnpm/miniflare@5.20260908.0-alpha/node_modules/miniflare/dist/src/workers/workflows/binding.worker.js:14493:15)
uncaught exception; source = Uncaught (in promise); stack = Error: Engine was never started
    at Engine.getStatus (file:///Users/marcus/Developer/card-keepr/node_modules/.pnpm/miniflare@5.20260908.0-alpha/node_modules/miniflare/dist/src/workers/workflows/binding.worker.js:14493:15)
uncaught exception; source = Uncaught (in promise); stack = Error: Engine was never started
    at Engine.getStatus (file:///Users/marcus/Developer/card-keepr/node_modules/.pnpm/miniflare@5.20260908.0-alpha/node_modules/miniflare/dist/src/workers/workflows/binding.worker.js:14493:15)
uncaught exception; source = Uncaught (in promise); stack = Error: instance.not_found
    at WorkflowBinding.get (file:///Users/marcus/Developer/card-keepr/node_modules/.pnpm/miniflare@5.20260908.0-alpha/node_modules/miniflare/dist/src/workers/workflows/binding.worker.js:15150:13)
uncaught exception; source = Uncaught (in promise); stack = Error: instance.not_found
    at WorkflowBinding.get (file:///Users/marcus/Developer/card-keepr/node_modules/.pnpm/miniflare@5.20260908.0-alpha/node_modules/miniflare/dist/src/workers/workflows/binding.worker.js:15150:13)
uncaught exception; source = Uncaught (in promise); stack = Error: instance.not_found
    at WorkflowBinding.get (file:///Users/marcus/Developer/card-keepr/node_modules/.pnpm/miniflare@5.20260908.0-alpha/node_modules/miniflare/dist/src/workers/workflows/binding.worker.js:15150:13)
uncaught exception; source = Uncaught (in promise); stack = Error: instance.not_found
    at WorkflowBinding.get (file:///Users/marcus/Developer/card-keepr/node_modules/.pnpm/miniflare@5.20260908.0-alpha/node_modules/miniflare/dist/src/workers/workflows/binding.worker.js:15150:13)
uncaught exception; source = Uncaught (in promise); stack = Error: Engine was never started
    at Engine.getStatus (file:///Users/marcus/Developer/card-keepr/node_modules/.pnpm/miniflare@5.20260908.0-alpha/node_modules/miniflare/dist/src/workers/workflows/binding.worker.js:14493:15)
uncaught exception; source = Uncaught (in promise); stack = Error: Engine was never started
    at Engine.getStatus (file:///Users/marcus/Developer/card-keepr/node_modules/.pnpm/miniflare@5.20260908.0-alpha/node_modules/miniflare/dist/src/workers/workflows/binding.worker.js:14493:15)
uncaught exception; source = Uncaught (in promise); stack = Error: Engine was never started
    at Engine.getStatus (file:///Users/marcus/Developer/card-keepr/node_modules/.pnpm/miniflare@5.20260908.0-alpha/node_modules/miniflare/dist/src/workers/workflows/binding.worker.js:14493:15)
uncaught exception; source = Uncaught (in promise); stack = Error: Engine was never started
    at Engine.getStatus (file:///Users/marcus/Developer/card-keepr/node_modules/.pnpm/miniflare@5.20260908.0-alpha/node_modules/miniflare/dist/src/workers/workflows/binding.worker.js:14493:15)
uncaught exception; source = Uncaught (in promise); stack = Error: Engine was never started
    at Engine.getStatus (file:///Users/marcus/Developer/card-keepr/node_modules/.pnpm/miniflare@5.20260908.0-alpha/node_modules/miniflare/dist/src/workers/workflows/binding.worker.js:14493:15)
uncaught exception; source = Uncaught (in promise); stack = Error: Engine was never started
    at Engine.getStatus (file:///Users/marcus/Developer/card-keepr/node_modules/.pnpm/miniflare@5.20260908.0-alpha/node_modules/miniflare/dist/src/workers/workflows/binding.worker.js:14493:15)
uncaught exception; source = Uncaught (in promise); stack = Error: Engine was never started
    at Engine.getStatus (file:///Users/marcus/Developer/card-keepr/node_modules/.pnpm/miniflare@5.20260908.0-alpha/node_modules/miniflare/dist/src/workers/workflows/binding.worker.js:14493:15)
uncaught exception; source = Uncaught (in promise); stack = Error: Engine was never started
    at Engine.getStatus (file:///Users/marcus/Developer/card-keepr/node_modules/.pnpm/miniflare@5.20260908.0-alpha/node_modules/miniflare/dist/src/workers/workflows/binding.worker.js:14493:15)
uncaught exception; source = Uncaught (in promise); stack = Error: instance.not_found
    at WorkflowBinding.get (file:///Users/marcus/Developer/card-keepr/node_modules/.pnpm/miniflare@5.20260908.0-alpha/node_modules/miniflare/dist/src/workers/workflows/binding.worker.js:15150:13)
uncaught exception; source = Uncaught (in promise); stack = Error: instance.not_found
    at WorkflowBinding.get (file:///Users/marcus/Developer/card-keepr/node_modules/.pnpm/miniflare@5.20260908.0-alpha/node_modules/miniflare/dist/src/workers/workflows/binding.worker.js:15150:13)
uncaught exception; source = Uncaught (in promise); stack = Error: instance.not_found
    at WorkflowBinding.get (file:///Users/marcus/Developer/card-keepr/node_modules/.pnpm/miniflare@5.20260908.0-alpha/node_modules/miniflare/dist/src/workers/workflows/binding.worker.js:15150:13)
uncaught exception; source = Uncaught (in promise); stack = Error: instance.not_found
    at WorkflowBinding.get (file:///Users/marcus/Developer/card-keepr/node_modules/.pnpm/miniflare@5.20260908.0-alpha/node_modules/miniflare/dist/src/workers/workflows/binding.worker.js:15150:13)
uncaught exception; source = Uncaught (in promise); stack = Error: Engine was never started
    at Engine.getStatus (file:///Users/marcus/Developer/card-keepr/node_modules/.pnpm/miniflare@5.20260908.0-alpha/node_modules/miniflare/dist/src/workers/workflows/binding.worker.js:14493:15)
uncaught exception; source = Uncaught (in promise); stack = Error: Engine was never started
    at Engine.getStatus (file:///Users/marcus/Developer/card-keepr/node_modules/.pnpm/miniflare@5.20260908.0-alpha/node_modules/miniflare/dist/src/workers/workflows/binding.worker.js:14493:15)
uncaught exception; source = Uncaught (in promise); stack = Error: Engine was never started
    at Engine.getStatus (file:///Users/marcus/Developer/card-keepr/node_modules/.pnpm/miniflare@5.20260908.0-alpha/node_modules/miniflare/dist/src/workers/workflows/binding.worker.js:14493:15)
uncaught exception; source = Uncaught (in promise); stack = Error: Engine was never started
    at Engine.getStatus (file:///Users/marcus/Developer/card-keepr/node_modules/.pnpm/miniflare@5.20260908.0-alpha/node_modules/miniflare/dist/src/workers/workflows/binding.worker.js:14493:15)
uncaught exception; source = Uncaught (in promise); stack = Error: Engine was never started
    at Engine.getStatus (file:///Users/marcus/Developer/card-keepr/node_modules/.pnpm/miniflare@5.20260908.0-alpha/node_modules/miniflare/dist/src/workers/workflows/binding.worker.js:14493:15)
uncaught exception; source = Uncaught (in promise); stack = Error: Engine was never started
    at Engine.getStatus (file:///Users/marcus/Developer/card-keepr/node_modules/.pnpm/miniflare@5.20260908.0-alpha/node_modules/miniflare/dist/src/workers/workflows/binding.worker.js:14493:15)
uncaught exception; source = Uncaught (in promise); stack = Error: Engine was never started
    at Engine.getStatus (file:///Users/marcus/Developer/card-keepr/node_modules/.pnpm/miniflare@5.20260908.0-alpha/node_modules/miniflare/dist/src/workers/workflows/binding.worker.js:14493:15)
uncaught exception; source = Uncaught (in promise); stack = Error: Engine was never started
    at Engine.getStatus (file:///Users/marcus/Developer/card-keepr/node_modules/.pnpm/miniflare@5.20260908.0-alpha/node_modules/miniflare/dist/src/workers/workflows/binding.worker.js:14493:15)
uncaught exception; source = Uncaught (in promise); stack = Error: instance.not_found
    at WorkflowBinding.get (file:///Users/marcus/Developer/card-keepr/node_modules/.pnpm/miniflare@5.20260908.0-alpha/node_modules/miniflare/dist/src/workers/workflows/binding.worker.js:15150:13)
uncaught exception; source = Uncaught (in promise); stack = Error: instance.not_found
    at WorkflowBinding.get (file:///Users/marcus/Developer/card-keepr/node_modules/.pnpm/miniflare@5.20260908.0-alpha/node_modules/miniflare/dist/src/workers/workflows/binding.worker.js:15150:13)
uncaught exception; source = Uncaught (in promise); stack = Error: instance.not_found
    at WorkflowBinding.get (file:///Users/marcus/Developer/card-keepr/node_modules/.pnpm/miniflare@5.20260908.0-alpha/node_modules/miniflare/dist/src/workers/workflows/binding.worker.js:15150:13)
uncaught exception; source = Uncaught (in promise); stack = Error: instance.not_found
    at WorkflowBinding.get (file:///Users/marcus/Developer/card-keepr/node_modules/.pnpm/miniflare@5.20260908.0-alpha/node_modules/miniflare/dist/src/workers/workflows/binding.worker.js:15150:13)
uncaught exception; source = Uncaught (in promise); stack = Error: Engine was never started
    at Engine.getStatus (file:///Users/marcus/Developer/card-keepr/node_modules/.pnpm/miniflare@5.20260908.0-alpha/node_modules/miniflare/dist/src/workers/workflows/binding.worker.js:14493:15)
uncaught exception; source = Uncaught (in promise); stack = Error: Engine was never started
    at Engine.getStatus (file:///Users/marcus/Developer/card-keepr/node_modules/.pnpm/miniflare@5.20260908.0-alpha/node_modules/miniflare/dist/src/workers/workflows/binding.worker.js:14493:15)
uncaught exception; source = Uncaught (in promise); stack = Error: Engine was never started
    at Engine.getStatus (file:///Users/marcus/Developer/card-keepr/node_modules/.pnpm/miniflare@5.20260908.0-alpha/node_modules/miniflare/dist/src/workers/workflows/binding.worker.js:14493:15)
uncaught exception; source = Uncaught (in promise); stack = Error: Engine was never started
    at Engine.getStatus (file:///Users/marcus/Developer/card-keepr/node_modules/.pnpm/miniflare@5.20260908.0-alpha/node_modules/miniflare/dist/src/workers/workflows/binding.worker.js:14493:15)
uncaught exception; source = Uncaught (in promise); stack = Error: Engine was never started
    at Engine.getStatus (file:///Users/marcus/Developer/card-keepr/node_modules/.pnpm/miniflare@5.20260908.0-alpha/node_modules/miniflare/dist/src/workers/workflows/binding.worker.js:14493:15)
uncaught exception; source = Uncaught (in promise); stack = Error: Engine was never started
    at Engine.getStatus (file:///Users/marcus/Developer/card-keepr/node_modules/.pnpm/miniflare@5.20260908.0-alpha/node_modules/miniflare/dist/src/workers/workflows/binding.worker.js:14493:15)
uncaught exception; source = Uncaught (in promise); stack = Error: Engine was never started
    at Engine.getStatus (file:///Users/marcus/Developer/card-keepr/node_modules/.pnpm/miniflare@5.20260908.0-alpha/node_modules/miniflare/dist/src/workers/workflows/binding.worker.js:14493:15)
uncaught exception; source = Uncaught (in promise); stack = Error: Engine was never started
    at Engine.getStatus (file:///Users/marcus/Developer/card-keepr/node_modules/.pnpm/miniflare@5.20260908.0-alpha/node_modules/miniflare/dist/src/workers/workflows/binding.worker.js:14493:15)
uncaught exception; source = Uncaught (in promise); stack = Error: instance.not_found
    at WorkflowBinding.get (file:///Users/marcus/Developer/card-keepr/node_modules/.pnpm/miniflare@5.20260908.0-alpha/node_modules/miniflare/dist/src/workers/workflows/binding.worker.js:15150:13)
uncaught exception; source = Uncaught (in promise); stack = Error: instance.not_found
    at WorkflowBinding.get (file:///Users/marcus/Developer/card-keepr/node_modules/.pnpm/miniflare@5.20260908.0-alpha/node_modules/miniflare/dist/src/workers/workflows/binding.worker.js:15150:13)
uncaught exception; source = Uncaught (in promise); stack = Error: instance.not_found
    at WorkflowBinding.get (file:///Users/marcus/Developer/card-keepr/node_modules/.pnpm/miniflare@5.20260908.0-alpha/node_modules/miniflare/dist/src/workers/workflows/binding.worker.js:15150:13)
uncaught exception; source = Uncaught (in promise); stack = Error: instance.not_found
    at WorkflowBinding.get (file:///Users/marcus/Developer/card-keepr/node_modules/.pnpm/miniflare@5.20260908.0-alpha/node_modules/miniflare/dist/src/workers/workflows/binding.worker.js:15150:13)
uncaught exception; source = Uncaught (in promise); stack = Error: Engine was never started
    at Engine.getStatus (file:///Users/marcus/Developer/card-keepr/node_modules/.pnpm/miniflare@5.20260908.0-alpha/node_modules/miniflare/dist/src/workers/workflows/binding.worker.js:14493:15)
uncaught exception; source = Uncaught (in promise); stack = Error: Engine was never started
    at Engine.getStatus (file:///Users/marcus/Developer/card-keepr/node_modules/.pnpm/miniflare@5.20260908.0-alpha/node_modules/miniflare/dist/src/workers/workflows/binding.worker.js:14493:15)
uncaught exception; source = Uncaught (in promise); stack = Error: Engine was never started
    at Engine.getStatus (file:///Users/marcus/Developer/card-keepr/node_modules/.pnpm/miniflare@5.20260908.0-alpha/node_modules/miniflare/dist/src/workers/workflows/binding.worker.js:14493:15)
uncaught exception; source = Uncaught (in promise); stack = Error: Engine was never started
    at Engine.getStatus (file:///Users/marcus/Developer/card-keepr/node_modules/.pnpm/miniflare@5.20260908.0-alpha/node_modules/miniflare/dist/src/workers/workflows/binding.worker.js:14493:15)
uncaught exception; source = Uncaught (in promise); stack = Error: Engine was never started
    at Engine.getStatus (file:///Users/marcus/Developer/card-keepr/node_modules/.pnpm/miniflare@5.20260908.0-alpha/node_modules/miniflare/dist/src/workers/workflows/binding.worker.js:14493:15)
uncaught exception; source = Uncaught (in promise); stack = Error: Engine was never started
    at Engine.getStatus (file:///Users/marcus/Developer/card-keepr/node_modules/.pnpm/miniflare@5.20260908.0-alpha/node_modules/miniflare/dist/src/workers/workflows/binding.worker.js:14493:15)
uncaught exception; source = Uncaught (in promise); stack = Error: Engine was never started
    at Engine.getStatus (file:///Users/marcus/Developer/card-keepr/node_modules/.pnpm/miniflare@5.20260908.0-alpha/node_modules/miniflare/dist/src/workers/workflows/binding.worker.js:14493:15)
uncaught exception; source = Uncaught (in promise); stack = Error: Engine was never started
    at Engine.getStatus (file:///Users/marcus/Developer/card-keepr/node_modules/.pnpm/miniflare@5.20260908.0-alpha/node_modules/miniflare/dist/src/workers/workflows/binding.worker.js:14493:15)
uncaught exception; source = Uncaught (in promise); stack = Error: instance.not_found
    at WorkflowBinding.get (file:///Users/marcus/Developer/card-keepr/node_modules/.pnpm/miniflare@5.20260908.0-alpha/node_modules/miniflare/dist/src/workers/workflows/binding.worker.js:15150:13)
uncaught exception; source = Uncaught (in promise); stack = Error: instance.not_found
    at WorkflowBinding.get (file:///Users/marcus/Developer/card-keepr/node_modules/.pnpm/miniflare@5.20260908.0-alpha/node_modules/miniflare/dist/src/workers/workflows/binding.worker.js:15150:13)
uncaught exception; source = Uncaught (in promise); stack = Error: instance.not_found
    at WorkflowBinding.get (file:///Users/marcus/Developer/card-keepr/node_modules/.pnpm/miniflare@5.20260908.0-alpha/node_modules/miniflare/dist/src/workers/workflows/binding.worker.js:15150:13)
uncaught exception; source = Uncaught (in promise); stack = Error: instance.not_found
    at WorkflowBinding.get (file:///Users/marcus/Developer/card-keepr/node_modules/.pnpm/miniflare@5.20260908.0-alpha/node_modules/miniflare/dist/src/workers/workflows/binding.worker.js:15150:13)
uncaught exception; source = Uncaught (in promise); stack = Error: Engine was never started
    at Engine.getStatus (file:///Users/marcus/Developer/card-keepr/node_modules/.pnpm/miniflare@5.20260908.0-alpha/node_modules/miniflare/dist/src/workers/workflows/binding.worker.js:14493:15)
uncaught exception; source = Uncaught (in promise); stack = Error: Engine was never started
    at Engine.getStatus (file:///Users/marcus/Developer/card-keepr/node_modules/.pnpm/miniflare@5.20260908.0-alpha/node_modules/miniflare/dist/src/workers/workflows/binding.worker.js:14493:15)
uncaught exception; source = Uncaught (in promise); stack = Error: Engine was never started
    at Engine.getStatus (file:///Users/marcus/Developer/card-keepr/node_modules/.pnpm/miniflare@5.20260908.0-alpha/node_modules/miniflare/dist/src/workers/workflows/binding.worker.js:14493:15)
uncaught exception; source = Uncaught (in promise); stack = Error: Engine was never started
    at Engine.getStatus (file:///Users/marcus/Developer/card-keepr/node_modules/.pnpm/miniflare@5.20260908.0-alpha/node_modules/miniflare/dist/src/workers/workflows/binding.worker.js:14493:15)
uncaught exception; source = Uncaught (in promise); stack = Error: Engine was never started
    at Engine.getStatus (file:///Users/marcus/Developer/card-keepr/node_modules/.pnpm/miniflare@5.20260908.0-alpha/node_modules/miniflare/dist/src/workers/workflows/binding.worker.js:14493:15)
uncaught exception; source = Uncaught (in promise); stack = Error: Engine was never started
    at Engine.getStatus (file:///Users/marcus/Developer/card-keepr/node_modules/.pnpm/miniflare@5.20260908.0-alpha/node_modules/miniflare/dist/src/workers/workflows/binding.worker.js:14493:15)
uncaught exception; source = Uncaught (in promise); stack = Error: Engine was never started
    at Engine.getStatus (file:///Users/marcus/Developer/card-keepr/node_modules/.pnpm/miniflare@5.20260908.0-alpha/node_modules/miniflare/dist/src/workers/workflows/binding.worker.js:14493:15)
uncaught exception; source = Uncaught (in promise); stack = Error: Engine was never started
    at Engine.getStatus (file:///Users/marcus/Developer/card-keepr/node_modules/.pnpm/miniflare@5.20260908.0-alpha/node_modules/miniflare/dist/src/workers/workflows/binding.worker.js:14493:15)
uncaught exception; source = Uncaught (in promise); stack = Error: instance.not_found
    at WorkflowBinding.get (file:///Users/marcus/Developer/card-keepr/node_modules/.pnpm/miniflare@5.20260908.0-alpha/node_modules/miniflare/dist/src/workers/workflows/binding.worker.js:15150:13)
uncaught exception; source = Uncaught (in promise); stack = Error: instance.not_found
    at WorkflowBinding.get (file:///Users/marcus/Developer/card-keepr/node_modules/.pnpm/miniflare@5.20260908.0-alpha/node_modules/miniflare/dist/src/workers/workflows/binding.worker.js:15150:13)
uncaught exception; source = Uncaught (in promise); stack = Error: instance.not_found
    at WorkflowBinding.get (file:///Users/marcus/Developer/card-keepr/node_modules/.pnpm/miniflare@5.20260908.0-alpha/node_modules/miniflare/dist/src/workers/workflows/binding.worker.js:15150:13)
uncaught exception; source = Uncaught (in promise); stack = Error: instance.not_found
    at WorkflowBinding.get (file:///Users/marcus/Developer/card-keepr/node_modules/.pnpm/miniflare@5.20260908.0-alpha/node_modules/miniflare/dist/src/workers/workflows/binding.worker.js:15150:13)
uncaught exception; source = Uncaught (in promise); stack = Error: Engine was never started
    at Engine.getStatus (file:///Users/marcus/Developer/card-keepr/node_modules/.pnpm/miniflare@5.20260908.0-alpha/node_modules/miniflare/dist/src/workers/workflows/binding.worker.js:14493:15)
uncaught exception; source = Uncaught (in promise); stack = Error: Engine was never started
    at Engine.getStatus (file:///Users/marcus/Developer/card-keepr/node_modules/.pnpm/miniflare@5.20260908.0-alpha/node_modules/miniflare/dist/src/workers/workflows/binding.worker.js:14493:15)
uncaught exception; source = Uncaught (in promise); stack = Error: Engine was never started
    at Engine.getStatus (file:///Users/marcus/Developer/card-keepr/node_modules/.pnpm/miniflare@5.20260908.0-alpha/node_modules/miniflare/dist/src/workers/workflows/binding.worker.js:14493:15)
uncaught exception; source = Uncaught (in promise); stack = Error: Engine was never started
    at Engine.getStatus (file:///Users/marcus/Developer/card-keepr/node_modules/.pnpm/miniflare@5.20260908.0-alpha/node_modules/miniflare/dist/src/workers/workflows/binding.worker.js:14493:15)
uncaught exception; source = Uncaught (in promise); stack = Error: Engine was never started
    at Engine.getStatus (file:///Users/marcus/Developer/card-keepr/node_modules/.pnpm/miniflare@5.20260908.0-alpha/node_modules/miniflare/dist/src/workers/workflows/binding.worker.js:14493:15)
uncaught exception; source = Uncaught (in promise); stack = Error: Engine was never started
    at Engine.getStatus (file:///Users/marcus/Developer/card-keepr/node_modules/.pnpm/miniflare@5.20260908.0-alpha/node_modules/miniflare/dist/src/workers/workflows/binding.worker.js:14493:15)
uncaught exception; source = Uncaught (in promise); stack = Error: Engine was never started
    at Engine.getStatus (file:///Users/marcus/Developer/card-keepr/node_modules/.pnpm/miniflare@5.20260908.0-alpha/node_modules/miniflare/dist/src/workers/workflows/binding.worker.js:14493:15)
uncaught exception; source = Uncaught (in promise); stack = Error: Engine was never started
    at Engine.getStatus (file:///Users/marcus/Developer/card-keepr/node_modules/.pnpm/miniflare@5.20260908.0-alpha/node_modules/miniflare/dist/src/workers/workflows/binding.worker.js:14493:15)
uncaught exception; source = Uncaught (in promise); stack = Error: instance.not_found
    at WorkflowBinding.get (file:///Users/marcus/Developer/card-keepr/node_modules/.pnpm/miniflare@5.20260908.0-alpha/node_modules/miniflare/dist/src/workers/workflows/binding.worker.js:15150:13)
uncaught exception; source = Uncaught (in promise); stack = Error: instance.not_found
    at WorkflowBinding.get (file:///Users/marcus/Developer/card-keepr/node_modules/.pnpm/miniflare@5.20260908.0-alpha/node_modules/miniflare/dist/src/workers/workflows/binding.worker.js:15150:13)
uncaught exception; source = Uncaught (in promise); stack = Error: instance.not_found
    at WorkflowBinding.get (file:///Users/marcus/Developer/card-keepr/node_modules/.pnpm/miniflare@5.20260908.0-alpha/node_modules/miniflare/dist/src/workers/workflows/binding.worker.js:15150:13)
uncaught exception; source = Uncaught (in promise); stack = Error: instance.not_found
    at WorkflowBinding.get (file:///Users/marcus/Developer/card-keepr/node_modules/.pnpm/miniflare@5.20260908.0-alpha/node_modules/miniflare/dist/src/workers/workflows/binding.worker.js:15150:13)
uncaught exception; source = Uncaught (in promise); stack = Error: Engine was never started
    at Engine.getStatus (file:///Users/marcus/Developer/card-keepr/node_modules/.pnpm/miniflare@5.20260908.0-alpha/node_modules/miniflare/dist/src/workers/workflows/binding.worker.js:14493:15)
uncaught exception; source = Uncaught (in promise); stack = Error: Engine was never started
    at Engine.getStatus (file:///Users/marcus/Developer/card-keepr/node_modules/.pnpm/miniflare@5.20260908.0-alpha/node_modules/miniflare/dist/src/workers/workflows/binding.worker.js:14493:15)
uncaught exception; source = Uncaught (in promise); stack = Error: Engine was never started
    at Engine.getStatus (file:///Users/marcus/Developer/card-keepr/node_modules/.pnpm/miniflare@5.20260908.0-alpha/node_modules/miniflare/dist/src/workers/workflows/binding.worker.js:14493:15)
uncaught exception; source = Uncaught (in promise); stack = Error: Engine was never started
    at Engine.getStatus (file:///Users/marcus/Developer/card-keepr/node_modules/.pnpm/miniflare@5.20260908.0-alpha/node_modules/miniflare/dist/src/workers/workflows/binding.worker.js:14493:15)
uncaught exception; source = Uncaught (in promise); stack = Error: Engine was never started
    at Engine.getStatus (file:///Users/marcus/Developer/card-keepr/node_modules/.pnpm/miniflare@5.20260908.0-alpha/node_modules/miniflare/dist/src/workers/workflows/binding.worker.js:14493:15)
uncaught exception; source = Uncaught (in promise); stack = Error: Engine was never started
    at Engine.getStatus (file:///Users/marcus/Developer/card-keepr/node_modules/.pnpm/miniflare@5.20260908.0-alpha/node_modules/miniflare/dist/src/workers/workflows/binding.worker.js:14493:15)
uncaught exception; source = Uncaught (in promise); stack = Error: Engine was never started
    at Engine.getStatus (file:///Users/marcus/Developer/card-keepr/node_modules/.pnpm/miniflare@5.20260908.0-alpha/node_modules/miniflare/dist/src/workers/workflows/binding.worker.js:14493:15)
uncaught exception; source = Uncaught (in promise); stack = Error: Engine was never started
    at Engine.getStatus (file:///Users/marcus/Developer/card-keepr/node_modules/.pnpm/miniflare@5.20260908.0-alpha/node_modules/miniflare/dist/src/workers/workflows/binding.worker.js:14493:15)
uncaught exception; source = Uncaught (in promise); stack = Error: instance.not_found
    at WorkflowBinding.get (file:///Users/marcus/Developer/card-keepr/node_modules/.pnpm/miniflare@5.20260908.0-alpha/node_modules/miniflare/dist/src/workers/workflows/binding.worker.js:15150:13)
uncaught exception; source = Uncaught (in promise); stack = Error: instance.not_found
    at WorkflowBinding.get (file:///Users/marcus/Developer/card-keepr/node_modules/.pnpm/miniflare@5.20260908.0-alpha/node_modules/miniflare/dist/src/workers/workflows/binding.worker.js:15150:13)
uncaught exception; source = Uncaught (in promise); stack = Error: instance.not_found
    at WorkflowBinding.get (file:///Users/marcus/Developer/card-keepr/node_modules/.pnpm/miniflare@5.20260908.0-alpha/node_modules/miniflare/dist/src/workers/workflows/binding.worker.js:15150:13)
uncaught exception; source = Uncaught (in promise); stack = Error: instance.not_found
    at WorkflowBinding.get (file:///Users/marcus/Developer/card-keepr/node_modules/.pnpm/miniflare@5.20260908.0-alpha/node_modules/miniflare/dist/src/workers/workflows/binding.worker.js:15150:13)
uncaught exception; source = Uncaught (in promise); stack = Error: Engine was never started
    at Engine.getStatus (file:///Users/marcus/Developer/card-keepr/node_modules/.pnpm/miniflare@5.20260908.0-alpha/node_modules/miniflare/dist/src/workers/workflows/binding.worker.js:14493:15)
uncaught exception; source = Uncaught (in promise); stack = Error: Engine was never started
    at Engine.getStatus (file:///Users/marcus/Developer/card-keepr/node_modules/.pnpm/miniflare@5.20260908.0-alpha/node_modules/miniflare/dist/src/workers/workflows/binding.worker.js:14493:15)
uncaught exception; source = Uncaught (in promise); stack = Error: Engine was never started
    at Engine.getStatus (file:///Users/marcus/Developer/card-keepr/node_modules/.pnpm/miniflare@5.20260908.0-alpha/node_modules/miniflare/dist/src/workers/workflows/binding.worker.js:14493:15)
uncaught exception; source = Uncaught (in promise); stack = Error: Engine was never started
    at Engine.getStatus (file:///Users/marcus/Developer/card-keepr/node_modules/.pnpm/miniflare@5.20260908.0-alpha/node_modules/miniflare/dist/src/workers/workflows/binding.worker.js:14493:15)
uncaught exception; source = Uncaught (in promise); stack = Error: Engine was never started
    at Engine.getStatus (file:///Users/marcus/Developer/card-keepr/node_modules/.pnpm/miniflare@5.20260908.0-alpha/node_modules/miniflare/dist/src/workers/workflows/binding.worker.js:14493:15)
uncaught exception; source = Uncaught (in promise); stack = Error: Engine was never started
    at Engine.getStatus (file:///Users/marcus/Developer/card-keepr/node_modules/.pnpm/miniflare@5.20260908.0-alpha/node_modules/miniflare/dist/src/workers/workflows/binding.worker.js:14493:15)
uncaught exception; source = Uncaught (in promise); stack = Error: Engine was never started
    at Engine.getStatus (file:///Users/marcus/Developer/card-keepr/node_modules/.pnpm/miniflare@5.20260908.0-alpha/node_modules/miniflare/dist/src/workers/workflows/binding.worker.js:14493:15)
uncaught exception; source = Uncaught (in promise); stack = Error: Engine was never started
    at Engine.getStatus (file:///Users/marcus/Developer/card-keepr/node_modules/.pnpm/miniflare@5.20260908.0-alpha/node_modules/miniflare/dist/src/workers/workflows/binding.worker.js:14493:15)
uncaught exception; source = Uncaught (in promise); stack = Error: instance.not_found
    at WorkflowBinding.get (file:///Users/marcus/Developer/card-keepr/node_modules/.pnpm/miniflare@5.20260908.0-alpha/node_modules/miniflare/dist/src/workers/workflows/binding.worker.js:15150:13)
uncaught exception; source = Uncaught (in promise); stack = Error: instance.not_found
    at WorkflowBinding.get (file:///Users/marcus/Developer/card-keepr/node_modules/.pnpm/miniflare@5.20260908.0-alpha/node_modules/miniflare/dist/src/workers/workflows/binding.worker.js:15150:13)
uncaught exception; source = Uncaught (in promise); stack = Error: instance.not_found
    at WorkflowBinding.get (file:///Users/marcus/Developer/card-keepr/node_modules/.pnpm/miniflare@5.20260908.0-alpha/node_modules/miniflare/dist/src/workers/workflows/binding.worker.js:15150:13)
uncaught exception; source = Uncaught (in promise); stack = Error: instance.not_found
    at WorkflowBinding.get (file:///Users/marcus/Developer/card-keepr/node_modules/.pnpm/miniflare@5.20260908.0-alpha/node_modules/miniflare/dist/src/workers/workflows/binding.worker.js:15150:13)
uncaught exception; exception = workerd/io/io-context.c++:1642: failed: jsg.Error: The Workers runtime canceled this request because it detected that your Worker's code had hung and would never generate a response. Refer to: https://developers.cloudflare.com/workers/observability/errors/
stack: 1058cd37f
uncaught exception; source = Uncaught (in promise); stack = Error: Engine was never started
    at Engine.getStatus (file:///Users/marcus/Developer/card-keepr/node_modules/.pnpm/miniflare@5.20260908.0-alpha/node_modules/miniflare/dist/src/workers/workflows/binding.worker.js:14493:15)
uncaught exception; source = Uncaught (in promise); stack = Error: Engine was never started
    at Engine.getStatus (file:///Users/marcus/Developer/card-keepr/node_modules/.pnpm/miniflare@5.20260908.0-alpha/node_modules/miniflare/dist/src/workers/workflows/binding.worker.js:14493:15)
uncaught exception; source = Uncaught (in promise); stack = Error: Engine was never started
    at Engine.getStatus (file:///Users/marcus/Developer/card-keepr/node_modules/.pnpm/miniflare@5.20260908.0-alpha/node_modules/miniflare/dist/src/workers/workflows/binding.worker.js:14493:15)
uncaught exception; source = Uncaught (in promise); stack = Error: Engine was never started
    at Engine.getStatus (file:///Users/marcus/Developer/card-keepr/node_modules/.pnpm/miniflare@5.20260908.0-alpha/node_modules/miniflare/dist/src/workers/workflows/binding.worker.js:14493:15)
uncaught exception; source = Uncaught (in promise); stack = Error: Engine was never started
    at Engine.getStatus (file:///Users/marcus/Developer/card-keepr/node_modules/.pnpm/miniflare@5.20260908.0-alpha/node_modules/miniflare/dist/src/workers/workflows/binding.worker.js:14493:15)
uncaught exception; source = Uncaught (in promise); stack = Error: Engine was never started
    at Engine.getStatus (file:///Users/marcus/Developer/card-keepr/node_modules/.pnpm/miniflare@5.20260908.0-alpha/node_modules/miniflare/dist/src/workers/workflows/binding.worker.js:14493:15)
uncaught exception; source = Uncaught (in promise); stack = Error: Engine was never started
    at Engine.getStatus (file:///Users/marcus/Developer/card-keepr/node_modules/.pnpm/miniflare@5.20260908.0-alpha/node_modules/miniflare/dist/src/workers/workflows/binding.worker.js:14493:15)
uncaught exception; source = Uncaught (in promise); stack = Error: Engine was never started
    at Engine.getStatus (file:///Users/marcus/Developer/card-keepr/node_modules/.pnpm/miniflare@5.20260908.0-alpha/node_modules/miniflare/dist/src/workers/workflows/binding.worker.js:14493:15)
uncaught exception; source = Uncaught (in promise); stack = Error: instance.not_found
    at WorkflowBinding.get (file:///Users/marcus/Developer/card-keepr/node_modules/.pnpm/miniflare@5.20260908.0-alpha/node_modules/miniflare/dist/src/workers/workflows/binding.worker.js:15150:13)
uncaught exception; source = Uncaught (in promise); stack = Error: instance.not_found
    at WorkflowBinding.get (file:///Users/marcus/Developer/card-keepr/node_modules/.pnpm/miniflare@5.20260908.0-alpha/node_modules/miniflare/dist/src/workers/workflows/binding.worker.js:15150:13)
uncaught exception; source = Uncaught (in promise); stack = Error: instance.not_found
    at WorkflowBinding.get (file:///Users/marcus/Developer/card-keepr/node_modules/.pnpm/miniflare@5.20260908.0-alpha/node_modules/miniflare/dist/src/workers/workflows/binding.worker.js:15150:13)
uncaught exception; source = Uncaught (in promise); stack = Error: instance.not_found
    at WorkflowBinding.get (file:///Users/marcus/Developer/card-keepr/node_modules/.pnpm/miniflare@5.20260908.0-alpha/node_modules/miniflare/dist/src/workers/workflows/binding.worker.js:15150:13)
uncaught exception; source = Uncaught (in promise); stack = Error: Engine was never started
    at Engine.getStatus (file:///Users/marcus/Developer/card-keepr/node_modules/.pnpm/miniflare@5.20260908.0-alpha/node_modules/miniflare/dist/src/workers/workflows/binding.worker.js:14493:15)
uncaught exception; source = Uncaught (in promise); stack = Error: Engine was never started
    at Engine.getStatus (file:///Users/marcus/Developer/card-keepr/node_modules/.pnpm/miniflare@5.20260908.0-alpha/node_modules/miniflare/dist/src/workers/workflows/binding.worker.js:14493:15)
uncaught exception; source = Uncaught (in promise); stack = Error: instance.not_found
    at WorkflowBinding.get (file:///Users/marcus/Developer/card-keepr/node_modules/.pnpm/miniflare@5.20260908.0-alpha/node_modules/miniflare/dist/src/workers/workflows/binding.worker.js:15150:13)
uncaught exception; exception = workerd/io/io-context.c++:1642: failed: jsg.Error: The Workers runtime canceled this request because it detected that your Worker's code had hung and would never generate a response. Refer to: https://developers.cloudflare.com/workers/observability/errors/
stack: 1058cd37f
uncaught exception; source = Uncaught (in promise); stack = Error: Engine was never started
    at Engine.getStatus (file:///Users/marcus/Developer/card-keepr/node_modules/.pnpm/miniflare@5.20260908.0-alpha/node_modules/miniflare/dist/src/workers/workflows/binding.worker.js:14493:15)
uncaught exception; source = Uncaught (in promise); stack = Error: Engine was never started
    at Engine.getStatus (file:///Users/marcus/Developer/card-keepr/node_modules/.pnpm/miniflare@5.20260908.0-alpha/node_modules/miniflare/dist/src/workers/workflows/binding.worker.js:14493:15)
uncaught exception; source = Uncaught (in promise); stack = Error: instance.not_found
    at WorkflowBinding.get (file:///Users/marcus/Developer/card-keepr/node_modules/.pnpm/miniflare@5.20260908.0-alpha/node_modules/miniflare/dist/src/workers/workflows/binding.worker.js:15150:13)
uncaught exception; exception = workerd/io/io-context.c++:1642: failed: jsg.Error: The Workers runtime canceled this request because it detected that your Worker's code had hung and would never generate a response. Refer to: https://developers.cloudflare.com/workers/observability/errors/
stack: 1058cd37f
uncaught exception; source = Uncaught (in promise); stack = Error: Engine was never started
    at Engine.getStatus (file:///Users/marcus/Developer/card-keepr/node_modules/.pnpm/miniflare@5.20260908.0-alpha/node_modules/miniflare/dist/src/workers/workflows/binding.worker.js:14493:15)
uncaught exception; source = Uncaught (in promise); stack = Error: Engine was never started
    at Engine.getStatus (file:///Users/marcus/Developer/card-keepr/node_modules/.pnpm/miniflare@5.20260908.0-alpha/node_modules/miniflare/dist/src/workers/workflows/binding.worker.js:14493:15)
uncaught exception; source = Uncaught (in promise); stack = Error: instance.not_found
    at WorkflowBinding.get (file:///Users/marcus/Developer/card-keepr/node_modules/.pnpm/miniflare@5.20260908.0-alpha/node_modules/miniflare/dist/src/workers/workflows/binding.worker.js:15150:13)
uncaught exception; exception = workerd/io/io-context.c++:1642: failed: jsg.Error: The Workers runtime canceled this request because it detected that your Worker's code had hung and would never generate a response. Refer to: https://developers.cloudflare.com/workers/observability/errors/
stack: 1058cd37f
uncaught exception; source = Uncaught (in promise); stack = Error: Engine was never started
    at Engine.getStatus (file:///Users/marcus/Developer/card-keepr/node_modules/.pnpm/miniflare@5.20260908.0-alpha/node_modules/miniflare/dist/src/workers/workflows/binding.worker.js:14493:15)
uncaught exception; source = Uncaught (in promise); stack = Error: Engine was never started
    at Engine.getStatus (file:///Users/marcus/Developer/card-keepr/node_modules/.pnpm/miniflare@5.20260908.0-alpha/node_modules/miniflare/dist/src/workers/workflows/binding.worker.js:14493:15)
uncaught exception; source = Uncaught (in promise); stack = Error: instance.not_found
    at WorkflowBinding.get (file:///Users/marcus/Developer/card-keepr/node_modules/.pnpm/miniflare@5.20260908.0-alpha/node_modules/miniflare/dist/src/workers/workflows/binding.worker.js:15150:13)
uncaught exception; exception = workerd/io/io-context.c++:1642: failed: jsg.Error: The Workers runtime canceled this request because it detected that your Worker's code had hung and would never generate a response. Refer to: https://developers.cloudflare.com/workers/observability/errors/
stack: 1058cd37f
uncaught exception; source = Uncaught (in promise); stack = Error: Engine was never started
    at Engine.getStatus (file:///Users/marcus/Developer/card-keepr/node_modules/.pnpm/miniflare@5.20260908.0-alpha/node_modules/miniflare/dist/src/workers/workflows/binding.worker.js:14493:15)
uncaught exception; source = Uncaught (in promise); stack = Error: Engine was never started
    at Engine.getStatus (file:///Users/marcus/Developer/card-keepr/node_modules/.pnpm/miniflare@5.20260908.0-alpha/node_modules/miniflare/dist/src/workers/workflows/binding.worker.js:14493:15)
uncaught exception; source = Uncaught (in promise); stack = Error: instance.not_found
    at WorkflowBinding.get (file:///Users/marcus/Developer/card-keepr/node_modules/.pnpm/miniflare@5.20260908.0-alpha/node_modules/miniflare/dist/src/workers/workflows/binding.worker.js:15150:13)
uncaught exception; exception = workerd/io/io-context.c++:1642: failed: jsg.Error: The Workers runtime canceled this request because it detected that your Worker's code had hung and would never generate a response. Refer to: https://developers.cloudflare.com/workers/observability/errors/
stack: 1058cd37f
uncaught exception; source = Uncaught (in promise); stack = Error: Engine was never started
    at Engine.getStatus (file:///Users/marcus/Developer/card-keepr/node_modules/.pnpm/miniflare@5.20260908.0-alpha/node_modules/miniflare/dist/src/workers/workflows/binding.worker.js:14493:15)
uncaught exception; source = Uncaught (in promise); stack = Error: Engine was never started
    at Engine.getStatus (file:///Users/marcus/Developer/card-keepr/node_modules/.pnpm/miniflare@5.20260908.0-alpha/node_modules/miniflare/dist/src/workers/workflows/binding.worker.js:14493:15)
uncaught exception; source = Uncaught (in promise); stack = Error: Engine was never started
    at Engine.getStatus (file:///Users/marcus/Developer/card-keepr/node_modules/.pnpm/miniflare@5.20260908.0-alpha/node_modules/miniflare/dist/src/workers/workflows/binding.worker.js:14493:15)
uncaught exception; source = Uncaught (in promise); stack = Error: Engine was never started
    at Engine.getStatus (file:///Users/marcus/Developer/card-keepr/node_modules/.pnpm/miniflare@5.20260908.0-alpha/node_modules/miniflare/dist/src/workers/workflows/binding.worker.js:14493:15)
uncaught exception; source = Uncaught (in promise); stack = Error: instance.not_found
    at WorkflowBinding.get (file:///Users/marcus/Developer/card-keepr/node_modules/.pnpm/miniflare@5.20260908.0-alpha/node_modules/miniflare/dist/src/workers/workflows/binding.worker.js:15150:13)
uncaught exception; source = Uncaught (in promise); stack = Error: instance.not_found
    at WorkflowBinding.get (file:///Users/marcus/Developer/card-keepr/node_modules/.pnpm/miniflare@5.20260908.0-alpha/node_modules/miniflare/dist/src/workers/workflows/binding.worker.js:15150:13)
uncaught exception; exception = workerd/api/actor-state.c++:1197: failed: broken.outputGateBroken; jsg.Error: Aborting engine: User called terminate
stack: 1058cd37f
uncaught exception; exception = workerd/api/actor-state.c++:1197: failed: broken.outputGateBroken; jsg.Error: Aborting engine: User called terminate
stack: 1058cd37f
uncaught exception; exception = workerd/api/actor-state.c++:1197: failed: broken.outputGateBroken; jsg.Error: Aborting engine: User called terminate
stack: 1058cd37f
uncaught exception; exception = workerd/api/actor-state.c++:1197: failed: broken.outputGateBroken; jsg.Error: Aborting engine: User called terminate
stack: 1058cd37f
uncaught exception; exception = workerd/api/actor-state.c++:1197: failed: broken.outputGateBroken; jsg.Error: Aborting engine: User called terminate
stack: 1058cd37f
uncaught exception; exception = workerd/api/actor-state.c++:1197: failed: broken.outputGateBroken; jsg.Error: Aborting engine: User called terminate
stack: 1058cd37f
uncaught exception; source = Uncaught (in promise); stack = WorkflowError: (instance.cannot_terminate) Cannot terminate instance since its on a finite state
    at createWorkflowError (file:///Users/marcus/Developer/card-keepr/node_modules/.pnpm/miniflare@5.20260908.0-alpha/node_modules/miniflare/dist/src/workers/workflows/binding.worker.js:1374:10)
    at Engine.changeInstanceStatus (file:///Users/marcus/Developer/card-keepr/node_modules/.pnpm/miniflare@5.20260908.0-alpha/node_modules/miniflare/dist/src/workers/workflows/binding.worker.js:14752:17)
uncaught exception; source = Uncaught (in promise); stack = Error: WorkflowError: (instance.cannot_terminate) Cannot terminate instance since its on a finite state
    at async WorkflowHandle.terminate (file:///Users/marcus/Developer/card-keepr/node_modules/.pnpm/miniflare@5.20260908.0-alpha/node_modules/miniflare/dist/src/workers/workflows/binding.worker.js:15318:7)
uncaught exception; exception = workerd/io/io-context.c++:1642: failed: jsg.Error: The Workers runtime canceled this request because it detected that your Worker's code had hung and would never generate a response. Refer to: https://developers.cloudflare.com/workers/observability/errors/
stack: 1058cd37f
uncaught exception; source = Uncaught (in promise); stack = WorkflowError: (instance.cannot_terminate) Cannot terminate instance since its on a finite state
    at createWorkflowError (file:///Users/marcus/Developer/card-keepr/node_modules/.pnpm/miniflare@5.20260908.0-alpha/node_modules/miniflare/dist/src/workers/workflows/binding.worker.js:1374:10)
    at Engine.changeInstanceStatus (file:///Users/marcus/Developer/card-keepr/node_modules/.pnpm/miniflare@5.20260908.0-alpha/node_modules/miniflare/dist/src/workers/workflows/binding.worker.js:14752:17)
uncaught exception; source = Uncaught (in promise); stack = WorkflowError: (instance.cannot_terminate) Cannot terminate instance since its on a finite state
    at createWorkflowError (file:///Users/marcus/Developer/card-keepr/node_modules/.pnpm/miniflare@5.20260908.0-alpha/node_modules/miniflare/dist/src/workers/workflows/binding.worker.js:1374:10)
    at Engine.changeInstanceStatus (file:///Users/marcus/Developer/card-keepr/node_modules/.pnpm/miniflare@5.20260908.0-alpha/node_modules/miniflare/dist/src/workers/workflows/binding.worker.js:14752:17)
uncaught exception; source = Uncaught (in promise); stack = WorkflowError: (instance.cannot_terminate) Cannot terminate instance since its on a finite state
    at createWorkflowError (file:///Users/marcus/Developer/card-keepr/node_modules/.pnpm/miniflare@5.20260908.0-alpha/node_modules/miniflare/dist/src/workers/workflows/binding.worker.js:1374:10)
    at Engine.changeInstanceStatus (file:///Users/marcus/Developer/card-keepr/node_modules/.pnpm/miniflare@5.20260908.0-alpha/node_modules/miniflare/dist/src/workers/workflows/binding.worker.js:14752:17)
uncaught exception; source = Uncaught (in promise); stack = Error: WorkflowError: (instance.cannot_terminate) Cannot terminate instance since its on a finite state
    at async WorkflowHandle.terminate (file:///Users/marcus/Developer/card-keepr/node_modules/.pnpm/miniflare@5.20260908.0-alpha/node_modules/miniflare/dist/src/workers/workflows/binding.worker.js:15318:7)
uncaught exception; source = Uncaught (in promise); stack = Error: WorkflowError: (instance.cannot_terminate) Cannot terminate instance since its on a finite state
    at async WorkflowHandle.terminate (file:///Users/marcus/Developer/card-keepr/node_modules/.pnpm/miniflare@5.20260908.0-alpha/node_modules/miniflare/dist/src/workers/workflows/binding.worker.js:15318:7)
uncaught exception; source = Uncaught (in promise); stack = Error: WorkflowError: (instance.cannot_terminate) Cannot terminate instance since its on a finite state
    at async WorkflowHandle.terminate (file:///Users/marcus/Developer/card-keepr/node_modules/.pnpm/miniflare@5.20260908.0-alpha/node_modules/miniflare/dist/src/workers/workflows/binding.worker.js:15318:7)
uncaught exception; source = Uncaught (in promise); stack = Error: Engine was never started
    at Engine.getStatus (file:///Users/marcus/Developer/card-keepr/node_modules/.pnpm/miniflare@5.20260908.0-alpha/node_modules/miniflare/dist/src/workers/workflows/binding.worker.js:14493:15)
uncaught exception; source = Uncaught (in promise); stack = Error: Engine was never started
    at Engine.getStatus (file:///Users/marcus/Developer/card-keepr/node_modules/.pnpm/miniflare@5.20260908.0-alpha/node_modules/miniflare/dist/src/workers/workflows/binding.worker.js:14493:15)
uncaught exception; source = Uncaught (in promise); stack = Error: instance.not_found
    at WorkflowBinding.get (file:///Users/marcus/Developer/card-keepr/node_modules/.pnpm/miniflare@5.20260908.0-alpha/node_modules/miniflare/dist/src/workers/workflows/binding.worker.js:15150:13)
uncaught exception; exception = workerd/io/io-context.c++:1642: failed: jsg.Error: The Workers runtime canceled this request because it detected that your Worker's code had hung and would never generate a response. Refer to: https://developers.cloudflare.com/workers/observability/errors/
stack: 1058cd37f
uncaught exception; exception = workerd/io/io-context.c++:1642: failed: jsg.Error: The Workers runtime canceled this request because it detected that your Worker's code had hung and would never generate a response. Refer to: https://developers.cloudflare.com/workers/observability/errors/
stack: 1058cd37f
uncaught exception; exception = workerd/io/io-context.c++:1642: failed: jsg.Error: The Workers runtime canceled this request because it detected that your Worker's code had hung and would never generate a response. Refer to: https://developers.cloudflare.com/workers/observability/errors/
stack: 1058cd37f
uncaught exception; exception = workerd/io/io-context.c++:1642: failed: jsg.Error: The Workers runtime canceled this request because it detected that your Worker's code had hung and would never generate a response. Refer to: https://developers.cloudflare.com/workers/observability/errors/
stack: 1058cd37f
uncaught exception; source = Uncaught (in promise); stack = Error: Engine was never started
    at Engine.getStatus (file:///Users/marcus/Developer/card-keepr/node_modules/.pnpm/miniflare@5.20260908.0-alpha/node_modules/miniflare/dist/src/workers/workflows/binding.worker.js:14493:15)
uncaught exception; source = Uncaught (in promise); stack = Error: Engine was never started
    at Engine.getStatus (file:///Users/marcus/Developer/card-keepr/node_modules/.pnpm/miniflare@5.20260908.0-alpha/node_modules/miniflare/dist/src/workers/workflows/binding.worker.js:14493:15)
uncaught exception; source = Uncaught (in promise); stack = Error: instance.not_found
    at WorkflowBinding.get (file:///Users/marcus/Developer/card-keepr/node_modules/.pnpm/miniflare@5.20260908.0-alpha/node_modules/miniflare/dist/src/workers/workflows/binding.worker.js:15150:13)
uncaught exception; exception = workerd/io/io-context.c++:1642: failed: jsg.Error: The Workers runtime canceled this request because it detected that your Worker's code had hung and would never generate a response. Refer to: https://developers.cloudflare.com/workers/observability/errors/
stack: 1058cd37f
uncaught exception; exception = workerd/io/io-context.c++:1642: failed: jsg.Error: The Workers runtime canceled this request because it detected that your Worker's code had hung and would never generate a response. Refer to: https://developers.cloudflare.com/workers/observability/errors/
stack: 10551d37f
uncaught exception; exception = workerd/io/io-context.c++:1642: failed: jsg.Error: The Workers runtime canceled this request because it detected that your Worker's code had hung and would never generate a response. Refer to: https://developers.cloudflare.com/workers/observability/errors/
stack: 10551d37f
uncaught exception; exception = workerd/io/io-context.c++:1642: failed: jsg.Error: The Workers runtime canceled this request because it detected that your Worker's code had hung and would never generate a response. Refer to: https://developers.cloudflare.com/workers/observability/errors/
stack: 10551d37f
uncaught exception; exception = workerd/io/io-context.c++:1642: failed: jsg.Error: The Workers runtime canceled this request because it detected that your Worker's code had hung and would never generate a response. Refer to: https://developers.cloudflare.com/workers/observability/errors/
stack: 10551d37f
uncaught exception; exception = workerd/io/io-context.c++:1642: failed: jsg.Error: The Workers runtime canceled this request because it detected that your Worker's code had hung and would never generate a response. Refer to: https://developers.cloudflare.com/workers/observability/errors/
stack: 10551d37f
uncaught exception; exception = workerd/io/io-context.c++:1642: failed: jsg.Error: The Workers runtime canceled this request because it detected that your Worker's code had hung and would never generate a response. Refer to: https://developers.cloudflare.com/workers/observability/errors/
stack: 10551d37f
uncaught exception; exception = workerd/io/io-context.c++:1642: failed: jsg.Error: The Workers runtime canceled this request because it detected that your Worker's code had hung and would never generate a response. Refer to: https://developers.cloudflare.com/workers/observability/errors/
stack: 10551d37f
uncaught exception; exception = workerd/io/io-context.c++:1642: failed: jsg.Error: The Workers runtime canceled this request because it detected that your Worker's code had hung and would never generate a response. Refer to: https://developers.cloudflare.com/workers/observability/errors/
stack: 10551d37f
uncaught exception; exception = workerd/io/io-context.c++:1642: failed: jsg.Error: The Workers runtime canceled this request because it detected that your Worker's code had hung and would never generate a response. Refer to: https://developers.cloudflare.com/workers/observability/errors/
stack: 10551d37f
uncaught exception; exception = workerd/io/io-context.c++:1642: failed: jsg.Error: The Workers runtime canceled this request because it detected that your Worker's code had hung and would never generate a response. Refer to: https://developers.cloudflare.com/workers/observability/errors/
stack: 10551d37f
uncaught exception; source = Uncaught (in promise); stack = Error: Engine was never started
    at Engine.getStatus (file:///Users/marcus/Developer/card-keepr/node_modules/.pnpm/miniflare@5.20260908.0-alpha/node_modules/miniflare/dist/src/workers/workflows/binding.worker.js:14493:15)
uncaught exception; source = Uncaught (in promise); stack = Error: Engine was never started
    at Engine.getStatus (file:///Users/marcus/Developer/card-keepr/node_modules/.pnpm/miniflare@5.20260908.0-alpha/node_modules/miniflare/dist/src/workers/workflows/binding.worker.js:14493:15)
uncaught exception; source = Uncaught (in promise); stack = Error: instance.not_found
    at WorkflowBinding.get (file:///Users/marcus/Developer/card-keepr/node_modules/.pnpm/miniflare@5.20260908.0-alpha/node_modules/miniflare/dist/src/workers/workflows/binding.worker.js:15150:13)
uncaught exception; exception = workerd/io/io-context.c++:1642: failed: jsg.Error: The Workers runtime canceled this request because it detected that your Worker's code had hung and would never generate a response. Refer to: https://developers.cloudflare.com/workers/observability/errors/
stack: 1018f937f
uncaught exception; source = Uncaught (in promise); stack = Error: Engine was never started
    at Engine.getStatus (file:///Users/marcus/Developer/card-keepr/node_modules/.pnpm/miniflare@5.20260908.0-alpha/node_modules/miniflare/dist/src/workers/workflows/binding.worker.js:14493:15)
uncaught exception; source = Uncaught (in promise); stack = Error: Engine was never started
    at Engine.getStatus (file:///Users/marcus/Developer/card-keepr/node_modules/.pnpm/miniflare@5.20260908.0-alpha/node_modules/miniflare/dist/src/workers/workflows/binding.worker.js:14493:15)
uncaught exception; source = Uncaught (in promise); stack = Error: instance.not_found
    at WorkflowBinding.get (file:///Users/marcus/Developer/card-keepr/node_modules/.pnpm/miniflare@5.20260908.0-alpha/node_modules/miniflare/dist/src/workers/workflows/binding.worker.js:15150:13)
uncaught exception; exception = workerd/io/io-context.c++:1642: failed: jsg.Error: The Workers runtime canceled this request because it detected that your Worker's code had hung and would never generate a response. Refer to: https://developers.cloudflare.com/workers/observability/errors/
stack: 1018f937f
uncaught exception; source = Uncaught (in promise); stack = Error: Engine was never started
    at Engine.getStatus (file:///Users/marcus/Developer/card-keepr/node_modules/.pnpm/miniflare@5.20260908.0-alpha/node_modules/miniflare/dist/src/workers/workflows/binding.worker.js:14493:15)
uncaught exception; source = Uncaught (in promise); stack = Error: Engine was never started
    at Engine.getStatus (file:///Users/marcus/Developer/card-keepr/node_modules/.pnpm/miniflare@5.20260908.0-alpha/node_modules/miniflare/dist/src/workers/workflows/binding.worker.js:14493:15)
uncaught exception; source = Uncaught (in promise); stack = Error: instance.not_found
    at WorkflowBinding.get (file:///Users/marcus/Developer/card-keepr/node_modules/.pnpm/miniflare@5.20260908.0-alpha/node_modules/miniflare/dist/src/workers/workflows/binding.worker.js:15150:13)
uncaught exception; exception = workerd/io/io-context.c++:1642: failed: jsg.Error: The Workers runtime canceled this request because it detected that your Worker's code had hung and would never generate a response. Refer to: https://developers.cloudflare.com/workers/observability/errors/
stack: 1018f937f
uncaught exception; source = Uncaught (in promise); stack = Error: Engine was never started
    at Engine.getStatus (file:///Users/marcus/Developer/card-keepr/node_modules/.pnpm/miniflare@5.20260908.0-alpha/node_modules/miniflare/dist/src/workers/workflows/binding.worker.js:14493:15)
uncaught exception; source = Uncaught (in promise); stack = Error: Engine was never started
    at Engine.getStatus (file:///Users/marcus/Developer/card-keepr/node_modules/.pnpm/miniflare@5.20260908.0-alpha/node_modules/miniflare/dist/src/workers/workflows/binding.worker.js:14493:15)
uncaught exception; source = Uncaught (in promise); stack = Error: instance.not_found
    at WorkflowBinding.get (file:///Users/marcus/Developer/card-keepr/node_modules/.pnpm/miniflare@5.20260908.0-alpha/node_modules/miniflare/dist/src/workers/workflows/binding.worker.js:15150:13)
uncaught exception; exception = workerd/io/io-context.c++:1642: failed: jsg.Error: The Workers runtime canceled this request because it detected that your Worker's code had hung and would never generate a response. Refer to: https://developers.cloudflare.com/workers/observability/errors/
stack: 1018f937f
uncaught exception; source = Uncaught (in promise); stack = Error: Engine was never started
    at Engine.getStatus (file:///Users/marcus/Developer/card-keepr/node_modules/.pnpm/miniflare@5.20260908.0-alpha/node_modules/miniflare/dist/src/workers/workflows/binding.worker.js:14493:15)
uncaught exception; source = Uncaught (in promise); stack = Error: Engine was never started
    at Engine.getStatus (file:///Users/marcus/Developer/card-keepr/node_modules/.pnpm/miniflare@5.20260908.0-alpha/node_modules/miniflare/dist/src/workers/workflows/binding.worker.js:14493:15)
uncaught exception; source = Uncaught (in promise); stack = Error: instance.not_found
    at WorkflowBinding.get (file:///Users/marcus/Developer/card-keepr/node_modules/.pnpm/miniflare@5.20260908.0-alpha/node_modules/miniflare/dist/src/workers/workflows/binding.worker.js:15150:13)
uncaught exception; exception = workerd/io/io-context.c++:1642: failed: jsg.Error: The Workers runtime canceled this request because it detected that your Worker's code had hung and would never generate a response. Refer to: https://developers.cloudflare.com/workers/observability/errors/
stack: 1018f937f
uncaught exception; source = Uncaught (in promise); stack = Error: Engine was never started
    at Engine.getStatus (file:///Users/marcus/Developer/card-keepr/node_modules/.pnpm/miniflare@5.20260908.0-alpha/node_modules/miniflare/dist/src/workers/workflows/binding.worker.js:14493:15)
uncaught exception; source = Uncaught (in promise); stack = Error: Engine was never started
    at Engine.getStatus (file:///Users/marcus/Developer/card-keepr/node_modules/.pnpm/miniflare@5.20260908.0-alpha/node_modules/miniflare/dist/src/workers/workflows/binding.worker.js:14493:15)
uncaught exception; source = Uncaught (in promise); stack = Error: instance.not_found
    at WorkflowBinding.get (file:///Users/marcus/Developer/card-keepr/node_modules/.pnpm/miniflare@5.20260908.0-alpha/node_modules/miniflare/dist/src/workers/workflows/binding.worker.js:15150:13)
uncaught exception; source = Uncaught (in promise); stack = Error: Engine was never started
    at Engine.getStatus (file:///Users/marcus/Developer/card-keepr/node_modules/.pnpm/miniflare@5.20260908.0-alpha/node_modules/miniflare/dist/src/workers/workflows/binding.worker.js:14493:15)
uncaught exception; source = Uncaught (in promise); stack = Error: Engine was never started
    at Engine.getStatus (file:///Users/marcus/Developer/card-keepr/node_modules/.pnpm/miniflare@5.20260908.0-alpha/node_modules/miniflare/dist/src/workers/workflows/binding.worker.js:14493:15)
uncaught exception; source = Uncaught (in promise); stack = Error: Engine was never started
    at Engine.getStatus (file:///Users/marcus/Developer/card-keepr/node_modules/.pnpm/miniflare@5.20260908.0-alpha/node_modules/miniflare/dist/src/workers/workflows/binding.worker.js:14493:15)
uncaught exception; source = Uncaught (in promise); stack = Error: Engine was never started
    at Engine.getStatus (file:///Users/marcus/Developer/card-keepr/node_modules/.pnpm/miniflare@5.20260908.0-alpha/node_modules/miniflare/dist/src/workers/workflows/binding.worker.js:14493:15)
uncaught exception; source = Uncaught (in promise); stack = Error: Engine was never started
    at Engine.getStatus (file:///Users/marcus/Developer/card-keepr/node_modules/.pnpm/miniflare@5.20260908.0-alpha/node_modules/miniflare/dist/src/workers/workflows/binding.worker.js:14493:15)
uncaught exception; source = Uncaught (in promise); stack = Error: Engine was never started
    at Engine.getStatus (file:///Users/marcus/Developer/card-keepr/node_modules/.pnpm/miniflare@5.20260908.0-alpha/node_modules/miniflare/dist/src/workers/workflows/binding.worker.js:14493:15)
uncaught exception; source = Uncaught (in promise); stack = Error: Engine was never started
    at Engine.getStatus (file:///Users/marcus/Developer/card-keepr/node_modules/.pnpm/miniflare@5.20260908.0-alpha/node_modules/miniflare/dist/src/workers/workflows/binding.worker.js:14493:15)
uncaught exception; source = Uncaught (in promise); stack = Error: instance.not_found
    at WorkflowBinding.get (file:///Users/marcus/Developer/card-keepr/node_modules/.pnpm/miniflare@5.20260908.0-alpha/node_modules/miniflare/dist/src/workers/workflows/binding.worker.js:15150:13)
uncaught exception; source = Uncaught (in promise); stack = Error: Engine was never started
    at Engine.getStatus (file:///Users/marcus/Developer/card-keepr/node_modules/.pnpm/miniflare@5.20260908.0-alpha/node_modules/miniflare/dist/src/workers/workflows/binding.worker.js:14493:15)
uncaught exception; source = Uncaught (in promise); stack = Error: instance.not_found
    at WorkflowBinding.get (file:///Users/marcus/Developer/card-keepr/node_modules/.pnpm/miniflare@5.20260908.0-alpha/node_modules/miniflare/dist/src/workers/workflows/binding.worker.js:15150:13)
uncaught exception; source = Uncaught (in promise); stack = Error: instance.not_found
    at WorkflowBinding.get (file:///Users/marcus/Developer/card-keepr/node_modules/.pnpm/miniflare@5.20260908.0-alpha/node_modules/miniflare/dist/src/workers/workflows/binding.worker.js:15150:13)
uncaught exception; source = Uncaught (in promise); stack = Error: instance.not_found
    at WorkflowBinding.get (file:///Users/marcus/Developer/card-keepr/node_modules/.pnpm/miniflare@5.20260908.0-alpha/node_modules/miniflare/dist/src/workers/workflows/binding.worker.js:15150:13)
uncaught exception; exception = workerd/io/io-context.c++:1642: failed: jsg.Error: The Workers runtime canceled this request because it detected that your Worker's code had hung and would never generate a response. Refer to: https://developers.cloudflare.com/workers/observability/errors/
stack: 1018f937f
uncaught exception; source = Uncaught (in promise); stack = Error: Engine was never started
    at Engine.getStatus (file:///Users/marcus/Developer/card-keepr/node_modules/.pnpm/miniflare@5.20260908.0-alpha/node_modules/miniflare/dist/src/workers/workflows/binding.worker.js:14493:15)
uncaught exception; source = Uncaught (in promise); stack = Error: Engine was never started
    at Engine.getStatus (file:///Users/marcus/Developer/card-keepr/node_modules/.pnpm/miniflare@5.20260908.0-alpha/node_modules/miniflare/dist/src/workers/workflows/binding.worker.js:14493:15)
uncaught exception; source = Uncaught (in promise); stack = Error: instance.not_found
    at WorkflowBinding.get (file:///Users/marcus/Developer/card-keepr/node_modules/.pnpm/miniflare@5.20260908.0-alpha/node_modules/miniflare/dist/src/workers/workflows/binding.worker.js:15150:13)
uncaught exception; exception = workerd/io/io-context.c++:1642: failed: jsg.Error: The Workers runtime canceled this request because it detected that your Worker's code had hung and would never generate a response. Refer to: https://developers.cloudflare.com/workers/observability/errors/
stack: 1018f937f
uncaught exception; source = Uncaught (in promise); stack = Error: Engine was never started
    at Engine.getStatus (file:///Users/marcus/Developer/card-keepr/node_modules/.pnpm/miniflare@5.20260908.0-alpha/node_modules/miniflare/dist/src/workers/workflows/binding.worker.js:14493:15)
uncaught exception; source = Uncaught (in promise); stack = Error: Engine was never started
    at Engine.getStatus (file:///Users/marcus/Developer/card-keepr/node_modules/.pnpm/miniflare@5.20260908.0-alpha/node_modules/miniflare/dist/src/workers/workflows/binding.worker.js:14493:15)
uncaught exception; source = Uncaught (in promise); stack = Error: instance.not_found
    at WorkflowBinding.get (file:///Users/marcus/Developer/card-keepr/node_modules/.pnpm/miniflare@5.20260908.0-alpha/node_modules/miniflare/dist/src/workers/workflows/binding.worker.js:15150:13)
exception = kj/async-io.c++:782: disconnected: read end of pipe was aborted
stack: 105bee893
uncaught exception; exception = workerd/io/io-context.c++:1642: failed: jsg.Error: The Workers runtime canceled this request because it detected that your Worker's code had hung and would never generate a response. Refer to: https://developers.cloudflare.com/workers/observability/errors/
stack: 1018f937f
uncaught exception; source = Uncaught (in promise); stack = Error: Engine was never started
    at Engine.getStatus (file:///Users/marcus/Developer/card-keepr/node_modules/.pnpm/miniflare@5.20260908.0-alpha/node_modules/miniflare/dist/src/workers/workflows/binding.worker.js:14493:15)
uncaught exception; source = Uncaught (in promise); stack = Error: Engine was never started
    at Engine.getStatus (file:///Users/marcus/Developer/card-keepr/node_modules/.pnpm/miniflare@5.20260908.0-alpha/node_modules/miniflare/dist/src/workers/workflows/binding.worker.js:14493:15)
uncaught exception; source = Uncaught (in promise); stack = Error: instance.not_found
    at WorkflowBinding.get (file:///Users/marcus/Developer/card-keepr/node_modules/.pnpm/miniflare@5.20260908.0-alpha/node_modules/miniflare/dist/src/workers/workflows/binding.worker.js:15150:13)
uncaught exception; exception = workerd/io/io-context.c++:1642: failed: jsg.Error: The Workers runtime canceled this request because it detected that your Worker's code had hung and would never generate a response. Refer to: https://developers.cloudflare.com/workers/observability/errors/
stack: 1018f937f
uncaught exception; source = Uncaught (in promise); stack = Error: Engine was never started
    at Engine.getStatus (file:///Users/marcus/Developer/card-keepr/node_modules/.pnpm/miniflare@5.20260908.0-alpha/node_modules/miniflare/dist/src/workers/workflows/binding.worker.js:14493:15)
uncaught exception; source = Uncaught (in promise); stack = Error: Engine was never started
    at Engine.getStatus (file:///Users/marcus/Developer/card-keepr/node_modules/.pnpm/miniflare@5.20260908.0-alpha/node_modules/miniflare/dist/src/workers/workflows/binding.worker.js:14493:15)
uncaught exception; source = Uncaught (in promise); stack = Error: instance.not_found
    at WorkflowBinding.get (file:///Users/marcus/Developer/card-keepr/node_modules/.pnpm/miniflare@5.20260908.0-alpha/node_modules/miniflare/dist/src/workers/workflows/binding.worker.js:15150:13)
uncaught exception; exception = workerd/io/io-context.c++:1642: failed: jsg.Error: The Workers runtime canceled this request because it detected that your Worker's code had hung and would never generate a response. Refer to: https://developers.cloudflare.com/workers/observability/errors/
stack: 1018f937f
uncaught exception; source = Uncaught (in promise); stack = Error: Engine was never started
    at Engine.getStatus (file:///Users/marcus/Developer/card-keepr/node_modules/.pnpm/miniflare@5.20260908.0-alpha/node_modules/miniflare/dist/src/workers/workflows/binding.worker.js:14493:15)
uncaught exception; source = Uncaught (in promise); stack = Error: Engine was never started
    at Engine.getStatus (file:///Users/marcus/Developer/card-keepr/node_modules/.pnpm/miniflare@5.20260908.0-alpha/node_modules/miniflare/dist/src/workers/workflows/binding.worker.js:14493:15)
uncaught exception; source = Uncaught (in promise); stack = Error: instance.not_found
    at WorkflowBinding.get (file:///Users/marcus/Developer/card-keepr/node_modules/.pnpm/miniflare@5.20260908.0-alpha/node_modules/miniflare/dist/src/workers/workflows/binding.worker.js:15150:13)
uncaught exception; exception = workerd/io/io-context.c++:1642: failed: jsg.Error: The Workers runtime canceled this request because it detected that your Worker's code had hung and would never generate a response. Refer to: https://developers.cloudflare.com/workers/observability/errors/
stack: 1018f937f
uncaught exception; source = Uncaught (in promise); stack = Error: Engine was never started
    at Engine.getStatus (file:///Users/marcus/Developer/card-keepr/node_modules/.pnpm/miniflare@5.20260908.0-alpha/node_modules/miniflare/dist/src/workers/workflows/binding.worker.js:14493:15)
uncaught exception; source = Uncaught (in promise); stack = Error: Engine was never started
    at Engine.getStatus (file:///Users/marcus/Developer/card-keepr/node_modules/.pnpm/miniflare@5.20260908.0-alpha/node_modules/miniflare/dist/src/workers/workflows/binding.worker.js:14493:15)
uncaught exception; source = Uncaught (in promise); stack = Error: instance.not_found
    at WorkflowBinding.get (file:///Users/marcus/Developer/card-keepr/node_modules/.pnpm/miniflare@5.20260908.0-alpha/node_modules/miniflare/dist/src/workers/workflows/binding.worker.js:15150:13)
uncaught exception; exception = workerd/io/io-context.c++:1642: failed: jsg.Error: The Workers runtime canceled this request because it detected that your Worker's code had hung and would never generate a response. Refer to: https://developers.cloudflare.com/workers/observability/errors/
stack: 1018f937f
uncaught exception; source = Uncaught (in promise); stack = Error: Engine was never started
    at Engine.getStatus (file:///Users/marcus/Developer/card-keepr/node_modules/.pnpm/miniflare@5.20260908.0-alpha/node_modules/miniflare/dist/src/workers/workflows/binding.worker.js:14493:15)
uncaught exception; source = Uncaught (in promise); stack = Error: Engine was never started
    at Engine.getStatus (file:///Users/marcus/Developer/card-keepr/node_modules/.pnpm/miniflare@5.20260908.0-alpha/node_modules/miniflare/dist/src/workers/workflows/binding.worker.js:14493:15)
uncaught exception; source = Uncaught (in promise); stack = Error: instance.not_found
    at WorkflowBinding.get (file:///Users/marcus/Developer/card-keepr/node_modules/.pnpm/miniflare@5.20260908.0-alpha/node_modules/miniflare/dist/src/workers/workflows/binding.worker.js:15150:13)
uncaught exception; exception = workerd/io/io-context.c++:1642: failed: jsg.Error: The Workers runtime canceled this request because it detected that your Worker's code had hung and would never generate a response. Refer to: https://developers.cloudflare.com/workers/observability/errors/
stack: 1018f937f
uncaught exception; source = Uncaught (in promise); stack = Error: Engine was never started
    at Engine.getStatus (file:///Users/marcus/Developer/card-keepr/node_modules/.pnpm/miniflare@5.20260908.0-alpha/node_modules/miniflare/dist/src/workers/workflows/binding.worker.js:14493:15)
uncaught exception; source = Uncaught (in promise); stack = Error: Engine was never started
    at Engine.getStatus (file:///Users/marcus/Developer/card-keepr/node_modules/.pnpm/miniflare@5.20260908.0-alpha/node_modules/miniflare/dist/src/workers/workflows/binding.worker.js:14493:15)
uncaught exception; source = Uncaught (in promise); stack = Error: instance.not_found
    at WorkflowBinding.get (file:///Users/marcus/Developer/card-keepr/node_modules/.pnpm/miniflare@5.20260908.0-alpha/node_modules/miniflare/dist/src/workers/workflows/binding.worker.js:15150:13)
uncaught exception; exception = workerd/io/io-context.c++:1642: failed: jsg.Error: The Workers runtime canceled this request because it detected that your Worker's code had hung and would never generate a response. Refer to: https://developers.cloudflare.com/workers/observability/errors/
stack: 105a9937f
uncaught exception; exception = workerd/io/io-context.c++:1642: failed: jsg.Error: The Workers runtime canceled this request because it detected that your Worker's code had hung and would never generate a response. Refer to: https://developers.cloudflare.com/workers/observability/errors/
stack: 1018f937f
uncaught exception; exception = workerd/io/io-context.c++:1642: failed: jsg.Error: The Workers runtime canceled this request because it detected that your Worker's code had hung and would never generate a response. Refer to: https://developers.cloudflare.com/workers/observability/errors/
stack: 105a9937f
uncaught exception; source = Uncaught (in promise); stack = Error: Engine was never started
    at Engine.getStatus (file:///Users/marcus/Developer/card-keepr/node_modules/.pnpm/miniflare@5.20260908.0-alpha/node_modules/miniflare/dist/src/workers/workflows/binding.worker.js:14493:15)
uncaught exception; source = Uncaught (in promise); stack = Error: Engine was never started
    at Engine.getStatus (file:///Users/marcus/Developer/card-keepr/node_modules/.pnpm/miniflare@5.20260908.0-alpha/node_modules/miniflare/dist/src/workers/workflows/binding.worker.js:14493:15)
uncaught exception; source = Uncaught (in promise); stack = Error: instance.not_found
    at WorkflowBinding.get (file:///Users/marcus/Developer/card-keepr/node_modules/.pnpm/miniflare@5.20260908.0-alpha/node_modules/miniflare/dist/src/workers/workflows/binding.worker.js:15150:13)
uncaught exception; exception = workerd/io/io-context.c++:1642: failed: jsg.Error: The Workers runtime canceled this request because it detected that your Worker's code had hung and would never generate a response. Refer to: https://developers.cloudflare.com/workers/observability/errors/
stack: 1018f937f
uncaught exception; source = Uncaught (in promise); stack = Error: Engine was never started
    at Engine.getStatus (file:///Users/marcus/Developer/card-keepr/node_modules/.pnpm/miniflare@5.20260908.0-alpha/node_modules/miniflare/dist/src/workers/workflows/binding.worker.js:14493:15)
uncaught exception; source = Uncaught (in promise); stack = Error: Engine was never started
    at Engine.getStatus (file:///Users/marcus/Developer/card-keepr/node_modules/.pnpm/miniflare@5.20260908.0-alpha/node_modules/miniflare/dist/src/workers/workflows/binding.worker.js:14493:15)
uncaught exception; source = Uncaught (in promise); stack = Error: instance.not_found
    at WorkflowBinding.get (file:///Users/marcus/Developer/card-keepr/node_modules/.pnpm/miniflare@5.20260908.0-alpha/node_modules/miniflare/dist/src/workers/workflows/binding.worker.js:15150:13)
uncaught exception; exception = workerd/io/io-context.c++:1642: failed: jsg.Error: The Workers runtime canceled this request because it detected that your Worker's code had hung and would never generate a response. Refer to: https://developers.cloudflare.com/workers/observability/errors/
stack: 105a9937f
uncaught exception; exception = workerd/io/io-context.c++:1642: failed: jsg.Error: The Workers runtime canceled this request because it detected that your Worker's code had hung and would never generate a response. Refer to: https://developers.cloudflare.com/workers/observability/errors/
stack: 1018f937f
uncaught exception; exception = workerd/io/io-context.c++:1642: failed: jsg.Error: The Workers runtime canceled this request because it detected that your Worker's code had hung and would never generate a response. Refer to: https://developers.cloudflare.com/workers/observability/errors/
stack: 105a9937f
uncaught exception; exception = workerd/io/io-context.c++:1642: failed: jsg.Error: The Workers runtime canceled this request because it detected that your Worker's code had hung and would never generate a response. Refer to: https://developers.cloudflare.com/workers/observability/errors/
stack: 105a9937f
uncaught exception; exception = workerd/io/io-context.c++:1642: failed: jsg.Error: The Workers runtime canceled this request because it detected that your Worker's code had hung and would never generate a response. Refer to: https://developers.cloudflare.com/workers/observability/errors/
stack: 105a9937f
uncaught exception; source = Uncaught (in promise); stack = Error: Engine was never started
    at Engine.getStatus (file:///Users/marcus/Developer/card-keepr/node_modules/.pnpm/miniflare@5.20260908.0-alpha/node_modules/miniflare/dist/src/workers/workflows/binding.worker.js:14493:15)
uncaught exception; source = Uncaught (in promise); stack = Error: Engine was never started
    at Engine.getStatus (file:///Users/marcus/Developer/card-keepr/node_modules/.pnpm/miniflare@5.20260908.0-alpha/node_modules/miniflare/dist/src/workers/workflows/binding.worker.js:14493:15)
uncaught exception; source = Uncaught (in promise); stack = Error: instance.not_found
    at WorkflowBinding.get (file:///Users/marcus/Developer/card-keepr/node_modules/.pnpm/miniflare@5.20260908.0-alpha/node_modules/miniflare/dist/src/workers/workflows/binding.worker.js:15150:13)
uncaught exception; exception = workerd/io/io-context.c++:1642: failed: jsg.Error: The Workers runtime canceled this request because it detected that your Worker's code had hung and would never generate a response. Refer to: https://developers.cloudflare.com/workers/observability/errors/
stack: 10143537f
uncaught exception; exception = workerd/io/io-context.c++:1642: failed: jsg.Error: The Workers runtime canceled this request because it detected that your Worker's code had hung and would never generate a response. Refer to: https://developers.cloudflare.com/workers/observability/errors/
stack: 10143537f
uncaught exception; exception = workerd/api/actor-state.c++:1197: failed: broken.outputGateBroken; jsg.Error: Aborting engine: User called restart
stack: 10143537f
uncaught exception; exception = workerd/io/io-context.c++:1642: failed: jsg.Error: The Workers runtime canceled this request because it detected that your Worker's code had hung and would never generate a response. Refer to: https://developers.cloudflare.com/workers/observability/errors/
stack: 10143537f
uncaught exception; source = Uncaught (in promise); stack = Error: Engine was never started
    at Engine.getStatus (file:///Users/marcus/Developer/card-keepr/node_modules/.pnpm/miniflare@5.20260908.0-alpha/node_modules/miniflare/dist/src/workers/workflows/binding.worker.js:14493:15)
uncaught exception; source = Uncaught (in promise); stack = Error: Engine was never started
    at Engine.getStatus (file:///Users/marcus/Developer/card-keepr/node_modules/.pnpm/miniflare@5.20260908.0-alpha/node_modules/miniflare/dist/src/workers/workflows/binding.worker.js:14493:15)
uncaught exception; source = Uncaught (in promise); stack = Error: instance.not_found
    at WorkflowBinding.get (file:///Users/marcus/Developer/card-keepr/node_modules/.pnpm/miniflare@5.20260908.0-alpha/node_modules/miniflare/dist/src/workers/workflows/binding.worker.js:15150:13)
uncaught exception; exception = workerd/io/io-context.c++:1642: failed: jsg.Error: The Workers runtime canceled this request because it detected that your Worker's code had hung and would never generate a response. Refer to: https://developers.cloudflare.com/workers/observability/errors/
stack: 10143537f
uncaught exception; exception = workerd/io/io-context.c++:1642: failed: jsg.Error: The Workers runtime canceled this request because it detected that your Worker's code had hung and would never generate a response. Refer to: https://developers.cloudflare.com/workers/observability/errors/
stack: 10143537f
uncaught exception; exception = workerd/io/io-context.c++:1642: failed: jsg.Error: The Workers runtime canceled this request because it detected that your Worker's code had hung and would never generate a response. Refer to: https://developers.cloudflare.com/workers/observability/errors/
stack: 1052c537f
uncaught exception; exception = workerd/io/io-context.c++:1642: failed: jsg.Error: The Workers runtime canceled this request because it detected that your Worker's code had hung and would never generate a response. Refer to: https://developers.cloudflare.com/workers/observability/errors/
stack: 1052c537f
uncaught exception; exception = workerd/api/actor-state.c++:1197: failed: broken.outputGateBroken; jsg.Error: Aborting engine: User called restart
stack: 10143537f
uncaught exception; exception = workerd/io/io-context.c++:1642: failed: jsg.Error: The Workers runtime canceled this request because it detected that your Worker's code had hung and would never generate a response. Refer to: https://developers.cloudflare.com/workers/observability/errors/
stack: 10143537f
uncaught exception; source = Uncaught (in promise); stack = Error: Engine was never started
    at Engine.getStatus (file:///Users/marcus/Developer/card-keepr/node_modules/.pnpm/miniflare@5.20260908.0-alpha/node_modules/miniflare/dist/src/workers/workflows/binding.worker.js:14493:15)
uncaught exception; source = Uncaught (in promise); stack = Error: Engine was never started
    at Engine.getStatus (file:///Users/marcus/Developer/card-keepr/node_modules/.pnpm/miniflare@5.20260908.0-alpha/node_modules/miniflare/dist/src/workers/workflows/binding.worker.js:14493:15)
uncaught exception; source = Uncaught (in promise); stack = Error: instance.not_found
    at WorkflowBinding.get (file:///Users/marcus/Developer/card-keepr/node_modules/.pnpm/miniflare@5.20260908.0-alpha/node_modules/miniflare/dist/src/workers/workflows/binding.worker.js:15150:13)
uncaught exception; exception = workerd/io/io-context.c++:1642: failed: jsg.Error: The Workers runtime canceled this request because it detected that your Worker's code had hung and would never generate a response. Refer to: https://developers.cloudflare.com/workers/observability/errors/
stack: 1052c537f
uncaught exception; exception = workerd/io/io-context.c++:1642: failed: jsg.Error: The Workers runtime canceled this request because it detected that your Worker's code had hung and would never generate a response. Refer to: https://developers.cloudflare.com/workers/observability/errors/
stack: 1052c537f
uncaught exception; exception = workerd/io/io-context.c++:1642: failed: jsg.Error: The Workers runtime canceled this request because it detected that your Worker's code had hung and would never generate a response. Refer to: https://developers.cloudflare.com/workers/observability/errors/
stack: 10143537f
uncaught exception; exception = workerd/io/io-context.c++:1642: failed: jsg.Error: The Workers runtime canceled this request because it detected that your Worker's code had hung and would never generate a response. Refer to: https://developers.cloudflare.com/workers/observability/errors/
stack: 1052c537f
uncaught exception; exception = workerd/io/io-context.c++:1642: failed: jsg.Error: The Workers runtime canceled this request because it detected that your Worker's code had hung and would never generate a response. Refer to: https://developers.cloudflare.com/workers/observability/errors/
stack: 1052c537f
uncaught exception; exception = workerd/io/io-context.c++:1642: failed: jsg.Error: The Workers runtime canceled this request because it detected that your Worker's code had hung and would never generate a response. Refer to: https://developers.cloudflare.com/workers/observability/errors/
stack: 10143537f
uncaught exception; exception = workerd/io/io-context.c++:1642: failed: jsg.Error: The Workers runtime canceled this request because it detected that your Worker's code had hung and would never generate a response. Refer to: https://developers.cloudflare.com/workers/observability/errors/
stack: 10143537f
uncaught exception; source = Uncaught (in promise); stack = Error: Engine was never started
    at Engine.getStatus (file:///Users/marcus/Developer/card-keepr/node_modules/.pnpm/miniflare@5.20260908.0-alpha/node_modules/miniflare/dist/src/workers/workflows/binding.worker.js:14493:15)
uncaught exception; source = Uncaught (in promise); stack = Error: Engine was never started
    at Engine.getStatus (file:///Users/marcus/Developer/card-keepr/node_modules/.pnpm/miniflare@5.20260908.0-alpha/node_modules/miniflare/dist/src/workers/workflows/binding.worker.js:14493:15)
uncaught exception; source = Uncaught (in promise); stack = Error: instance.not_found
    at WorkflowBinding.get (file:///Users/marcus/Developer/card-keepr/node_modules/.pnpm/miniflare@5.20260908.0-alpha/node_modules/miniflare/dist/src/workers/workflows/binding.worker.js:15150:13)
uncaught exception; exception = workerd/io/io-context.c++:1642: failed: jsg.Error: The Workers runtime canceled this request because it detected that your Worker's code had hung and would never generate a response. Refer to: https://developers.cloudflare.com/workers/observability/errors/
stack: 10143537f
uncaught exception; exception = workerd/io/io-context.c++:1642: failed: jsg.Error: The Workers runtime canceled this request because it detected that your Worker's code had hung and would never generate a response. Refer to: https://developers.cloudflare.com/workers/observability/errors/
stack: 1052c537f
uncaught exception; exception = workerd/io/io-context.c++:1642: failed: jsg.Error: The Workers runtime canceled this request because it detected that your Worker's code had hung and would never generate a response. Refer to: https://developers.cloudflare.com/workers/observability/errors/
stack: 1052c537f
uncaught exception; exception = workerd/io/io-context.c++:1642: failed: jsg.Error: The Workers runtime canceled this request because it detected that your Worker's code had hung and would never generate a response. Refer to: https://developers.cloudflare.com/workers/observability/errors/
stack: 10143537f
uncaught exception; exception = workerd/api/actor-state.c++:1197: failed: broken.outputGateBroken; jsg.Error: Aborting engine: User called restart
stack: 10143537f
uncaught exception; exception = workerd/io/io-context.c++:1642: failed: jsg.Error: The Workers runtime canceled this request because it detected that your Worker's code had hung and would never generate a response. Refer to: https://developers.cloudflare.com/workers/observability/errors/
stack: 10143537f
uncaught exception; exception = workerd/io/io-context.c++:1642: failed: jsg.Error: The Workers runtime canceled this request because it detected that your Worker's code had hung and would never generate a response. Refer to: https://developers.cloudflare.com/workers/observability/errors/
stack: 1052c537f
uncaught exception; exception = workerd/io/io-context.c++:1642: failed: jsg.Error: The Workers runtime canceled this request because it detected that your Worker's code had hung and would never generate a response. Refer to: https://developers.cloudflare.com/workers/observability/errors/
stack: 1052c537f
An RPC stub was not disposed properly. You must call dispose() on all stubs in order to let the other side know that you are no longer using them. You cannot rely on the garbage collector for this because it may take arbitrarily long before actually collecting unreachable objects. As a shortcut, calling dispose() on the result of an RPC call disposes all stubs within it.
uncaught exception; source = Uncaught (in promise); stack = Error: Engine was never started
    at Engine.getStatus (file:///Users/marcus/Developer/card-keepr/node_modules/.pnpm/miniflare@5.20260908.0-alpha/node_modules/miniflare/dist/src/workers/workflows/binding.worker.js:14493:15)
uncaught exception; source = Uncaught (in promise); stack = Error: Engine was never started
    at Engine.getStatus (file:///Users/marcus/Developer/card-keepr/node_modules/.pnpm/miniflare@5.20260908.0-alpha/node_modules/miniflare/dist/src/workers/workflows/binding.worker.js:14493:15)
uncaught exception; source = Uncaught (in promise); stack = Error: instance.not_found
    at WorkflowBinding.get (file:///Users/marcus/Developer/card-keepr/node_modules/.pnpm/miniflare@5.20260908.0-alpha/node_modules/miniflare/dist/src/workers/workflows/binding.worker.js:15150:13)
uncaught exception; exception = workerd/io/io-context.c++:1642: failed: jsg.Error: The Workers runtime canceled this request because it detected that your Worker's code had hung and would never generate a response. Refer to: https://developers.cloudflare.com/workers/observability/errors/
stack: 10387d37f
uncaught exception; source = Uncaught (in promise); stack = Error: Engine was never started
    at Engine.getStatus (file:///Users/marcus/Developer/card-keepr/node_modules/.pnpm/miniflare@5.20260908.0-alpha/node_modules/miniflare/dist/src/workers/workflows/binding.worker.js:14493:15)
uncaught exception; source = Uncaught (in promise); stack = Error: Engine was never started
    at Engine.getStatus (file:///Users/marcus/Developer/card-keepr/node_modules/.pnpm/miniflare@5.20260908.0-alpha/node_modules/miniflare/dist/src/workers/workflows/binding.worker.js:14493:15)
uncaught exception; source = Uncaught (in promise); stack = Error: instance.not_found
    at WorkflowBinding.get (file:///Users/marcus/Developer/card-keepr/node_modules/.pnpm/miniflare@5.20260908.0-alpha/node_modules/miniflare/dist/src/workers/workflows/binding.worker.js:15150:13)
uncaught exception; exception = workerd/io/io-context.c++:1642: failed: jsg.Error: The Workers runtime canceled this request because it detected that your Worker's code had hung and would never generate a response. Refer to: https://developers.cloudflare.com/workers/observability/errors/
stack: 1052c537f
uncaught exception; exception = workerd/io/io-context.c++:1642: failed: jsg.Error: The Workers runtime canceled this request because it detected that your Worker's code had hung and would never generate a response. Refer to: https://developers.cloudflare.com/workers/observability/errors/
stack: 1052c537f
uncaught exception; exception = workerd/io/io-context.c++:1642: failed: jsg.Error: The Workers runtime canceled this request because it detected that your Worker's code had hung and would never generate a response. Refer to: https://developers.cloudflare.com/workers/observability/errors/
stack: 1052c537f
uncaught exception; exception = workerd/io/io-context.c++:1642: failed: jsg.Error: The Workers runtime canceled this request because it detected that your Worker's code had hung and would never generate a response. Refer to: https://developers.cloudflare.com/workers/observability/errors/
stack: 1052c537f
uncaught exception; source = Uncaught (in promise); stack = ReconciliationDocumentStorageError: Reconciliation document storage is temporarily unavailable.
    at documentStorage (/Users/marcus/Developer/card-keepr/src/catalogue/reconciliation/reconciliation-document.ts:11:11)
    at reserveReconciliationWorkAttempt (/Users/marcus/Developer/card-keepr/src/catalogue/reconciliation/reconciliation-dispatch.ts:64:15)
    at /Users/marcus/Developer/card-keepr/apps/ingestion/src/reconciliation-workflow.ts:139:31
    at args.<computed> (/Users/marcus/Developer/card-keepr/apps/ingestion/src/reconciliation-resource-budget.ts:200:22)
    at wrapped (/Users/marcus/Developer/card-keepr/src/http/operational-log.ts:176:20)
uncaught exception; exception = workerd/io/io-context.c++:1642: failed: jsg.Error: The Workers runtime canceled this request because it detected that your Worker's code had hung and would never generate a response. Refer to: https://developers.cloudflare.com/workers/observability/errors/
stack: 10387d37f
uncaught exception; source = Uncaught (in promise); stack = Error: Engine was never started
    at Engine.getStatus (file:///Users/marcus/Developer/card-keepr/node_modules/.pnpm/miniflare@5.20260908.0-alpha/node_modules/miniflare/dist/src/workers/workflows/binding.worker.js:14493:15)
uncaught exception; source = Uncaught (in promise); stack = Error: Engine was never started
    at Engine.getStatus (file:///Users/marcus/Developer/card-keepr/node_modules/.pnpm/miniflare@5.20260908.0-alpha/node_modules/miniflare/dist/src/workers/workflows/binding.worker.js:14493:15)
uncaught exception; source = Uncaught (in promise); stack = Error: instance.not_found
    at WorkflowBinding.get (file:///Users/marcus/Developer/card-keepr/node_modules/.pnpm/miniflare@5.20260908.0-alpha/node_modules/miniflare/dist/src/workers/workflows/binding.worker.js:15150:13)
uncaught exception; exception = workerd/io/io-context.c++:1642: failed: jsg.Error: The Workers runtime canceled this request because it detected that your Worker's code had hung and would never generate a response. Refer to: https://developers.cloudflare.com/workers/observability/errors/
stack: 10387d37f
uncaught exception; source = Uncaught (in promise); stack = Error: Engine was never started
    at Engine.getStatus (file:///Users/marcus/Developer/card-keepr/node_modules/.pnpm/miniflare@5.20260908.0-alpha/node_modules/miniflare/dist/src/workers/workflows/binding.worker.js:14493:15)
uncaught exception; source = Uncaught (in promise); stack = Error: Engine was never started
    at Engine.getStatus (file:///Users/marcus/Developer/card-keepr/node_modules/.pnpm/miniflare@5.20260908.0-alpha/node_modules/miniflare/dist/src/workers/workflows/binding.worker.js:14493:15)
uncaught exception; source = Uncaught (in promise); stack = Error: instance.not_found
    at WorkflowBinding.get (file:///Users/marcus/Developer/card-keepr/node_modules/.pnpm/miniflare@5.20260908.0-alpha/node_modules/miniflare/dist/src/workers/workflows/binding.worker.js:15150:13)
uncaught exception; exception = workerd/io/io-context.c++:1642: failed: jsg.Error: The Workers runtime canceled this request because it detected that your Worker's code had hung and would never generate a response. Refer to: https://developers.cloudflare.com/workers/observability/errors/
stack: 10387d37f
uncaught exception; source = Uncaught (in promise); stack = Error: Engine was never started
    at Engine.getStatus (file:///Users/marcus/Developer/card-keepr/node_modules/.pnpm/miniflare@5.20260908.0-alpha/node_modules/miniflare/dist/src/workers/workflows/binding.worker.js:14493:15)
uncaught exception; source = Uncaught (in promise); stack = Error: Engine was never started
    at Engine.getStatus (file:///Users/marcus/Developer/card-keepr/node_modules/.pnpm/miniflare@5.20260908.0-alpha/node_modules/miniflare/dist/src/workers/workflows/binding.worker.js:14493:15)
uncaught exception; source = Uncaught (in promise); stack = Error: instance.not_found
    at WorkflowBinding.get (file:///Users/marcus/Developer/card-keepr/node_modules/.pnpm/miniflare@5.20260908.0-alpha/node_modules/miniflare/dist/src/workers/workflows/binding.worker.js:15150:13)
uncaught exception; exception = workerd/io/io-context.c++:1642: failed: jsg.Error: The Workers runtime canceled this request because it detected that your Worker's code had hung and would never generate a response. Refer to: https://developers.cloudflare.com/workers/observability/errors/
stack: 1034e537f
uncaught exception; source = Uncaught (in promise); stack = Error: Engine was never started
    at Engine.getStatus (file:///Users/marcus/Developer/card-keepr/node_modules/.pnpm/miniflare@5.20260908.0-alpha/node_modules/miniflare/dist/src/workers/workflows/binding.worker.js:14493:15)
uncaught exception; source = Uncaught (in promise); stack = Error: Engine was never started
    at Engine.getStatus (file:///Users/marcus/Developer/card-keepr/node_modules/.pnpm/miniflare@5.20260908.0-alpha/node_modules/miniflare/dist/src/workers/workflows/binding.worker.js:14493:15)
uncaught exception; source = Uncaught (in promise); stack = Error: instance.not_found
    at WorkflowBinding.get (file:///Users/marcus/Developer/card-keepr/node_modules/.pnpm/miniflare@5.20260908.0-alpha/node_modules/miniflare/dist/src/workers/workflows/binding.worker.js:15150:13)
uncaught exception; exception = workerd/io/io-context.c++:1642: failed: jsg.Error: The Workers runtime canceled this request because it detected that your Worker's code had hung and would never generate a response. Refer to: https://developers.cloudflare.com/workers/observability/errors/
stack: 1034e537f
uncaught exception; source = Uncaught (in promise); stack = Error: Engine was never started
    at Engine.getStatus (file:///Users/marcus/Developer/card-keepr/node_modules/.pnpm/miniflare@5.20260908.0-alpha/node_modules/miniflare/dist/src/workers/workflows/binding.worker.js:14493:15)
uncaught exception; source = Uncaught (in promise); stack = Error: Engine was never started
    at Engine.getStatus (file:///Users/marcus/Developer/card-keepr/node_modules/.pnpm/miniflare@5.20260908.0-alpha/node_modules/miniflare/dist/src/workers/workflows/binding.worker.js:14493:15)
uncaught exception; source = Uncaught (in promise); stack = Error: instance.not_found
    at WorkflowBinding.get (file:///Users/marcus/Developer/card-keepr/node_modules/.pnpm/miniflare@5.20260908.0-alpha/node_modules/miniflare/dist/src/workers/workflows/binding.worker.js:15150:13)
uncaught exception; exception = workerd/io/io-context.c++:1642: failed: jsg.Error: The Workers runtime canceled this request because it detected that your Worker's code had hung and would never generate a response. Refer to: https://developers.cloudflare.com/workers/observability/errors/
stack: 1034e537f
uncaught exception; source = Uncaught (in promise); stack = Error: Engine was never started
    at Engine.getStatus (file:///Users/marcus/Developer/card-keepr/node_modules/.pnpm/miniflare@5.20260908.0-alpha/node_modules/miniflare/dist/src/workers/workflows/binding.worker.js:14493:15)
uncaught exception; source = Uncaught (in promise); stack = Error: Engine was never started
    at Engine.getStatus (file:///Users/marcus/Developer/card-keepr/node_modules/.pnpm/miniflare@5.20260908.0-alpha/node_modules/miniflare/dist/src/workers/workflows/binding.worker.js:14493:15)
uncaught exception; source = Uncaught (in promise); stack = Error: instance.not_found
    at WorkflowBinding.get (file:///Users/marcus/Developer/card-keepr/node_modules/.pnpm/miniflare@5.20260908.0-alpha/node_modules/miniflare/dist/src/workers/workflows/binding.worker.js:15150:13)
uncaught exception; exception = workerd/io/io-context.c++:1642: failed: jsg.Error: The Workers runtime canceled this request because it detected that your Worker's code had hung and would never generate a response. Refer to: https://developers.cloudflare.com/workers/observability/errors/
stack: 1034e537f
uncaught exception; source = Uncaught (in promise); stack = Error: Engine was never started
    at Engine.getStatus (file:///Users/marcus/Developer/card-keepr/node_modules/.pnpm/miniflare@5.20260908.0-alpha/node_modules/miniflare/dist/src/workers/workflows/binding.worker.js:14493:15)
uncaught exception; source = Uncaught (in promise); stack = Error: Engine was never started
    at Engine.getStatus (file:///Users/marcus/Developer/card-keepr/node_modules/.pnpm/miniflare@5.20260908.0-alpha/node_modules/miniflare/dist/src/workers/workflows/binding.worker.js:14493:15)
uncaught exception; source = Uncaught (in promise); stack = Error: instance.not_found
    at WorkflowBinding.get (file:///Users/marcus/Developer/card-keepr/node_modules/.pnpm/miniflare@5.20260908.0-alpha/node_modules/miniflare/dist/src/workers/workflows/binding.worker.js:15150:13)
uncaught exception; exception = workerd/io/io-context.c++:1642: failed: jsg.Error: The Workers runtime canceled this request because it detected that your Worker's code had hung and would never generate a response. Refer to: https://developers.cloudflare.com/workers/observability/errors/
stack: 1034e537f
uncaught exception; source = Uncaught (in promise); stack = Error: Engine was never started
    at Engine.getStatus (file:///Users/marcus/Developer/card-keepr/node_modules/.pnpm/miniflare@5.20260908.0-alpha/node_modules/miniflare/dist/src/workers/workflows/binding.worker.js:14493:15)
uncaught exception; source = Uncaught (in promise); stack = Error: Engine was never started
    at Engine.getStatus (file:///Users/marcus/Developer/card-keepr/node_modules/.pnpm/miniflare@5.20260908.0-alpha/node_modules/miniflare/dist/src/workers/workflows/binding.worker.js:14493:15)
uncaught exception; source = Uncaught (in promise); stack = Error: instance.not_found
    at WorkflowBinding.get (file:///Users/marcus/Developer/card-keepr/node_modules/.pnpm/miniflare@5.20260908.0-alpha/node_modules/miniflare/dist/src/workers/workflows/binding.worker.js:15150:13)
uncaught exception; source = Uncaught (in promise); stack = Error: Engine was never started
    at Engine.getStatus (file:///Users/marcus/Developer/card-keepr/node_modules/.pnpm/miniflare@5.20260908.0-alpha/node_modules/miniflare/dist/src/workers/workflows/binding.worker.js:14493:15)
uncaught exception; source = Uncaught (in promise); stack = Error: Engine was never started
    at Engine.getStatus (file:///Users/marcus/Developer/card-keepr/node_modules/.pnpm/miniflare@5.20260908.0-alpha/node_modules/miniflare/dist/src/workers/workflows/binding.worker.js:14493:15)
uncaught exception; source = Uncaught (in promise); stack = Error: instance.not_found
    at WorkflowBinding.get (file:///Users/marcus/Developer/card-keepr/node_modules/.pnpm/miniflare@5.20260908.0-alpha/node_modules/miniflare/dist/src/workers/workflows/binding.worker.js:15150:13)
uncaught exception; exception = workerd/io/io-context.c++:1642: failed: jsg.Error: The Workers runtime canceled this request because it detected that your Worker's code had hung and would never generate a response. Refer to: https://developers.cloudflare.com/workers/observability/errors/
stack: 1034e537f
uncaught exception; source = Uncaught (in promise); stack = Error: Engine was never started
    at Engine.getStatus (file:///Users/marcus/Developer/card-keepr/node_modules/.pnpm/miniflare@5.20260908.0-alpha/node_modules/miniflare/dist/src/workers/workflows/binding.worker.js:14493:15)
uncaught exception; source = Uncaught (in promise); stack = Error: Engine was never started
    at Engine.getStatus (file:///Users/marcus/Developer/card-keepr/node_modules/.pnpm/miniflare@5.20260908.0-alpha/node_modules/miniflare/dist/src/workers/workflows/binding.worker.js:14493:15)
uncaught exception; source = Uncaught (in promise); stack = Error: instance.not_found
    at WorkflowBinding.get (file:///Users/marcus/Developer/card-keepr/node_modules/.pnpm/miniflare@5.20260908.0-alpha/node_modules/miniflare/dist/src/workers/workflows/binding.worker.js:15150:13)
uncaught exception; exception = workerd/io/io-context.c++:1642: failed: jsg.Error: The Workers runtime canceled this request because it detected that your Worker's code had hung and would never generate a response. Refer to: https://developers.cloudflare.com/workers/observability/errors/
stack: 1034e537f
uncaught exception; source = Uncaught (in promise); stack = Error: Engine was never started
    at Engine.getStatus (file:///Users/marcus/Developer/card-keepr/node_modules/.pnpm/miniflare@5.20260908.0-alpha/node_modules/miniflare/dist/src/workers/workflows/binding.worker.js:14493:15)
uncaught exception; source = Uncaught (in promise); stack = Error: Engine was never started
    at Engine.getStatus (file:///Users/marcus/Developer/card-keepr/node_modules/.pnpm/miniflare@5.20260908.0-alpha/node_modules/miniflare/dist/src/workers/workflows/binding.worker.js:14493:15)
uncaught exception; source = Uncaught (in promise); stack = Error: instance.not_found
    at WorkflowBinding.get (file:///Users/marcus/Developer/card-keepr/node_modules/.pnpm/miniflare@5.20260908.0-alpha/node_modules/miniflare/dist/src/workers/workflows/binding.worker.js:15150:13)
uncaught exception; exception = workerd/io/io-context.c++:1642: failed: jsg.Error: The Workers runtime canceled this request because it detected that your Worker's code had hung and would never generate a response. Refer to: https://developers.cloudflare.com/workers/observability/errors/
stack: 1034e537f
uncaught exception; source = Uncaught (in promise); stack = Error: Engine was never started
    at Engine.getStatus (file:///Users/marcus/Developer/card-keepr/node_modules/.pnpm/miniflare@5.20260908.0-alpha/node_modules/miniflare/dist/src/workers/workflows/binding.worker.js:14493:15)
uncaught exception; source = Uncaught (in promise); stack = Error: Engine was never started
    at Engine.getStatus (file:///Users/marcus/Developer/card-keepr/node_modules/.pnpm/miniflare@5.20260908.0-alpha/node_modules/miniflare/dist/src/workers/workflows/binding.worker.js:14493:15)
uncaught exception; source = Uncaught (in promise); stack = Error: instance.not_found
    at WorkflowBinding.get (file:///Users/marcus/Developer/card-keepr/node_modules/.pnpm/miniflare@5.20260908.0-alpha/node_modules/miniflare/dist/src/workers/workflows/binding.worker.js:15150:13)
uncaught exception; source = Uncaught (in promise); stack = Error: invalid Content-Length header value; cl = invalid
uncaught exception; source = Uncaught (in promise); stack = Error: invalid Content-Length header value; cl = invalid
uncaught exception; source = Uncaught (in promise); stack = Error: invalid Content-Length header value; cl = invalid
uncaught exception; source = Uncaught (in promise); stack = Error: invalid Content-Length header value; cl = invalid
uncaught exception; source = Uncaught (in promise); stack = Error: invalid Content-Length header value; cl = invalid
uncaught exception; source = Uncaught (in promise); stack = Error: invalid Content-Length header value; cl = invalid
uncaught exception; exception = workerd/api/actor-state.c++:1197: failed: broken.outputGateBroken; jsg.Error: Aborting engine: User called restart
stack: 101fd937f
uncaught exception; exception = workerd/api/actor-state.c++:1197: failed: broken.outputGateBroken; jsg.Error: Aborting engine: User called restart
stack: 101fd937f
uncaught exception; exception = workerd/api/actor-state.c++:1197: failed: broken.outputGateBroken; jsg.Error: Aborting engine: User called restart
stack: 101fd937f
uncaught exception; exception = workerd/api/actor-state.c++:1197: failed: broken.outputGateBroken; jsg.Error: Aborting engine: User called restart
stack: 101fd937f
uncaught exception; source = Uncaught (in promise); stack = Error: invalid Content-Length header value; cl = invalid
uncaught exception; source = Uncaught (in promise); stack = Error: invalid Content-Length header value; cl = invalid
uncaught exception; source = Uncaught (in promise); stack = Error: invalid Content-Length header value; cl = invalid
uncaught exception; source = Uncaught (in promise); stack = Error: invalid Content-Length header value; cl = invalid
uncaught exception; source = Uncaught (in promise); stack = Error: invalid Content-Length header value; cl = invalid
uncaught exception; source = Uncaught (in promise); stack = Error: invalid Content-Length header value; cl = invalid
uncaught exception; exception = workerd/io/io-context.c++:1642: failed: jsg.Error: The Workers runtime canceled this request because it detected that your Worker's code had hung and would never generate a response. Refer to: https://developers.cloudflare.com/workers/observability/errors/
stack: 1034e537f
uncaught exception; source = Uncaught (in promise); stack = ReconciliationDocumentStorageError: Reconciliation document storage is temporarily unavailable.
    at documentStorage (/Users/marcus/Developer/card-keepr/src/catalogue/reconciliation/reconciliation-document.ts:11:11)
    at retainReconciliationCheckpoint (/Users/marcus/Developer/card-keepr/src/catalogue/reconciliation/reconciliation-checkpoint.ts:68:20)
    at savePrefix (/Users/marcus/Developer/card-keepr/src/catalogue/reconciliation/reconciliation-evidence.ts:358:7)
    at collectRetainedReconciliationObservation (/Users/marcus/Developer/card-keepr/src/catalogue/reconciliation/reconciliation-evidence.ts:385:74)
    at prepareVerifiedReconciliationInput (/Users/marcus/Developer/card-keepr/src/catalogue/reconciliation/reconciliation-evidence.ts:134:17)
    at retainedReconciliationObservation (/Users/marcus/Developer/card-keepr/src/catalogue/reconciliation/reconciliation-evidence.ts:97:5)
    at reconcileRetainedCardPrintingEvidence (/Users/marcus/Developer/card-keepr/src/catalogue/reconciliation/card-printing-reconciliation.ts:259:16)
    at /Users/marcus/Developer/card-keepr/apps/ingestion/src/reconciliation-workflow.ts:141:24
    at args.<computed> (/Users/marcus/Developer/card-keepr/apps/ingestion/src/reconciliation-resource-budget.ts:200:22)
    at wrapped (/Users/marcus/Developer/card-keepr/src/http/operational-log.ts:176:20)
uncaught exception; exception = workerd/api/actor-state.c++:1197: failed: broken.outputGateBroken; jsg.Error: Aborting engine: User called terminate
stack: 101fd937f
uncaught exception; exception = workerd/api/actor-state.c++:1197: failed: broken.outputGateBroken; jsg.Error: Aborting engine: User called terminate
stack: 101fd937f
uncaught exception; exception = workerd/api/actor-state.c++:1197: failed: broken.outputGateBroken; jsg.Error: Aborting engine: User called terminate
stack: 101fd937f
uncaught exception; exception = workerd/api/actor-state.c++:1197: failed: broken.outputGateBroken; jsg.Error: Aborting engine: User called restart
stack: 101fd937f
uncaught exception; source = Uncaught (in promise); stack = Error: Engine was never started
    at Engine.getStatus (file:///Users/marcus/Developer/card-keepr/node_modules/.pnpm/miniflare@5.20260908.0-alpha/node_modules/miniflare/dist/src/workers/workflows/binding.worker.js:14493:15)
uncaught exception; source = Uncaught (in promise); stack = Error: Engine was never started
    at Engine.getStatus (file:///Users/marcus/Developer/card-keepr/node_modules/.pnpm/miniflare@5.20260908.0-alpha/node_modules/miniflare/dist/src/workers/workflows/binding.worker.js:14493:15)
uncaught exception; source = Uncaught (in promise); stack = Error: instance.not_found
    at WorkflowBinding.get (file:///Users/marcus/Developer/card-keepr/node_modules/.pnpm/miniflare@5.20260908.0-alpha/node_modules/miniflare/dist/src/workers/workflows/binding.worker.js:15150:13)
uncaught exception; exception = workerd/io/io-context.c++:1642: failed: jsg.Error: The Workers runtime canceled this request because it detected that your Worker's code had hung and would never generate a response. Refer to: https://developers.cloudflare.com/workers/observability/errors/
stack: 105ab537f
uncaught exception; source = Uncaught (in promise); stack = Error: Engine was never started
    at Engine.getStatus (file:///Users/marcus/Developer/card-keepr/node_modules/.pnpm/miniflare@5.20260908.0-alpha/node_modules/miniflare/dist/src/workers/workflows/binding.worker.js:14493:15)
uncaught exception; source = Uncaught (in promise); stack = Error: Engine was never started
    at Engine.getStatus (file:///Users/marcus/Developer/card-keepr/node_modules/.pnpm/miniflare@5.20260908.0-alpha/node_modules/miniflare/dist/src/workers/workflows/binding.worker.js:14493:15)
uncaught exception; source = Uncaught (in promise); stack = Error: instance.not_found
    at WorkflowBinding.get (file:///Users/marcus/Developer/card-keepr/node_modules/.pnpm/miniflare@5.20260908.0-alpha/node_modules/miniflare/dist/src/workers/workflows/binding.worker.js:15150:13)
uncaught exception; exception = workerd/api/actor-state.c++:1197: failed: broken.outputGateBroken; jsg.Error: Aborting engine: User called terminate
stack: 105ab537f
uncaught exception; exception = workerd/api/actor-state.c++:1197: failed: broken.outputGateBroken; jsg.Error: Aborting engine: User called terminate
stack: 105ab537f
uncaught exception; exception = workerd/api/actor-state.c++:1197: failed: broken.outputGateBroken; jsg.Error: Aborting engine: User called terminate
stack: 105ab537f
uncaught exception; source = Uncaught (in promise); stack = Error: Engine was never started
    at Engine.getStatus (file:///Users/marcus/Developer/card-keepr/node_modules/.pnpm/miniflare@5.20260908.0-alpha/node_modules/miniflare/dist/src/workers/workflows/binding.worker.js:14493:15)
uncaught exception; source = Uncaught (in promise); stack = Error: Engine was never started
    at Engine.getStatus (file:///Users/marcus/Developer/card-keepr/node_modules/.pnpm/miniflare@5.20260908.0-alpha/node_modules/miniflare/dist/src/workers/workflows/binding.worker.js:14493:15)
uncaught exception; source = Uncaught (in promise); stack = Error: instance.not_found
    at WorkflowBinding.get (file:///Users/marcus/Developer/card-keepr/node_modules/.pnpm/miniflare@5.20260908.0-alpha/node_modules/miniflare/dist/src/workers/workflows/binding.worker.js:15150:13)
uncaught exception; source = Uncaught (in promise); stack = Error: Engine was never started
    at Engine.getStatus (file:///Users/marcus/Developer/card-keepr/node_modules/.pnpm/miniflare@5.20260908.0-alpha/node_modules/miniflare/dist/src/workers/workflows/binding.worker.js:14493:15)
uncaught exception; source = Uncaught (in promise); stack = Error: Engine was never started
    at Engine.getStatus (file:///Users/marcus/Developer/card-keepr/node_modules/.pnpm/miniflare@5.20260908.0-alpha/node_modules/miniflare/dist/src/workers/workflows/binding.worker.js:14493:15)
uncaught exception; source = Uncaught (in promise); stack = Error: instance.not_found
    at WorkflowBinding.get (file:///Users/marcus/Developer/card-keepr/node_modules/.pnpm/miniflare@5.20260908.0-alpha/node_modules/miniflare/dist/src/workers/workflows/binding.worker.js:15150:13)
uncaught exception; source = Uncaught (in promise); stack = WorkflowError: (instance.cannot_terminate) Cannot terminate instance since its on a finite state
    at createWorkflowError (file:///Users/marcus/Developer/card-keepr/node_modules/.pnpm/miniflare@5.20260908.0-alpha/node_modules/miniflare/dist/src/workers/workflows/binding.worker.js:1374:10)
    at Engine.changeInstanceStatus (file:///Users/marcus/Developer/card-keepr/node_modules/.pnpm/miniflare@5.20260908.0-alpha/node_modules/miniflare/dist/src/workers/workflows/binding.worker.js:14752:17)
uncaught exception; source = Uncaught (in promise); stack = Error: WorkflowError: (instance.cannot_terminate) Cannot terminate instance since its on a finite state
    at async WorkflowHandle.terminate (file:///Users/marcus/Developer/card-keepr/node_modules/.pnpm/miniflare@5.20260908.0-alpha/node_modules/miniflare/dist/src/workers/workflows/binding.worker.js:15318:7)
uncaught exception; source = Uncaught (in promise); stack = Error: Engine was never started
    at Engine.getStatus (file:///Users/marcus/Developer/card-keepr/node_modules/.pnpm/miniflare@5.20260908.0-alpha/node_modules/miniflare/dist/src/workers/workflows/binding.worker.js:14493:15)
uncaught exception; source = Uncaught (in promise); stack = Error: Engine was never started
    at Engine.getStatus (file:///Users/marcus/Developer/card-keepr/node_modules/.pnpm/miniflare@5.20260908.0-alpha/node_modules/miniflare/dist/src/workers/workflows/binding.worker.js:14493:15)
uncaught exception; source = Uncaught (in promise); stack = Error: instance.not_found
    at WorkflowBinding.get (file:///Users/marcus/Developer/card-keepr/node_modules/.pnpm/miniflare@5.20260908.0-alpha/node_modules/miniflare/dist/src/workers/workflows/binding.worker.js:15150:13)
uncaught exception; source = Uncaught (in promise); stack = Error: Engine was never started
    at Engine.getStatus (file:///Users/marcus/Developer/card-keepr/node_modules/.pnpm/miniflare@5.20260908.0-alpha/node_modules/miniflare/dist/src/workers/workflows/binding.worker.js:14493:15)
uncaught exception; source = Uncaught (in promise); stack = Error: Engine was never started
    at Engine.getStatus (file:///Users/marcus/Developer/card-keepr/node_modules/.pnpm/miniflare@5.20260908.0-alpha/node_modules/miniflare/dist/src/workers/workflows/binding.worker.js:14493:15)
uncaught exception; source = Uncaught (in promise); stack = Error: instance.not_found
    at WorkflowBinding.get (file:///Users/marcus/Developer/card-keepr/node_modules/.pnpm/miniflare@5.20260908.0-alpha/node_modules/miniflare/dist/src/workers/workflows/binding.worker.js:15150:13)
uncaught exception; exception = workerd/io/io-context.c++:1642: failed: jsg.Error: The Workers runtime canceled this request because it detected that your Worker's code had hung and would never generate a response. Refer to: https://developers.cloudflare.com/workers/observability/errors/
stack: 105ab537f
uncaught exception; source = Uncaught (in promise); stack = Error: Engine was never started
    at Engine.getStatus (file:///Users/marcus/Developer/card-keepr/node_modules/.pnpm/miniflare@5.20260908.0-alpha/node_modules/miniflare/dist/src/workers/workflows/binding.worker.js:14493:15)
uncaught exception; source = Uncaught (in promise); stack = Error: Engine was never started
    at Engine.getStatus (file:///Users/marcus/Developer/card-keepr/node_modules/.pnpm/miniflare@5.20260908.0-alpha/node_modules/miniflare/dist/src/workers/workflows/binding.worker.js:14493:15)
uncaught exception; source = Uncaught (in promise); stack = Error: instance.not_found
    at WorkflowBinding.get (file:///Users/marcus/Developer/card-keepr/node_modules/.pnpm/miniflare@5.20260908.0-alpha/node_modules/miniflare/dist/src/workers/workflows/binding.worker.js:15150:13)
uncaught exception; exception = workerd/api/actor-state.c++:1197: failed: broken.outputGateBroken; jsg.Error: Aborting engine: User called terminate
stack: 105ab537f
uncaught exception; exception = workerd/api/actor-state.c++:1197: failed: broken.outputGateBroken; jsg.Error: Aborting engine: User called terminate
stack: 105ab537f
uncaught exception; exception = workerd/api/actor-state.c++:1197: failed: broken.outputGateBroken; jsg.Error: Aborting engine: User called terminate
stack: 105ab537f
uncaught exception; source = Uncaught (in promise); stack = Error: Engine was never started
    at Engine.getStatus (file:///Users/marcus/Developer/card-keepr/node_modules/.pnpm/miniflare@5.20260908.0-alpha/node_modules/miniflare/dist/src/workers/workflows/binding.worker.js:14493:15)
uncaught exception; source = Uncaught (in promise); stack = Error: Engine was never started
    at Engine.getStatus (file:///Users/marcus/Developer/card-keepr/node_modules/.pnpm/miniflare@5.20260908.0-alpha/node_modules/miniflare/dist/src/workers/workflows/binding.worker.js:14493:15)
uncaught exception; source = Uncaught (in promise); stack = Error: instance.not_found
    at WorkflowBinding.get (file:///Users/marcus/Developer/card-keepr/node_modules/.pnpm/miniflare@5.20260908.0-alpha/node_modules/miniflare/dist/src/workers/workflows/binding.worker.js:15150:13)
uncaught exception; source = Uncaught (in promise); stack = Error: Engine was never started
    at Engine.getStatus (file:///Users/marcus/Developer/card-keepr/node_modules/.pnpm/miniflare@5.20260908.0-alpha/node_modules/miniflare/dist/src/workers/workflows/binding.worker.js:14493:15)
uncaught exception; source = Uncaught (in promise); stack = Error: Engine was never started
    at Engine.getStatus (file:///Users/marcus/Developer/card-keepr/node_modules/.pnpm/miniflare@5.20260908.0-alpha/node_modules/miniflare/dist/src/workers/workflows/binding.worker.js:14493:15)
uncaught exception; source = Uncaught (in promise); stack = Error: instance.not_found
    at WorkflowBinding.get (file:///Users/marcus/Developer/card-keepr/node_modules/.pnpm/miniflare@5.20260908.0-alpha/node_modules/miniflare/dist/src/workers/workflows/binding.worker.js:15150:13)
uncaught exception; source = Uncaught (in promise); stack = WorkflowError: (instance.cannot_terminate) Cannot terminate instance since its on a finite state
    at createWorkflowError (file:///Users/marcus/Developer/card-keepr/node_modules/.pnpm/miniflare@5.20260908.0-alpha/node_modules/miniflare/dist/src/workers/workflows/binding.worker.js:1374:10)
    at Engine.changeInstanceStatus (file:///Users/marcus/Developer/card-keepr/node_modules/.pnpm/miniflare@5.20260908.0-alpha/node_modules/miniflare/dist/src/workers/workflows/binding.worker.js:14752:17)
uncaught exception; source = Uncaught (in promise); stack = Error: WorkflowError: (instance.cannot_terminate) Cannot terminate instance since its on a finite state
    at async WorkflowHandle.terminate (file:///Users/marcus/Developer/card-keepr/node_modules/.pnpm/miniflare@5.20260908.0-alpha/node_modules/miniflare/dist/src/workers/workflows/binding.worker.js:15318:7)
uncaught exception; source = Uncaught (in promise); stack = Error: Engine was never started
    at Engine.getStatus (file:///Users/marcus/Developer/card-keepr/node_modules/.pnpm/miniflare@5.20260908.0-alpha/node_modules/miniflare/dist/src/workers/workflows/binding.worker.js:14493:15)
uncaught exception; source = Uncaught (in promise); stack = Error: Engine was never started
    at Engine.getStatus (file:///Users/marcus/Developer/card-keepr/node_modules/.pnpm/miniflare@5.20260908.0-alpha/node_modules/miniflare/dist/src/workers/workflows/binding.worker.js:14493:15)
uncaught exception; source = Uncaught (in promise); stack = Error: instance.not_found
    at WorkflowBinding.get (file:///Users/marcus/Developer/card-keepr/node_modules/.pnpm/miniflare@5.20260908.0-alpha/node_modules/miniflare/dist/src/workers/workflows/binding.worker.js:15150:13)
uncaught exception; exception = workerd/io/io-context.c++:1642: failed: jsg.Error: The Workers runtime canceled this request because it detected that your Worker's code had hung and would never generate a response. Refer to: https://developers.cloudflare.com/workers/observability/errors/
stack: 105ab537f
uncaught exception; exception = workerd/io/io-context.c++:1642: failed: jsg.Error: The Workers runtime canceled this request because it detected that your Worker's code had hung and would never generate a response. Refer to: https://developers.cloudflare.com/workers/observability/errors/
stack: 105ab537f
uncaught exception; exception = workerd/io/io-context.c++:1642: failed: jsg.Error: The Workers runtime canceled this request because it detected that your Worker's code had hung and would never generate a response. Refer to: https://developers.cloudflare.com/workers/observability/errors/
stack: 105ab537f
uncaught exception; exception = workerd/io/io-context.c++:1642: failed: jsg.Error: The Workers runtime canceled this request because it detected that your Worker's code had hung and would never generate a response. Refer to: https://developers.cloudflare.com/workers/observability/errors/
stack: 105ab537f
uncaught exception; source = Uncaught (in promise); stack = Error: Engine was never started
    at Engine.getStatus (file:///Users/marcus/Developer/card-keepr/node_modules/.pnpm/miniflare@5.20260908.0-alpha/node_modules/miniflare/dist/src/workers/workflows/binding.worker.js:14493:15)
uncaught exception; source = Uncaught (in promise); stack = Error: Engine was never started
    at Engine.getStatus (file:///Users/marcus/Developer/card-keepr/node_modules/.pnpm/miniflare@5.20260908.0-alpha/node_modules/miniflare/dist/src/workers/workflows/binding.worker.js:14493:15)
uncaught exception; source = Uncaught (in promise); stack = Error: instance.not_found
    at WorkflowBinding.get (file:///Users/marcus/Developer/card-keepr/node_modules/.pnpm/miniflare@5.20260908.0-alpha/node_modules/miniflare/dist/src/workers/workflows/binding.worker.js:15150:13)
uncaught exception; exception = workerd/io/io-context.c++:1642: failed: jsg.Error: The Workers runtime canceled this request because it detected that your Worker's code had hung and would never generate a response. Refer to: https://developers.cloudflare.com/workers/observability/errors/
stack: 105ab537f
uncaught exception; source = Uncaught (in promise); stack = Error: Engine was never started
    at Engine.getStatus (file:///Users/marcus/Developer/card-keepr/node_modules/.pnpm/miniflare@5.20260908.0-alpha/node_modules/miniflare/dist/src/workers/workflows/binding.worker.js:14493:15)
uncaught exception; source = Uncaught (in promise); stack = Error: Engine was never started
    at Engine.getStatus (file:///Users/marcus/Developer/card-keepr/node_modules/.pnpm/miniflare@5.20260908.0-alpha/node_modules/miniflare/dist/src/workers/workflows/binding.worker.js:14493:15)
uncaught exception; source = Uncaught (in promise); stack = Error: instance.not_found
    at WorkflowBinding.get (file:///Users/marcus/Developer/card-keepr/node_modules/.pnpm/miniflare@5.20260908.0-alpha/node_modules/miniflare/dist/src/workers/workflows/binding.worker.js:15150:13)
uncaught exception; source = Uncaught (in promise); stack = Error: Engine was never started
    at Engine.getStatus (file:///Users/marcus/Developer/card-keepr/node_modules/.pnpm/miniflare@5.20260908.0-alpha/node_modules/miniflare/dist/src/workers/workflows/binding.worker.js:14493:15)
uncaught exception; source = Uncaught (in promise); stack = Error: Engine was never started
    at Engine.getStatus (file:///Users/marcus/Developer/card-keepr/node_modules/.pnpm/miniflare@5.20260908.0-alpha/node_modules/miniflare/dist/src/workers/workflows/binding.worker.js:14493:15)
uncaught exception; source = Uncaught (in promise); stack = Error: instance.not_found
    at WorkflowBinding.get (file:///Users/marcus/Developer/card-keepr/node_modules/.pnpm/miniflare@5.20260908.0-alpha/node_modules/miniflare/dist/src/workers/workflows/binding.worker.js:15150:13)
uncaught exception; source = Uncaught (in promise); stack = Error: Engine was never started
    at Engine.getStatus (file:///Users/marcus/Developer/card-keepr/node_modules/.pnpm/miniflare@5.20260908.0-alpha/node_modules/miniflare/dist/src/workers/workflows/binding.worker.js:14493:15)
uncaught exception; source = Uncaught (in promise); stack = Error: Engine was never started
    at Engine.getStatus (file:///Users/marcus/Developer/card-keepr/node_modules/.pnpm/miniflare@5.20260908.0-alpha/node_modules/miniflare/dist/src/workers/workflows/binding.worker.js:14493:15)
uncaught exception; source = Uncaught (in promise); stack = Error: instance.not_found
    at WorkflowBinding.get (file:///Users/marcus/Developer/card-keepr/node_modules/.pnpm/miniflare@5.20260908.0-alpha/node_modules/miniflare/dist/src/workers/workflows/binding.worker.js:15150:13)
uncaught exception; source = Uncaught (in promise); stack = Error: Engine was never started
    at Engine.getStatus (file:///Users/marcus/Developer/card-keepr/node_modules/.pnpm/miniflare@5.20260908.0-alpha/node_modules/miniflare/dist/src/workers/workflows/binding.worker.js:14493:15)
uncaught exception; source = Uncaught (in promise); stack = Error: Engine was never started
    at Engine.getStatus (file:///Users/marcus/Developer/card-keepr/node_modules/.pnpm/miniflare@5.20260908.0-alpha/node_modules/miniflare/dist/src/workers/workflows/binding.worker.js:14493:15)
uncaught exception; source = Uncaught (in promise); stack = Error: instance.not_found
    at WorkflowBinding.get (file:///Users/marcus/Developer/card-keepr/node_modules/.pnpm/miniflare@5.20260908.0-alpha/node_modules/miniflare/dist/src/workers/workflows/binding.worker.js:15150:13)
uncaught exception; source = Uncaught (in promise); stack = Error: Engine was never started
    at Engine.getStatus (file:///Users/marcus/Developer/card-keepr/node_modules/.pnpm/miniflare@5.20260908.0-alpha/node_modules/miniflare/dist/src/workers/workflows/binding.worker.js:14493:15)
uncaught exception; source = Uncaught (in promise); stack = Error: Engine was never started
    at Engine.getStatus (file:///Users/marcus/Developer/card-keepr/node_modules/.pnpm/miniflare@5.20260908.0-alpha/node_modules/miniflare/dist/src/workers/workflows/binding.worker.js:14493:15)
uncaught exception; source = Uncaught (in promise); stack = Error: instance.not_found
    at WorkflowBinding.get (file:///Users/marcus/Developer/card-keepr/node_modules/.pnpm/miniflare@5.20260908.0-alpha/node_modules/miniflare/dist/src/workers/workflows/binding.worker.js:15150:13)
uncaught exception; source = Uncaught (in promise); stack = Error: Engine was never started
    at Engine.getStatus (file:///Users/marcus/Developer/card-keepr/node_modules/.pnpm/miniflare@5.20260908.0-alpha/node_modules/miniflare/dist/src/workers/workflows/binding.worker.js:14493:15)
uncaught exception; source = Uncaught (in promise); stack = Error: Engine was never started
    at Engine.getStatus (file:///Users/marcus/Developer/card-keepr/node_modules/.pnpm/miniflare@5.20260908.0-alpha/node_modules/miniflare/dist/src/workers/workflows/binding.worker.js:14493:15)
uncaught exception; source = Uncaught (in promise); stack = Error: instance.not_found
    at WorkflowBinding.get (file:///Users/marcus/Developer/card-keepr/node_modules/.pnpm/miniflare@5.20260908.0-alpha/node_modules/miniflare/dist/src/workers/workflows/binding.worker.js:15150:13)
uncaught exception; source = Uncaught (in promise); stack = Error: Engine was never started
    at Engine.getStatus (file:///Users/marcus/Developer/card-keepr/node_modules/.pnpm/miniflare@5.20260908.0-alpha/node_modules/miniflare/dist/src/workers/workflows/binding.worker.js:14493:15)
uncaught exception; source = Uncaught (in promise); stack = Error: Engine was never started
    at Engine.getStatus (file:///Users/marcus/Developer/card-keepr/node_modules/.pnpm/miniflare@5.20260908.0-alpha/node_modules/miniflare/dist/src/workers/workflows/binding.worker.js:14493:15)
uncaught exception; source = Uncaught (in promise); stack = Error: instance.not_found
    at WorkflowBinding.get (file:///Users/marcus/Developer/card-keepr/node_modules/.pnpm/miniflare@5.20260908.0-alpha/node_modules/miniflare/dist/src/workers/workflows/binding.worker.js:15150:13)
uncaught exception; exception = workerd/io/io-context.c++:1642: failed: jsg.Error: The Workers runtime canceled this request because it detected that your Worker's code had hung and would never generate a response. Refer to: https://developers.cloudflare.com/workers/observability/errors/
stack: 101c3937f
uncaught exception; source = Uncaught (in promise); stack = Error: Engine was never started
    at Engine.getStatus (file:///Users/marcus/Developer/card-keepr/node_modules/.pnpm/miniflare@5.20260908.0-alpha/node_modules/miniflare/dist/src/workers/workflows/binding.worker.js:14493:15)
uncaught exception; source = Uncaught (in promise); stack = Error: Engine was never started
    at Engine.getStatus (file:///Users/marcus/Developer/card-keepr/node_modules/.pnpm/miniflare@5.20260908.0-alpha/node_modules/miniflare/dist/src/workers/workflows/binding.worker.js:14493:15)
uncaught exception; source = Uncaught (in promise); stack = Error: instance.not_found
    at WorkflowBinding.get (file:///Users/marcus/Developer/card-keepr/node_modules/.pnpm/miniflare@5.20260908.0-alpha/node_modules/miniflare/dist/src/workers/workflows/binding.worker.js:15150:13)
uncaught exception; exception = workerd/io/io-context.c++:1642: failed: jsg.Error: The Workers runtime canceled this request because it detected that your Worker's code had hung and would never generate a response. Refer to: https://developers.cloudflare.com/workers/observability/errors/
stack: 105ab537f
uncaught exception; source = Uncaught (in promise); stack = Error: Engine was never started
    at Engine.getStatus (file:///Users/marcus/Developer/card-keepr/node_modules/.pnpm/miniflare@5.20260908.0-alpha/node_modules/miniflare/dist/src/workers/workflows/binding.worker.js:14493:15)
uncaught exception; source = Uncaught (in promise); stack = Error: Engine was never started
    at Engine.getStatus (file:///Users/marcus/Developer/card-keepr/node_modules/.pnpm/miniflare@5.20260908.0-alpha/node_modules/miniflare/dist/src/workers/workflows/binding.worker.js:14493:15)
uncaught exception; source = Uncaught (in promise); stack = Error: instance.not_found
    at WorkflowBinding.get (file:///Users/marcus/Developer/card-keepr/node_modules/.pnpm/miniflare@5.20260908.0-alpha/node_modules/miniflare/dist/src/workers/workflows/binding.worker.js:15150:13)
uncaught exception; exception = workerd/api/actor-state.c++:1197: failed: broken.outputGateBroken; jsg.Error: Aborting engine: User called terminate
stack: 105ab537f
uncaught exception; exception = workerd/api/actor-state.c++:1197: failed: broken.outputGateBroken; jsg.Error: Aborting engine: User called terminate
stack: 105ab537f
uncaught exception; exception = workerd/api/actor-state.c++:1197: failed: broken.outputGateBroken; jsg.Error: Aborting engine: User called terminate
stack: 105ab537f
uncaught exception; source = Uncaught (in promise); stack = WorkflowError: (instance.cannot_terminate) Cannot terminate instance since its on a finite state
    at createWorkflowError (file:///Users/marcus/Developer/card-keepr/node_modules/.pnpm/miniflare@5.20260908.0-alpha/node_modules/miniflare/dist/src/workers/workflows/binding.worker.js:1374:10)
    at Engine.changeInstanceStatus (file:///Users/marcus/Developer/card-keepr/node_modules/.pnpm/miniflare@5.20260908.0-alpha/node_modules/miniflare/dist/src/workers/workflows/binding.worker.js:14752:17)
uncaught exception; source = Uncaught (in promise); stack = Error: WorkflowError: (instance.cannot_terminate) Cannot terminate instance since its on a finite state
    at async WorkflowHandle.terminate (file:///Users/marcus/Developer/card-keepr/node_modules/.pnpm/miniflare@5.20260908.0-alpha/node_modules/miniflare/dist/src/workers/workflows/binding.worker.js:15318:7)
uncaught exception; exception = workerd/io/io-context.c++:1642: failed: jsg.Error: The Workers runtime canceled this request because it detected that your Worker's code had hung and would never generate a response. Refer to: https://developers.cloudflare.com/workers/observability/errors/
stack: 105ab537f
uncaught exception; source = Uncaught (in promise); stack = Error: Engine was never started
    at Engine.getStatus (file:///Users/marcus/Developer/card-keepr/node_modules/.pnpm/miniflare@5.20260908.0-alpha/node_modules/miniflare/dist/src/workers/workflows/binding.worker.js:14493:15)
uncaught exception; source = Uncaught (in promise); stack = Error: Engine was never started
    at Engine.getStatus (file:///Users/marcus/Developer/card-keepr/node_modules/.pnpm/miniflare@5.20260908.0-alpha/node_modules/miniflare/dist/src/workers/workflows/binding.worker.js:14493:15)
uncaught exception; source = Uncaught (in promise); stack = Error: instance.not_found
    at WorkflowBinding.get (file:///Users/marcus/Developer/card-keepr/node_modules/.pnpm/miniflare@5.20260908.0-alpha/node_modules/miniflare/dist/src/workers/workflows/binding.worker.js:15150:13)
uncaught exception; exception = workerd/io/io-context.c++:1642: failed: jsg.Error: The Workers runtime canceled this request because it detected that your Worker's code had hung and would never generate a response. Refer to: https://developers.cloudflare.com/workers/observability/errors/
stack: 101c3937f
uncaught exception; exception = workerd/io/io-context.c++:1642: failed: jsg.Error: The Workers runtime canceled this request because it detected that your Worker's code had hung and would never generate a response. Refer to: https://developers.cloudflare.com/workers/observability/errors/
stack: 101c3937f
uncaught exception; exception = workerd/io/io-context.c++:1642: failed: jsg.Error: The Workers runtime canceled this request because it detected that your Worker's code had hung and would never generate a response. Refer to: https://developers.cloudflare.com/workers/observability/errors/
stack: 101c3937f
uncaught exception; exception = workerd/io/io-context.c++:1642: failed: jsg.Error: The Workers runtime canceled this request because it detected that your Worker's code had hung and would never generate a response. Refer to: https://developers.cloudflare.com/workers/observability/errors/
stack: 101c3937f
uncaught exception; exception = workerd/io/io-context.c++:1642: failed: jsg.Error: The Workers runtime canceled this request because it detected that your Worker's code had hung and would never generate a response. Refer to: https://developers.cloudflare.com/workers/observability/errors/
stack: 101c3937f
uncaught exception; source = Uncaught (in promise); stack = Error: Engine was never started
    at Engine.getStatus (file:///Users/marcus/Developer/card-keepr/node_modules/.pnpm/miniflare@5.20260908.0-alpha/node_modules/miniflare/dist/src/workers/workflows/binding.worker.js:14493:15)
uncaught exception; source = Uncaught (in promise); stack = Error: Engine was never started
    at Engine.getStatus (file:///Users/marcus/Developer/card-keepr/node_modules/.pnpm/miniflare@5.20260908.0-alpha/node_modules/miniflare/dist/src/workers/workflows/binding.worker.js:14493:15)
uncaught exception; source = Uncaught (in promise); stack = Error: instance.not_found
    at WorkflowBinding.get (file:///Users/marcus/Developer/card-keepr/node_modules/.pnpm/miniflare@5.20260908.0-alpha/node_modules/miniflare/dist/src/workers/workflows/binding.worker.js:15150:13)
uncaught exception; source = Uncaught (in promise); stack = Error: Engine was never started
    at Engine.getStatus (file:///Users/marcus/Developer/card-keepr/node_modules/.pnpm/miniflare@5.20260908.0-alpha/node_modules/miniflare/dist/src/workers/workflows/binding.worker.js:14493:15)
uncaught exception; source = Uncaught (in promise); stack = Error: Engine was never started
    at Engine.getStatus (file:///Users/marcus/Developer/card-keepr/node_modules/.pnpm/miniflare@5.20260908.0-alpha/node_modules/miniflare/dist/src/workers/workflows/binding.worker.js:14493:15)
uncaught exception; source = Uncaught (in promise); stack = Error: instance.not_found
    at WorkflowBinding.get (file:///Users/marcus/Developer/card-keepr/node_modules/.pnpm/miniflare@5.20260908.0-alpha/node_modules/miniflare/dist/src/workers/workflows/binding.worker.js:15150:13)
uncaught exception; exception = workerd/io/io-context.c++:1642: failed: jsg.Error: The Workers runtime canceled this request because it detected that your Worker's code had hung and would never generate a response. Refer to: https://developers.cloudflare.com/workers/observability/errors/
stack: 105ab537f
uncaught exception; source = Uncaught (in promise); stack = Error: Engine was never started
    at Engine.getStatus (file:///Users/marcus/Developer/card-keepr/node_modules/.pnpm/miniflare@5.20260908.0-alpha/node_modules/miniflare/dist/src/workers/workflows/binding.worker.js:14493:15)
uncaught exception; source = Uncaught (in promise); stack = Error: Engine was never started
    at Engine.getStatus (file:///Users/marcus/Developer/card-keepr/node_modules/.pnpm/miniflare@5.20260908.0-alpha/node_modules/miniflare/dist/src/workers/workflows/binding.worker.js:14493:15)
uncaught exception; source = Uncaught (in promise); stack = Error: instance.not_found
    at WorkflowBinding.get (file:///Users/marcus/Developer/card-keepr/node_modules/.pnpm/miniflare@5.20260908.0-alpha/node_modules/miniflare/dist/src/workers/workflows/binding.worker.js:15150:13)
uncaught exception; exception = workerd/io/io-context.c++:1642: failed: jsg.Error: The Workers runtime canceled this request because it detected that your Worker's code had hung and would never generate a response. Refer to: https://developers.cloudflare.com/workers/observability/errors/
stack: 105ab537f
uncaught exception; source = Uncaught (in promise); stack = Error: Engine was never started
    at Engine.getStatus (file:///Users/marcus/Developer/card-keepr/node_modules/.pnpm/miniflare@5.20260908.0-alpha/node_modules/miniflare/dist/src/workers/workflows/binding.worker.js:14493:15)
uncaught exception; source = Uncaught (in promise); stack = Error: Engine was never started
    at Engine.getStatus (file:///Users/marcus/Developer/card-keepr/node_modules/.pnpm/miniflare@5.20260908.0-alpha/node_modules/miniflare/dist/src/workers/workflows/binding.worker.js:14493:15)
uncaught exception; source = Uncaught (in promise); stack = Error: instance.not_found
    at WorkflowBinding.get (file:///Users/marcus/Developer/card-keepr/node_modules/.pnpm/miniflare@5.20260908.0-alpha/node_modules/miniflare/dist/src/workers/workflows/binding.worker.js:15150:13)
uncaught exception; exception = workerd/io/io-context.c++:1642: failed: jsg.Error: The Workers runtime canceled this request because it detected that your Worker's code had hung and would never generate a response. Refer to: https://developers.cloudflare.com/workers/observability/errors/
stack: 1017a137f
uncaught exception; source = Uncaught (in promise); stack = Error: Engine was never started
    at Engine.getStatus (file:///Users/marcus/Developer/card-keepr/node_modules/.pnpm/miniflare@5.20260908.0-alpha/node_modules/miniflare/dist/src/workers/workflows/binding.worker.js:14493:15)
uncaught exception; source = Uncaught (in promise); stack = Error: Engine was never started
    at Engine.getStatus (file:///Users/marcus/Developer/card-keepr/node_modules/.pnpm/miniflare@5.20260908.0-alpha/node_modules/miniflare/dist/src/workers/workflows/binding.worker.js:14493:15)
uncaught exception; source = Uncaught (in promise); stack = Error: instance.not_found
    at WorkflowBinding.get (file:///Users/marcus/Developer/card-keepr/node_modules/.pnpm/miniflare@5.20260908.0-alpha/node_modules/miniflare/dist/src/workers/workflows/binding.worker.js:15150:13)
uncaught exception; source = Uncaught (in promise); stack = Error: Engine was never started
    at Engine.getStatus (file:///Users/marcus/Developer/card-keepr/node_modules/.pnpm/miniflare@5.20260908.0-alpha/node_modules/miniflare/dist/src/workers/workflows/binding.worker.js:14493:15)
uncaught exception; source = Uncaught (in promise); stack = Error: Engine was never started
    at Engine.getStatus (file:///Users/marcus/Developer/card-keepr/node_modules/.pnpm/miniflare@5.20260908.0-alpha/node_modules/miniflare/dist/src/workers/workflows/binding.worker.js:14493:15)
uncaught exception; source = Uncaught (in promise); stack = Error: instance.not_found
    at WorkflowBinding.get (file:///Users/marcus/Developer/card-keepr/node_modules/.pnpm/miniflare@5.20260908.0-alpha/node_modules/miniflare/dist/src/workers/workflows/binding.worker.js:15150:13)
uncaught exception; exception = workerd/io/io-context.c++:1642: failed: jsg.Error: The Workers runtime canceled this request because it detected that your Worker's code had hung and would never generate a response. Refer to: https://developers.cloudflare.com/workers/observability/errors/
stack: 1017a137f
uncaught exception; source = Uncaught (in promise); stack = Error: Engine was never started
    at Engine.getStatus (file:///Users/marcus/Developer/card-keepr/node_modules/.pnpm/miniflare@5.20260908.0-alpha/node_modules/miniflare/dist/src/workers/workflows/binding.worker.js:14493:15)
uncaught exception; source = Uncaught (in promise); stack = Error: Engine was never started
    at Engine.getStatus (file:///Users/marcus/Developer/card-keepr/node_modules/.pnpm/miniflare@5.20260908.0-alpha/node_modules/miniflare/dist/src/workers/workflows/binding.worker.js:14493:15)
uncaught exception; source = Uncaught (in promise); stack = Error: instance.not_found
    at WorkflowBinding.get (file:///Users/marcus/Developer/card-keepr/node_modules/.pnpm/miniflare@5.20260908.0-alpha/node_modules/miniflare/dist/src/workers/workflows/binding.worker.js:15150:13)
uncaught exception; source = Uncaught (in promise); stack = WorkflowError: (instance.cannot_terminate) Cannot terminate instance since its on a finite state
    at createWorkflowError (file:///Users/marcus/Developer/card-keepr/node_modules/.pnpm/miniflare@5.20260908.0-alpha/node_modules/miniflare/dist/src/workers/workflows/binding.worker.js:1374:10)
    at Engine.changeInstanceStatus (file:///Users/marcus/Developer/card-keepr/node_modules/.pnpm/miniflare@5.20260908.0-alpha/node_modules/miniflare/dist/src/workers/workflows/binding.worker.js:14752:17)
uncaught exception; source = Uncaught (in promise); stack = Error: WorkflowError: (instance.cannot_terminate) Cannot terminate instance since its on a finite state
    at async WorkflowHandle.terminate (file:///Users/marcus/Developer/card-keepr/node_modules/.pnpm/miniflare@5.20260908.0-alpha/node_modules/miniflare/dist/src/workers/workflows/binding.worker.js:15318:7)
uncaught exception; exception = workerd/api/actor-state.c++:1197: failed: broken.outputGateBroken; jsg.Error: Aborting engine: User called terminate
stack: 1017a137f
uncaught exception; exception = workerd/api/actor-state.c++:1197: failed: broken.outputGateBroken; jsg.Error: Aborting engine: User called terminate
stack: 1017a137f
uncaught exception; exception = workerd/api/actor-state.c++:1197: failed: broken.outputGateBroken; jsg.Error: Aborting engine: User called terminate
stack: 1017a137f
uncaught exception; source = Uncaught (in promise); stack = Error: Engine was never started
    at Engine.getStatus (file:///Users/marcus/Developer/card-keepr/node_modules/.pnpm/miniflare@5.20260908.0-alpha/node_modules/miniflare/dist/src/workers/workflows/binding.worker.js:14493:15)
uncaught exception; source = Uncaught (in promise); stack = Error: Engine was never started
    at Engine.getStatus (file:///Users/marcus/Developer/card-keepr/node_modules/.pnpm/miniflare@5.20260908.0-alpha/node_modules/miniflare/dist/src/workers/workflows/binding.worker.js:14493:15)
uncaught exception; source = Uncaught (in promise); stack = Error: instance.not_found
    at WorkflowBinding.get (file:///Users/marcus/Developer/card-keepr/node_modules/.pnpm/miniflare@5.20260908.0-alpha/node_modules/miniflare/dist/src/workers/workflows/binding.worker.js:15150:13)
uncaught exception; source = Uncaught (in promise); stack = Error: Engine was never started
    at Engine.getStatus (file:///Users/marcus/Developer/card-keepr/node_modules/.pnpm/miniflare@5.20260908.0-alpha/node_modules/miniflare/dist/src/workers/workflows/binding.worker.js:14493:15)
uncaught exception; source = Uncaught (in promise); stack = Error: Engine was never started
    at Engine.getStatus (file:///Users/marcus/Developer/card-keepr/node_modules/.pnpm/miniflare@5.20260908.0-alpha/node_modules/miniflare/dist/src/workers/workflows/binding.worker.js:14493:15)
uncaught exception; source = Uncaught (in promise); stack = Error: instance.not_found
    at WorkflowBinding.get (file:///Users/marcus/Developer/card-keepr/node_modules/.pnpm/miniflare@5.20260908.0-alpha/node_modules/miniflare/dist/src/workers/workflows/binding.worker.js:15150:13)
uncaught exception; exception = workerd/io/io-context.c++:1642: failed: jsg.Error: The Workers runtime canceled this request because it detected that your Worker's code had hung and would never generate a response. Refer to: https://developers.cloudflare.com/workers/observability/errors/
stack: 1017a137f
uncaught exception; exception = workerd/io/io-context.c++:1642: failed: jsg.Error: The Workers runtime canceled this request because it detected that your Worker's code had hung and would never generate a response. Refer to: https://developers.cloudflare.com/workers/observability/errors/
stack: 1017a137f
uncaught exception; exception = workerd/io/io-context.c++:1642: failed: jsg.Error: The Workers runtime canceled this request because it detected that your Worker's code had hung and would never generate a response. Refer to: https://developers.cloudflare.com/workers/observability/errors/
stack: 1017a137f
uncaught exception; source = Uncaught (in promise); stack = Error: Engine was never started
    at Engine.getStatus (file:///Users/marcus/Developer/card-keepr/node_modules/.pnpm/miniflare@5.20260908.0-alpha/node_modules/miniflare/dist/src/workers/workflows/binding.worker.js:14493:15)
uncaught exception; source = Uncaught (in promise); stack = Error: Engine was never started
    at Engine.getStatus (file:///Users/marcus/Developer/card-keepr/node_modules/.pnpm/miniflare@5.20260908.0-alpha/node_modules/miniflare/dist/src/workers/workflows/binding.worker.js:14493:15)
uncaught exception; source = Uncaught (in promise); stack = Error: instance.not_found
    at WorkflowBinding.get (file:///Users/marcus/Developer/card-keepr/node_modules/.pnpm/miniflare@5.20260908.0-alpha/node_modules/miniflare/dist/src/workers/workflows/binding.worker.js:15150:13)
uncaught exception; exception = workerd/io/io-context.c++:1642: failed: jsg.Error: The Workers runtime canceled this request because it detected that your Worker's code had hung and would never generate a response. Refer to: https://developers.cloudflare.com/workers/observability/errors/
stack: 1017a137f
uncaught exception; source = Uncaught (in promise); stack = Error: Engine was never started
    at Engine.getStatus (file:///Users/marcus/Developer/card-keepr/node_modules/.pnpm/miniflare@5.20260908.0-alpha/node_modules/miniflare/dist/src/workers/workflows/binding.worker.js:14493:15)
uncaught exception; source = Uncaught (in promise); stack = Error: Engine was never started
    at Engine.getStatus (file:///Users/marcus/Developer/card-keepr/node_modules/.pnpm/miniflare@5.20260908.0-alpha/node_modules/miniflare/dist/src/workers/workflows/binding.worker.js:14493:15)
uncaught exception; source = Uncaught (in promise); stack = Error: instance.not_found
    at WorkflowBinding.get (file:///Users/marcus/Developer/card-keepr/node_modules/.pnpm/miniflare@5.20260908.0-alpha/node_modules/miniflare/dist/src/workers/workflows/binding.worker.js:15150:13)
uncaught exception; exception = workerd/io/io-context.c++:1642: failed: jsg.Error: The Workers runtime canceled this request because it detected that your Worker's code had hung and would never generate a response. Refer to: https://developers.cloudflare.com/workers/observability/errors/
stack: 1017a137f
uncaught exception; source = Uncaught (in promise); stack = Error: Engine was never started
    at Engine.getStatus (file:///Users/marcus/Developer/card-keepr/node_modules/.pnpm/miniflare@5.20260908.0-alpha/node_modules/miniflare/dist/src/workers/workflows/binding.worker.js:14493:15)
uncaught exception; source = Uncaught (in promise); stack = Error: Engine was never started
    at Engine.getStatus (file:///Users/marcus/Developer/card-keepr/node_modules/.pnpm/miniflare@5.20260908.0-alpha/node_modules/miniflare/dist/src/workers/workflows/binding.worker.js:14493:15)
uncaught exception; source = Uncaught (in promise); stack = Error: Engine was never started
    at Engine.getStatus (file:///Users/marcus/Developer/card-keepr/node_modules/.pnpm/miniflare@5.20260908.0-alpha/node_modules/miniflare/dist/src/workers/workflows/binding.worker.js:14493:15)
uncaught exception; source = Uncaught (in promise); stack = Error: Engine was never started
    at Engine.getStatus (file:///Users/marcus/Developer/card-keepr/node_modules/.pnpm/miniflare@5.20260908.0-alpha/node_modules/miniflare/dist/src/workers/workflows/binding.worker.js:14493:15)
uncaught exception; source = Uncaught (in promise); stack = Error: instance.not_found
    at WorkflowBinding.get (file:///Users/marcus/Developer/card-keepr/node_modules/.pnpm/miniflare@5.20260908.0-alpha/node_modules/miniflare/dist/src/workers/workflows/binding.worker.js:15150:13)
uncaught exception; source = Uncaught (in promise); stack = Error: instance.not_found
    at WorkflowBinding.get (file:///Users/marcus/Developer/card-keepr/node_modules/.pnpm/miniflare@5.20260908.0-alpha/node_modules/miniflare/dist/src/workers/workflows/binding.worker.js:15150:13)
uncaught exception; exception = workerd/io/io-context.c++:1642: failed: jsg.Error: The Workers runtime canceled this request because it detected that your Worker's code had hung and would never generate a response. Refer to: https://developers.cloudflare.com/workers/observability/errors/
stack: 1017a137f
uncaught exception; source = Uncaught (in promise); stack = WorkflowError: (instance.cannot_terminate) Cannot terminate instance since its on a finite state
    at createWorkflowError (file:///Users/marcus/Developer/card-keepr/node_modules/.pnpm/miniflare@5.20260908.0-alpha/node_modules/miniflare/dist/src/workers/workflows/binding.worker.js:1374:10)
    at Engine.changeInstanceStatus (file:///Users/marcus/Developer/card-keepr/node_modules/.pnpm/miniflare@5.20260908.0-alpha/node_modules/miniflare/dist/src/workers/workflows/binding.worker.js:14752:17)
uncaught exception; source = Uncaught (in promise); stack = WorkflowError: (instance.cannot_terminate) Cannot terminate instance since its on a finite state
    at createWorkflowError (file:///Users/marcus/Developer/card-keepr/node_modules/.pnpm/miniflare@5.20260908.0-alpha/node_modules/miniflare/dist/src/workers/workflows/binding.worker.js:1374:10)
    at Engine.changeInstanceStatus (file:///Users/marcus/Developer/card-keepr/node_modules/.pnpm/miniflare@5.20260908.0-alpha/node_modules/miniflare/dist/src/workers/workflows/binding.worker.js:14752:17)
uncaught exception; source = Uncaught (in promise); stack = Error: WorkflowError: (instance.cannot_terminate) Cannot terminate instance since its on a finite state
    at async WorkflowHandle.terminate (file:///Users/marcus/Developer/card-keepr/node_modules/.pnpm/miniflare@5.20260908.0-alpha/node_modules/miniflare/dist/src/workers/workflows/binding.worker.js:15318:7)
uncaught exception; source = Uncaught (in promise); stack = Error: WorkflowError: (instance.cannot_terminate) Cannot terminate instance since its on a finite state
    at async WorkflowHandle.terminate (file:///Users/marcus/Developer/card-keepr/node_modules/.pnpm/miniflare@5.20260908.0-alpha/node_modules/miniflare/dist/src/workers/workflows/binding.worker.js:15318:7)
uncaught exception; exception = workerd/api/actor-state.c++:1197: failed: broken.outputGateBroken; jsg.Error: Aborting engine: User called terminate
stack: 1017a137f
uncaught exception; exception = workerd/api/actor-state.c++:1197: failed: broken.outputGateBroken; jsg.Error: Aborting engine: User called terminate
stack: 1017a137f
uncaught exception; exception = workerd/api/actor-state.c++:1197: failed: broken.outputGateBroken; jsg.Error: Aborting engine: User called terminate
stack: 1017a137f
uncaught exception; source = Uncaught (in promise); stack = Error: Engine was never started
    at Engine.getStatus (file:///Users/marcus/Developer/card-keepr/node_modules/.pnpm/miniflare@5.20260908.0-alpha/node_modules/miniflare/dist/src/workers/workflows/binding.worker.js:14493:15)
uncaught exception; source = Uncaught (in promise); stack = Error: Engine was never started
    at Engine.getStatus (file:///Users/marcus/Developer/card-keepr/node_modules/.pnpm/miniflare@5.20260908.0-alpha/node_modules/miniflare/dist/src/workers/workflows/binding.worker.js:14493:15)
uncaught exception; source = Uncaught (in promise); stack = Error: instance.not_found
    at WorkflowBinding.get (file:///Users/marcus/Developer/card-keepr/node_modules/.pnpm/miniflare@5.20260908.0-alpha/node_modules/miniflare/dist/src/workers/workflows/binding.worker.js:15150:13)
uncaught exception; exception = workerd/io/io-context.c++:1642: failed: jsg.Error: The Workers runtime canceled this request because it detected that your Worker's code had hung and would never generate a response. Refer to: https://developers.cloudflare.com/workers/observability/errors/
stack: 1017a137f
uncaught exception; exception = workerd/io/io-context.c++:1642: failed: jsg.Error: The Workers runtime canceled this request because it detected that your Worker's code had hung and would never generate a response. Refer to: https://developers.cloudflare.com/workers/observability/errors/
stack: 1017a137f
uncaught exception; exception = workerd/io/io-context.c++:1642: failed: jsg.Error: The Workers runtime canceled this request because it detected that your Worker's code had hung and would never generate a response. Refer to: https://developers.cloudflare.com/workers/observability/errors/
stack: 1017a137f
uncaught exception; source = Uncaught (in promise); stack = Error: Engine was never started
    at Engine.getStatus (file:///Users/marcus/Developer/card-keepr/node_modules/.pnpm/miniflare@5.20260908.0-alpha/node_modules/miniflare/dist/src/workers/workflows/binding.worker.js:14493:15)
uncaught exception; source = Uncaught (in promise); stack = Error: Engine was never started
    at Engine.getStatus (file:///Users/marcus/Developer/card-keepr/node_modules/.pnpm/miniflare@5.20260908.0-alpha/node_modules/miniflare/dist/src/workers/workflows/binding.worker.js:14493:15)
uncaught exception; source = Uncaught (in promise); stack = Error: instance.not_found
    at WorkflowBinding.get (file:///Users/marcus/Developer/card-keepr/node_modules/.pnpm/miniflare@5.20260908.0-alpha/node_modules/miniflare/dist/src/workers/workflows/binding.worker.js:15150:13)
uncaught exception; exception = workerd/io/io-context.c++:1642: failed: jsg.Error: The Workers runtime canceled this request because it detected that your Worker's code had hung and would never generate a response. Refer to: https://developers.cloudflare.com/workers/observability/errors/
stack: 1017a137f
uncaught exception; exception = workerd/io/io-context.c++:1642: failed: jsg.Error: The Workers runtime canceled this request because it detected that your Worker's code had hung and would never generate a response. Refer to: https://developers.cloudflare.com/workers/observability/errors/
stack: 1011cd37f
uncaught exception; source = Uncaught (in promise); stack = Error: Engine was never started
    at Engine.getStatus (file:///Users/marcus/Developer/card-keepr/node_modules/.pnpm/miniflare@5.20260908.0-alpha/node_modules/miniflare/dist/src/workers/workflows/binding.worker.js:14493:15)
uncaught exception; source = Uncaught (in promise); stack = Error: Engine was never started
    at Engine.getStatus (file:///Users/marcus/Developer/card-keepr/node_modules/.pnpm/miniflare@5.20260908.0-alpha/node_modules/miniflare/dist/src/workers/workflows/binding.worker.js:14493:15)
uncaught exception; source = Uncaught (in promise); stack = Error: instance.not_found
    at WorkflowBinding.get (file:///Users/marcus/Developer/card-keepr/node_modules/.pnpm/miniflare@5.20260908.0-alpha/node_modules/miniflare/dist/src/workers/workflows/binding.worker.js:15150:13)
uncaught exception; exception = workerd/io/io-context.c++:1642: failed: jsg.Error: The Workers runtime canceled this request because it detected that your Worker's code had hung and would never generate a response. Refer to: https://developers.cloudflare.com/workers/observability/errors/
stack: 1017a137f
uncaught exception; source = Uncaught (in promise); stack = Error: Engine was never started
    at Engine.getStatus (file:///Users/marcus/Developer/card-keepr/node_modules/.pnpm/miniflare@5.20260908.0-alpha/node_modules/miniflare/dist/src/workers/workflows/binding.worker.js:14493:15)
uncaught exception; source = Uncaught (in promise); stack = Error: Engine was never started
    at Engine.getStatus (file:///Users/marcus/Developer/card-keepr/node_modules/.pnpm/miniflare@5.20260908.0-alpha/node_modules/miniflare/dist/src/workers/workflows/binding.worker.js:14493:15)
uncaught exception; source = Uncaught (in promise); stack = Error: instance.not_found
    at WorkflowBinding.get (file:///Users/marcus/Developer/card-keepr/node_modules/.pnpm/miniflare@5.20260908.0-alpha/node_modules/miniflare/dist/src/workers/workflows/binding.worker.js:15150:13)
console warning; message = Called .text() on an HTTP body which does not appear to be text. The body's Content-Type is "application/octet-stream". The result will probably be corrupted. Consider checking the Content-Type header before interpreting entities as text.
uncaught exception; source = Uncaught (in promise); stack = Error: Engine was never started
    at Engine.getStatus (file:///Users/marcus/Developer/card-keepr/node_modules/.pnpm/miniflare@5.20260908.0-alpha/node_modules/miniflare/dist/src/workers/workflows/binding.worker.js:14493:15)
uncaught exception; source = Uncaught (in promise); stack = Error: Engine was never started
    at Engine.getStatus (file:///Users/marcus/Developer/card-keepr/node_modules/.pnpm/miniflare@5.20260908.0-alpha/node_modules/miniflare/dist/src/workers/workflows/binding.worker.js:14493:15)
uncaught exception; source = Uncaught (in promise); stack = Error: instance.not_found
    at WorkflowBinding.get (file:///Users/marcus/Developer/card-keepr/node_modules/.pnpm/miniflare@5.20260908.0-alpha/node_modules/miniflare/dist/src/workers/workflows/binding.worker.js:15150:13)
uncaught exception; exception = workerd/io/io-context.c++:1642: failed: jsg.Error: The Workers runtime canceled this request because it detected that your Worker's code had hung and would never generate a response. Refer to: https://developers.cloudflare.com/workers/observability/errors/
stack: 105a9d37f
uncaught exception; source = Uncaught (in promise); stack = Error: Engine was never started
    at Engine.getStatus (file:///Users/marcus/Developer/card-keepr/node_modules/.pnpm/miniflare@5.20260908.0-alpha/node_modules/miniflare/dist/src/workers/workflows/binding.worker.js:14493:15)
uncaught exception; source = Uncaught (in promise); stack = Error: Engine was never started
    at Engine.getStatus (file:///Users/marcus/Developer/card-keepr/node_modules/.pnpm/miniflare@5.20260908.0-alpha/node_modules/miniflare/dist/src/workers/workflows/binding.worker.js:14493:15)
uncaught exception; source = Uncaught (in promise); stack = Error: instance.not_found
    at WorkflowBinding.get (file:///Users/marcus/Developer/card-keepr/node_modules/.pnpm/miniflare@5.20260908.0-alpha/node_modules/miniflare/dist/src/workers/workflows/binding.worker.js:15150:13)
uncaught exception; source = Uncaught (in promise); stack = WorkflowError: (instance.cannot_terminate) Cannot terminate instance since its on a finite state
    at createWorkflowError (file:///Users/marcus/Developer/card-keepr/node_modules/.pnpm/miniflare@5.20260908.0-alpha/node_modules/miniflare/dist/src/workers/workflows/binding.worker.js:1374:10)
    at Engine.changeInstanceStatus (file:///Users/marcus/Developer/card-keepr/node_modules/.pnpm/miniflare@5.20260908.0-alpha/node_modules/miniflare/dist/src/workers/workflows/binding.worker.js:14752:17)
uncaught exception; source = Uncaught (in promise); stack = Error: WorkflowError: (instance.cannot_terminate) Cannot terminate instance since its on a finite state
    at async WorkflowHandle.terminate (file:///Users/marcus/Developer/card-keepr/node_modules/.pnpm/miniflare@5.20260908.0-alpha/node_modules/miniflare/dist/src/workers/workflows/binding.worker.js:15318:7)
uncaught exception; exception = workerd/api/actor-state.c++:1197: failed: broken.outputGateBroken; jsg.Error: Aborting engine: User called terminate
stack: 105a9d37f
uncaught exception; exception = workerd/api/actor-state.c++:1197: failed: broken.outputGateBroken; jsg.Error: Aborting engine: User called terminate
stack: 105a9d37f
uncaught exception; exception = workerd/api/actor-state.c++:1197: failed: broken.outputGateBroken; jsg.Error: Aborting engine: User called terminate
stack: 105a9d37f
uncaught exception; source = Uncaught (in promise); stack = Error: Engine was never started
    at Engine.getStatus (file:///Users/marcus/Developer/card-keepr/node_modules/.pnpm/miniflare@5.20260908.0-alpha/node_modules/miniflare/dist/src/workers/workflows/binding.worker.js:14493:15)
uncaught exception; source = Uncaught (in promise); stack = Error: Engine was never started
    at Engine.getStatus (file:///Users/marcus/Developer/card-keepr/node_modules/.pnpm/miniflare@5.20260908.0-alpha/node_modules/miniflare/dist/src/workers/workflows/binding.worker.js:14493:15)
uncaught exception; source = Uncaught (in promise); stack = Error: instance.not_found
    at WorkflowBinding.get (file:///Users/marcus/Developer/card-keepr/node_modules/.pnpm/miniflare@5.20260908.0-alpha/node_modules/miniflare/dist/src/workers/workflows/binding.worker.js:15150:13)
uncaught exception; exception = workerd/io/io-context.c++:1642: failed: jsg.Error: The Workers runtime canceled this request because it detected that your Worker's code had hung and would never generate a response. Refer to: https://developers.cloudflare.com/workers/observability/errors/
stack: 105a9d37f
uncaught exception; exception = workerd/io/io-context.c++:1642: failed: jsg.Error: The Workers runtime canceled this request because it detected that your Worker's code had hung and would never generate a response. Refer to: https://developers.cloudflare.com/workers/observability/errors/
stack: 105a9d37f
uncaught exception; source = Uncaught (in promise); stack = Error: Engine was never started
    at Engine.getStatus (file:///Users/marcus/Developer/card-keepr/node_modules/.pnpm/miniflare@5.20260908.0-alpha/node_modules/miniflare/dist/src/workers/workflows/binding.worker.js:14493:15)
uncaught exception; source = Uncaught (in promise); stack = Error: Engine was never started
    at Engine.getStatus (file:///Users/marcus/Developer/card-keepr/node_modules/.pnpm/miniflare@5.20260908.0-alpha/node_modules/miniflare/dist/src/workers/workflows/binding.worker.js:14493:15)
uncaught exception; source = Uncaught (in promise); stack = Error: instance.not_found
    at WorkflowBinding.get (file:///Users/marcus/Developer/card-keepr/node_modules/.pnpm/miniflare@5.20260908.0-alpha/node_modules/miniflare/dist/src/workers/workflows/binding.worker.js:15150:13)
uncaught exception; exception = workerd/io/io-context.c++:1642: failed: jsg.Error: The Workers runtime canceled this request because it detected that your Worker's code had hung and would never generate a response. Refer to: https://developers.cloudflare.com/workers/observability/errors/
stack: 105a9d37f
uncaught exception; source = Uncaught (in promise); stack = Error: Engine was never started
    at Engine.getStatus (file:///Users/marcus/Developer/card-keepr/node_modules/.pnpm/miniflare@5.20260908.0-alpha/node_modules/miniflare/dist/src/workers/workflows/binding.worker.js:14493:15)
uncaught exception; source = Uncaught (in promise); stack = Error: Engine was never started
    at Engine.getStatus (file:///Users/marcus/Developer/card-keepr/node_modules/.pnpm/miniflare@5.20260908.0-alpha/node_modules/miniflare/dist/src/workers/workflows/binding.worker.js:14493:15)
uncaught exception; source = Uncaught (in promise); stack = Error: instance.not_found
    at WorkflowBinding.get (file:///Users/marcus/Developer/card-keepr/node_modules/.pnpm/miniflare@5.20260908.0-alpha/node_modules/miniflare/dist/src/workers/workflows/binding.worker.js:15150:13)
uncaught exception; exception = workerd/io/io-context.c++:1642: failed: jsg.Error: The Workers runtime canceled this request because it detected that your Worker's code had hung and would never generate a response. Refer to: https://developers.cloudflare.com/workers/observability/errors/
stack: 105a9d37f
uncaught exception; source = Uncaught (in promise); stack = Error: Engine was never started
    at Engine.getStatus (file:///Users/marcus/Developer/card-keepr/node_modules/.pnpm/miniflare@5.20260908.0-alpha/node_modules/miniflare/dist/src/workers/workflows/binding.worker.js:14493:15)
uncaught exception; source = Uncaught (in promise); stack = Error: Engine was never started
    at Engine.getStatus (file:///Users/marcus/Developer/card-keepr/node_modules/.pnpm/miniflare@5.20260908.0-alpha/node_modules/miniflare/dist/src/workers/workflows/binding.worker.js:14493:15)
uncaught exception; source = Uncaught (in promise); stack = Error: instance.not_found
    at WorkflowBinding.get (file:///Users/marcus/Developer/card-keepr/node_modules/.pnpm/miniflare@5.20260908.0-alpha/node_modules/miniflare/dist/src/workers/workflows/binding.worker.js:15150:13)
uncaught exception; source = Uncaught (in promise); stack = Error: D1_ERROR: synthetic_batch_commit_outage: SQLITE_CONSTRAINT (extended: SQLITE_CONSTRAINT_TRIGGER)
    at D1DatabaseSessionAlwaysPrimary._sendOrThrow (cloudflare-internal:d1-api:188:19)
    at cloudflare-internal:d1-api:137:19
    at atomicBatch (/Users/marcus/Developer/card-keepr/src/catalogue/shared/catalogue-store-repository.ts:117:19)
    at completeUploadedCapture (/Users/marcus/Developer/card-keepr/src/catalogue/source-evidence/source-evidence-capture.ts:558:3)
    at persistCapturedRequest (/Users/marcus/Developer/card-keepr/src/catalogue/source-evidence/source-evidence-batch.ts:210:14)
uncaught exception; source = Uncaught (in promise); stack = Error: D1_ERROR: synthetic_batch_commit_outage: SQLITE_CONSTRAINT (extended: SQLITE_CONSTRAINT_TRIGGER)
    at D1DatabaseSessionAlwaysPrimary._sendOrThrow (cloudflare-internal:d1-api:188:19)
    at cloudflare-internal:d1-api:137:19
    at atomicBatch (/Users/marcus/Developer/card-keepr/src/catalogue/shared/catalogue-store-repository.ts:117:19)
    at completeUploadedCapture (/Users/marcus/Developer/card-keepr/src/catalogue/source-evidence/source-evidence-capture.ts:558:3)
    at persistCapturedRequest (/Users/marcus/Developer/card-keepr/src/catalogue/source-evidence/source-evidence-batch.ts:210:14)
uncaught exception; source = Uncaught (in promise); stack = Error: D1_ERROR: synthetic_batch_commit_outage: SQLITE_CONSTRAINT (extended: SQLITE_CONSTRAINT_TRIGGER)
    at D1DatabaseSessionAlwaysPrimary._sendOrThrow (cloudflare-internal:d1-api:188:19)
    at cloudflare-internal:d1-api:137:19
    at atomicBatch (/Users/marcus/Developer/card-keepr/src/catalogue/shared/catalogue-store-repository.ts:117:19)
    at completeUploadedCapture (/Users/marcus/Developer/card-keepr/src/catalogue/source-evidence/source-evidence-capture.ts:558:3)
    at persistCapturedRequest (/Users/marcus/Developer/card-keepr/src/catalogue/source-evidence/source-evidence-batch.ts:210:14)
uncaught exception; exception = workerd/io/io-context.c++:1642: failed: jsg.Error: The Workers runtime canceled this request because it detected that your Worker's code had hung and would never generate a response. Refer to: https://developers.cloudflare.com/workers/observability/errors/
stack: 1053c537f
uncaught exception; source = Uncaught (in promise); stack = Error: D1_ERROR: synthetic_batch_commit_outage: SQLITE_CONSTRAINT (extended: SQLITE_CONSTRAINT_TRIGGER)
    at D1DatabaseSessionAlwaysPrimary._sendOrThrow (cloudflare-internal:d1-api:188:19)
    at cloudflare-internal:d1-api:137:19
    at atomicBatch (/Users/marcus/Developer/card-keepr/src/catalogue/shared/catalogue-store-repository.ts:117:19)
    at completeUploadedCapture (/Users/marcus/Developer/card-keepr/src/catalogue/source-evidence/source-evidence-capture.ts:558:3)
    at persistCapturedRequest (/Users/marcus/Developer/card-keepr/src/catalogue/source-evidence/source-evidence-batch.ts:210:14)
uncaught exception; source = Uncaught (in promise); stack = Error: D1_ERROR: synthetic_batch_commit_outage: SQLITE_CONSTRAINT (extended: SQLITE_CONSTRAINT_TRIGGER)
    at async doWrapper (file:///Users/marcus/Developer/card-keepr/node_modules/.pnpm/miniflare@5.20260908.0-alpha/node_modules/miniflare/dist/src/workers/workflows/binding.worker.js:13525:53)
    at async Context.do (file:///Users/marcus/Developer/card-keepr/node_modules/.pnpm/miniflare@5.20260908.0-alpha/node_modules/miniflare/dist/src/workers/workflows/binding.worker.js:13789:17)
uncaught exception; source = Uncaught (in promise); stack = Error: D1_ERROR: synthetic_batch_commit_outage: SQLITE_CONSTRAINT (extended: SQLITE_CONSTRAINT_TRIGGER)
    at async doWrapper (file:///Users/marcus/Developer/card-keepr/node_modules/.pnpm/miniflare@5.20260908.0-alpha/node_modules/miniflare/dist/src/workers/workflows/binding.worker.js:13525:53)
    at async Context.do (file:///Users/marcus/Developer/card-keepr/node_modules/.pnpm/miniflare@5.20260908.0-alpha/node_modules/miniflare/dist/src/workers/workflows/binding.worker.js:13789:17)
uncaught exception; source = Uncaught (in promise); stack = Error: Engine was never started
    at Engine.getStatus (file:///Users/marcus/Developer/card-keepr/node_modules/.pnpm/miniflare@5.20260908.0-alpha/node_modules/miniflare/dist/src/workers/workflows/binding.worker.js:14493:15)
uncaught exception; source = Uncaught (in promise); stack = Error: Engine was never started
    at Engine.getStatus (file:///Users/marcus/Developer/card-keepr/node_modules/.pnpm/miniflare@5.20260908.0-alpha/node_modules/miniflare/dist/src/workers/workflows/binding.worker.js:14493:15)
uncaught exception; source = Uncaught (in promise); stack = Error: instance.not_found
    at WorkflowBinding.get (file:///Users/marcus/Developer/card-keepr/node_modules/.pnpm/miniflare@5.20260908.0-alpha/node_modules/miniflare/dist/src/workers/workflows/binding.worker.js:15150:13)
uncaught exception; exception = workerd/io/io-context.c++:1642: failed: jsg.Error: The Workers runtime canceled this request because it detected that your Worker's code had hung and would never generate a response. Refer to: https://developers.cloudflare.com/workers/observability/errors/
stack: 101d1537f
uncaught exception; source = Uncaught (in promise); stack = Error: Engine was never started
    at Engine.getStatus (file:///Users/marcus/Developer/card-keepr/node_modules/.pnpm/miniflare@5.20260908.0-alpha/node_modules/miniflare/dist/src/workers/workflows/binding.worker.js:14493:15)
uncaught exception; source = Uncaught (in promise); stack = Error: Engine was never started
    at Engine.getStatus (file:///Users/marcus/Developer/card-keepr/node_modules/.pnpm/miniflare@5.20260908.0-alpha/node_modules/miniflare/dist/src/workers/workflows/binding.worker.js:14493:15)
uncaught exception; source = Uncaught (in promise); stack = Error: Engine was never started
    at Engine.getStatus (file:///Users/marcus/Developer/card-keepr/node_modules/.pnpm/miniflare@5.20260908.0-alpha/node_modules/miniflare/dist/src/workers/workflows/binding.worker.js:14493:15)
uncaught exception; source = Uncaught (in promise); stack = Error: Engine was never started
    at Engine.getStatus (file:///Users/marcus/Developer/card-keepr/node_modules/.pnpm/miniflare@5.20260908.0-alpha/node_modules/miniflare/dist/src/workers/workflows/binding.worker.js:14493:15)
uncaught exception; source = Uncaught (in promise); stack = Error: instance.not_found
    at WorkflowBinding.get (file:///Users/marcus/Developer/card-keepr/node_modules/.pnpm/miniflare@5.20260908.0-alpha/node_modules/miniflare/dist/src/workers/workflows/binding.worker.js:15150:13)
uncaught exception; source = Uncaught (in promise); stack = Error: instance.not_found
    at WorkflowBinding.get (file:///Users/marcus/Developer/card-keepr/node_modules/.pnpm/miniflare@5.20260908.0-alpha/node_modules/miniflare/dist/src/workers/workflows/binding.worker.js:15150:13)
uncaught exception; exception = workerd/io/io-context.c++:1642: failed: jsg.Error: The Workers runtime canceled this request because it detected that your Worker's code had hung and would never generate a response. Refer to: https://developers.cloudflare.com/workers/observability/errors/
stack: 105a9d37f
uncaught exception; source = Uncaught (in promise); stack = Error: Engine was never started
    at Engine.getStatus (file:///Users/marcus/Developer/card-keepr/node_modules/.pnpm/miniflare@5.20260908.0-alpha/node_modules/miniflare/dist/src/workers/workflows/binding.worker.js:14493:15)
uncaught exception; source = Uncaught (in promise); stack = Error: Engine was never started
    at Engine.getStatus (file:///Users/marcus/Developer/card-keepr/node_modules/.pnpm/miniflare@5.20260908.0-alpha/node_modules/miniflare/dist/src/workers/workflows/binding.worker.js:14493:15)
uncaught exception; source = Uncaught (in promise); stack = Error: instance.not_found
    at WorkflowBinding.get (file:///Users/marcus/Developer/card-keepr/node_modules/.pnpm/miniflare@5.20260908.0-alpha/node_modules/miniflare/dist/src/workers/workflows/binding.worker.js:15150:13)
uncaught exception; exception = workerd/io/io-context.c++:1642: failed: jsg.Error: The Workers runtime canceled this request because it detected that your Worker's code had hung and would never generate a response. Refer to: https://developers.cloudflare.com/workers/observability/errors/
stack: 1035e137f
uncaught exception; source = Uncaught (in promise); stack = Error: Engine was never started
    at Engine.getStatus (file:///Users/marcus/Developer/card-keepr/node_modules/.pnpm/miniflare@5.20260908.0-alpha/node_modules/miniflare/dist/src/workers/workflows/binding.worker.js:14493:15)
uncaught exception; source = Uncaught (in promise); stack = Error: Engine was never started
    at Engine.getStatus (file:///Users/marcus/Developer/card-keepr/node_modules/.pnpm/miniflare@5.20260908.0-alpha/node_modules/miniflare/dist/src/workers/workflows/binding.worker.js:14493:15)
uncaught exception; source = Uncaught (in promise); stack = Error: Engine was never started
    at Engine.getStatus (file:///Users/marcus/Developer/card-keepr/node_modules/.pnpm/miniflare@5.20260908.0-alpha/node_modules/miniflare/dist/src/workers/workflows/binding.worker.js:14493:15)
uncaught exception; source = Uncaught (in promise); stack = Error: Engine was never started
    at Engine.getStatus (file:///Users/marcus/Developer/card-keepr/node_modules/.pnpm/miniflare@5.20260908.0-alpha/node_modules/miniflare/dist/src/workers/workflows/binding.worker.js:14493:15)
uncaught exception; source = Uncaught (in promise); stack = Error: instance.not_found
    at WorkflowBinding.get (file:///Users/marcus/Developer/card-keepr/node_modules/.pnpm/miniflare@5.20260908.0-alpha/node_modules/miniflare/dist/src/workers/workflows/binding.worker.js:15150:13)
uncaught exception; source = Uncaught (in promise); stack = Error: instance.not_found
    at WorkflowBinding.get (file:///Users/marcus/Developer/card-keepr/node_modules/.pnpm/miniflare@5.20260908.0-alpha/node_modules/miniflare/dist/src/workers/workflows/binding.worker.js:15150:13)
uncaught exception; source = Uncaught (in promise); stack = Error: Engine was never started
    at Engine.getStatus (file:///Users/marcus/Developer/card-keepr/node_modules/.pnpm/miniflare@5.20260908.0-alpha/node_modules/miniflare/dist/src/workers/workflows/binding.worker.js:14493:15)
uncaught exception; source = Uncaught (in promise); stack = Error: Engine was never started
    at Engine.getStatus (file:///Users/marcus/Developer/card-keepr/node_modules/.pnpm/miniflare@5.20260908.0-alpha/node_modules/miniflare/dist/src/workers/workflows/binding.worker.js:14493:15)
uncaught exception; source = Uncaught (in promise); stack = Error: instance.not_found
    at WorkflowBinding.get (file:///Users/marcus/Developer/card-keepr/node_modules/.pnpm/miniflare@5.20260908.0-alpha/node_modules/miniflare/dist/src/workers/workflows/binding.worker.js:15150:13)
uncaught exception; source = Uncaught (in promise); stack = Error: Engine was never started
    at Engine.getStatus (file:///Users/marcus/Developer/card-keepr/node_modules/.pnpm/miniflare@5.20260908.0-alpha/node_modules/miniflare/dist/src/workers/workflows/binding.worker.js:14493:15)
uncaught exception; source = Uncaught (in promise); stack = Error: Engine was never started
    at Engine.getStatus (file:///Users/marcus/Developer/card-keepr/node_modules/.pnpm/miniflare@5.20260908.0-alpha/node_modules/miniflare/dist/src/workers/workflows/binding.worker.js:14493:15)
uncaught exception; source = Uncaught (in promise); stack = Error: instance.not_found
    at WorkflowBinding.get (file:///Users/marcus/Developer/card-keepr/node_modules/.pnpm/miniflare@5.20260908.0-alpha/node_modules/miniflare/dist/src/workers/workflows/binding.worker.js:15150:13)
uncaught exception; source = Uncaught (in promise); stack = Error: Engine was never started
    at Engine.getStatus (file:///Users/marcus/Developer/card-keepr/node_modules/.pnpm/miniflare@5.20260908.0-alpha/node_modules/miniflare/dist/src/workers/workflows/binding.worker.js:14493:15)
uncaught exception; source = Uncaught (in promise); stack = Error: Engine was never started
    at Engine.getStatus (file:///Users/marcus/Developer/card-keepr/node_modules/.pnpm/miniflare@5.20260908.0-alpha/node_modules/miniflare/dist/src/workers/workflows/binding.worker.js:14493:15)
uncaught exception; source = Uncaught (in promise); stack = Error: instance.not_found
    at WorkflowBinding.get (file:///Users/marcus/Developer/card-keepr/node_modules/.pnpm/miniflare@5.20260908.0-alpha/node_modules/miniflare/dist/src/workers/workflows/binding.worker.js:15150:13)
uncaught exception; source = Uncaught (in promise); stack = Error: Engine was never started
    at Engine.getStatus (file:///Users/marcus/Developer/card-keepr/node_modules/.pnpm/miniflare@5.20260908.0-alpha/node_modules/miniflare/dist/src/workers/workflows/binding.worker.js:14493:15)
uncaught exception; source = Uncaught (in promise); stack = Error: Engine was never started
    at Engine.getStatus (file:///Users/marcus/Developer/card-keepr/node_modules/.pnpm/miniflare@5.20260908.0-alpha/node_modules/miniflare/dist/src/workers/workflows/binding.worker.js:14493:15)
uncaught exception; source = Uncaught (in promise); stack = Error: instance.not_found
    at WorkflowBinding.get (file:///Users/marcus/Developer/card-keepr/node_modules/.pnpm/miniflare@5.20260908.0-alpha/node_modules/miniflare/dist/src/workers/workflows/binding.worker.js:15150:13)
uncaught exception; source = Uncaught (in promise); stack = Error: Engine was never started
    at Engine.getStatus (file:///Users/marcus/Developer/card-keepr/node_modules/.pnpm/miniflare@5.20260908.0-alpha/node_modules/miniflare/dist/src/workers/workflows/binding.worker.js:14493:15)
uncaught exception; source = Uncaught (in promise); stack = Error: Engine was never started
    at Engine.getStatus (file:///Users/marcus/Developer/card-keepr/node_modules/.pnpm/miniflare@5.20260908.0-alpha/node_modules/miniflare/dist/src/workers/workflows/binding.worker.js:14493:15)
uncaught exception; source = Uncaught (in promise); stack = Error: instance.not_found
    at WorkflowBinding.get (file:///Users/marcus/Developer/card-keepr/node_modules/.pnpm/miniflare@5.20260908.0-alpha/node_modules/miniflare/dist/src/workers/workflows/binding.worker.js:15150:13)
uncaught exception; source = Uncaught (in promise); stack = Error: Engine was never started
    at Engine.getStatus (file:///Users/marcus/Developer/card-keepr/node_modules/.pnpm/miniflare@5.20260908.0-alpha/node_modules/miniflare/dist/src/workers/workflows/binding.worker.js:14493:15)
uncaught exception; source = Uncaught (in promise); stack = Error: Engine was never started
    at Engine.getStatus (file:///Users/marcus/Developer/card-keepr/node_modules/.pnpm/miniflare@5.20260908.0-alpha/node_modules/miniflare/dist/src/workers/workflows/binding.worker.js:14493:15)
uncaught exception; source = Uncaught (in promise); stack = Error: instance.not_found
    at WorkflowBinding.get (file:///Users/marcus/Developer/card-keepr/node_modules/.pnpm/miniflare@5.20260908.0-alpha/node_modules/miniflare/dist/src/workers/workflows/binding.worker.js:15150:13)
uncaught exception; source = Uncaught (in promise); stack = Error: Engine was never started
    at Engine.getStatus (file:///Users/marcus/Developer/card-keepr/node_modules/.pnpm/miniflare@5.20260908.0-alpha/node_modules/miniflare/dist/src/workers/workflows/binding.worker.js:14493:15)
uncaught exception; source = Uncaught (in promise); stack = Error: Engine was never started
    at Engine.getStatus (file:///Users/marcus/Developer/card-keepr/node_modules/.pnpm/miniflare@5.20260908.0-alpha/node_modules/miniflare/dist/src/workers/workflows/binding.worker.js:14493:15)
uncaught exception; source = Uncaught (in promise); stack = Error: instance.not_found
    at WorkflowBinding.get (file:///Users/marcus/Developer/card-keepr/node_modules/.pnpm/miniflare@5.20260908.0-alpha/node_modules/miniflare/dist/src/workers/workflows/binding.worker.js:15150:13)
uncaught exception; source = Uncaught (in promise); stack = Error: Engine was never started
    at Engine.getStatus (file:///Users/marcus/Developer/card-keepr/node_modules/.pnpm/miniflare@5.20260908.0-alpha/node_modules/miniflare/dist/src/workers/workflows/binding.worker.js:14493:15)
uncaught exception; source = Uncaught (in promise); stack = Error: Engine was never started
    at Engine.getStatus (file:///Users/marcus/Developer/card-keepr/node_modules/.pnpm/miniflare@5.20260908.0-alpha/node_modules/miniflare/dist/src/workers/workflows/binding.worker.js:14493:15)
uncaught exception; source = Uncaught (in promise); stack = Error: instance.not_found
    at WorkflowBinding.get (file:///Users/marcus/Developer/card-keepr/node_modules/.pnpm/miniflare@5.20260908.0-alpha/node_modules/miniflare/dist/src/workers/workflows/binding.worker.js:15150:13)
uncaught exception; source = Uncaught (in promise); stack = Error: Engine was never started
    at Engine.getStatus (file:///Users/marcus/Developer/card-keepr/node_modules/.pnpm/miniflare@5.20260908.0-alpha/node_modules/miniflare/dist/src/workers/workflows/binding.worker.js:14493:15)
uncaught exception; source = Uncaught (in promise); stack = Error: Engine was never started
    at Engine.getStatus (file:///Users/marcus/Developer/card-keepr/node_modules/.pnpm/miniflare@5.20260908.0-alpha/node_modules/miniflare/dist/src/workers/workflows/binding.worker.js:14493:15)
uncaught exception; source = Uncaught (in promise); stack = Error: instance.not_found
    at WorkflowBinding.get (file:///Users/marcus/Developer/card-keepr/node_modules/.pnpm/miniflare@5.20260908.0-alpha/node_modules/miniflare/dist/src/workers/workflows/binding.worker.js:15150:13)
uncaught exception; source = Uncaught (in promise); stack = Error: Engine was never started
    at Engine.getStatus (file:///Users/marcus/Developer/card-keepr/node_modules/.pnpm/miniflare@5.20260908.0-alpha/node_modules/miniflare/dist/src/workers/workflows/binding.worker.js:14493:15)
uncaught exception; source = Uncaught (in promise); stack = Error: Engine was never started
    at Engine.getStatus (file:///Users/marcus/Developer/card-keepr/node_modules/.pnpm/miniflare@5.20260908.0-alpha/node_modules/miniflare/dist/src/workers/workflows/binding.worker.js:14493:15)
uncaught exception; source = Uncaught (in promise); stack = Error: instance.not_found
    at WorkflowBinding.get (file:///Users/marcus/Developer/card-keepr/node_modules/.pnpm/miniflare@5.20260908.0-alpha/node_modules/miniflare/dist/src/workers/workflows/binding.worker.js:15150:13)
uncaught exception; source = Uncaught (in promise); stack = Error: Engine was never started
    at Engine.getStatus (file:///Users/marcus/Developer/card-keepr/node_modules/.pnpm/miniflare@5.20260908.0-alpha/node_modules/miniflare/dist/src/workers/workflows/binding.worker.js:14493:15)
uncaught exception; source = Uncaught (in promise); stack = Error: Engine was never started
    at Engine.getStatus (file:///Users/marcus/Developer/card-keepr/node_modules/.pnpm/miniflare@5.20260908.0-alpha/node_modules/miniflare/dist/src/workers/workflows/binding.worker.js:14493:15)
uncaught exception; source = Uncaught (in promise); stack = Error: instance.not_found
    at WorkflowBinding.get (file:///Users/marcus/Developer/card-keepr/node_modules/.pnpm/miniflare@5.20260908.0-alpha/node_modules/miniflare/dist/src/workers/workflows/binding.worker.js:15150:13)
uncaught exception; source = Uncaught (in promise); stack = Error: Engine was never started
    at Engine.getStatus (file:///Users/marcus/Developer/card-keepr/node_modules/.pnpm/miniflare@5.20260908.0-alpha/node_modules/miniflare/dist/src/workers/workflows/binding.worker.js:14493:15)
uncaught exception; source = Uncaught (in promise); stack = Error: Engine was never started
    at Engine.getStatus (file:///Users/marcus/Developer/card-keepr/node_modules/.pnpm/miniflare@5.20260908.0-alpha/node_modules/miniflare/dist/src/workers/workflows/binding.worker.js:14493:15)
uncaught exception; source = Uncaught (in promise); stack = Error: instance.not_found
    at WorkflowBinding.get (file:///Users/marcus/Developer/card-keepr/node_modules/.pnpm/miniflare@5.20260908.0-alpha/node_modules/miniflare/dist/src/workers/workflows/binding.worker.js:15150:13)
uncaught exception; source = Uncaught (in promise); stack = Error: Engine was never started
    at Engine.getStatus (file:///Users/marcus/Developer/card-keepr/node_modules/.pnpm/miniflare@5.20260908.0-alpha/node_modules/miniflare/dist/src/workers/workflows/binding.worker.js:14493:15)
uncaught exception; source = Uncaught (in promise); stack = Error: Engine was never started
    at Engine.getStatus (file:///Users/marcus/Developer/card-keepr/node_modules/.pnpm/miniflare@5.20260908.0-alpha/node_modules/miniflare/dist/src/workers/workflows/binding.worker.js:14493:15)
uncaught exception; source = Uncaught (in promise); stack = Error: instance.not_found
    at WorkflowBinding.get (file:///Users/marcus/Developer/card-keepr/node_modules/.pnpm/miniflare@5.20260908.0-alpha/node_modules/miniflare/dist/src/workers/workflows/binding.worker.js:15150:13)
uncaught exception; source = Uncaught (in promise); stack = Error: Engine was never started
    at Engine.getStatus (file:///Users/marcus/Developer/card-keepr/node_modules/.pnpm/miniflare@5.20260908.0-alpha/node_modules/miniflare/dist/src/workers/workflows/binding.worker.js:14493:15)
uncaught exception; source = Uncaught (in promise); stack = Error: Engine was never started
    at Engine.getStatus (file:///Users/marcus/Developer/card-keepr/node_modules/.pnpm/miniflare@5.20260908.0-alpha/node_modules/miniflare/dist/src/workers/workflows/binding.worker.js:14493:15)
uncaught exception; source = Uncaught (in promise); stack = Error: instance.not_found
    at WorkflowBinding.get (file:///Users/marcus/Developer/card-keepr/node_modules/.pnpm/miniflare@5.20260908.0-alpha/node_modules/miniflare/dist/src/workers/workflows/binding.worker.js:15150:13)
uncaught exception; source = Uncaught (in promise); stack = Error: Engine was never started
    at Engine.getStatus (file:///Users/marcus/Developer/card-keepr/node_modules/.pnpm/miniflare@5.20260908.0-alpha/node_modules/miniflare/dist/src/workers/workflows/binding.worker.js:14493:15)
uncaught exception; source = Uncaught (in promise); stack = Error: Engine was never started
    at Engine.getStatus (file:///Users/marcus/Developer/card-keepr/node_modules/.pnpm/miniflare@5.20260908.0-alpha/node_modules/miniflare/dist/src/workers/workflows/binding.worker.js:14493:15)
uncaught exception; source = Uncaught (in promise); stack = Error: instance.not_found
    at WorkflowBinding.get (file:///Users/marcus/Developer/card-keepr/node_modules/.pnpm/miniflare@5.20260908.0-alpha/node_modules/miniflare/dist/src/workers/workflows/binding.worker.js:15150:13)
uncaught exception; source = Uncaught (in promise); stack = Error: Engine was never started
    at Engine.getStatus (file:///Users/marcus/Developer/card-keepr/node_modules/.pnpm/miniflare@5.20260908.0-alpha/node_modules/miniflare/dist/src/workers/workflows/binding.worker.js:14493:15)
uncaught exception; source = Uncaught (in promise); stack = Error: Engine was never started
    at Engine.getStatus (file:///Users/marcus/Developer/card-keepr/node_modules/.pnpm/miniflare@5.20260908.0-alpha/node_modules/miniflare/dist/src/workers/workflows/binding.worker.js:14493:15)
uncaught exception; source = Uncaught (in promise); stack = Error: instance.not_found
    at WorkflowBinding.get (file:///Users/marcus/Developer/card-keepr/node_modules/.pnpm/miniflare@5.20260908.0-alpha/node_modules/miniflare/dist/src/workers/workflows/binding.worker.js:15150:13)
An RPC result was not disposed properly. One of the RPC calls you made expects you to call dispose() on the return value, but you didn't do so. You cannot rely on the garbage collector for this because it may take arbitrarily long before actually collecting unreachable objects.
uncaught exception; source = Uncaught (in promise); stack = Error: Engine was never started
    at Engine.getStatus (file:///Users/marcus/Developer/card-keepr/node_modules/.pnpm/miniflare@5.20260908.0-alpha/node_modules/miniflare/dist/src/workers/workflows/binding.worker.js:14493:15)
uncaught exception; source = Uncaught (in promise); stack = Error: Engine was never started
    at Engine.getStatus (file:///Users/marcus/Developer/card-keepr/node_modules/.pnpm/miniflare@5.20260908.0-alpha/node_modules/miniflare/dist/src/workers/workflows/binding.worker.js:14493:15)
uncaught exception; source = Uncaught (in promise); stack = Error: instance.not_found
    at WorkflowBinding.get (file:///Users/marcus/Developer/card-keepr/node_modules/.pnpm/miniflare@5.20260908.0-alpha/node_modules/miniflare/dist/src/workers/workflows/binding.worker.js:15150:13)
uncaught exception; source = Uncaught (in promise); stack = Error: Engine was never started
    at Engine.getStatus (file:///Users/marcus/Developer/card-keepr/node_modules/.pnpm/miniflare@5.20260908.0-alpha/node_modules/miniflare/dist/src/workers/workflows/binding.worker.js:14493:15)
uncaught exception; source = Uncaught (in promise); stack = Error: Engine was never started
    at Engine.getStatus (file:///Users/marcus/Developer/card-keepr/node_modules/.pnpm/miniflare@5.20260908.0-alpha/node_modules/miniflare/dist/src/workers/workflows/binding.worker.js:14493:15)
uncaught exception; source = Uncaught (in promise); stack = Error: instance.not_found
    at WorkflowBinding.get (file:///Users/marcus/Developer/card-keepr/node_modules/.pnpm/miniflare@5.20260908.0-alpha/node_modules/miniflare/dist/src/workers/workflows/binding.worker.js:15150:13)
uncaught exception; source = Uncaught (in promise); stack = Error: Engine was never started
    at Engine.getStatus (file:///Users/marcus/Developer/card-keepr/node_modules/.pnpm/miniflare@5.20260908.0-alpha/node_modules/miniflare/dist/src/workers/workflows/binding.worker.js:14493:15)
uncaught exception; source = Uncaught (in promise); stack = Error: Engine was never started
    at Engine.getStatus (file:///Users/marcus/Developer/card-keepr/node_modules/.pnpm/miniflare@5.20260908.0-alpha/node_modules/miniflare/dist/src/workers/workflows/binding.worker.js:14493:15)
uncaught exception; source = Uncaught (in promise); stack = Error: instance.not_found
    at WorkflowBinding.get (file:///Users/marcus/Developer/card-keepr/node_modules/.pnpm/miniflare@5.20260908.0-alpha/node_modules/miniflare/dist/src/workers/workflows/binding.worker.js:15150:13)
uncaught exception; source = Uncaught (in promise); stack = Error: Engine was never started
    at Engine.getStatus (file:///Users/marcus/Developer/card-keepr/node_modules/.pnpm/miniflare@5.20260908.0-alpha/node_modules/miniflare/dist/src/workers/workflows/binding.worker.js:14493:15)
uncaught exception; source = Uncaught (in promise); stack = Error: Engine was never started
    at Engine.getStatus (file:///Users/marcus/Developer/card-keepr/node_modules/.pnpm/miniflare@5.20260908.0-alpha/node_modules/miniflare/dist/src/workers/workflows/binding.worker.js:14493:15)
uncaught exception; source = Uncaught (in promise); stack = Error: instance.not_found
    at WorkflowBinding.get (file:///Users/marcus/Developer/card-keepr/node_modules/.pnpm/miniflare@5.20260908.0-alpha/node_modules/miniflare/dist/src/workers/workflows/binding.worker.js:15150:13)
uncaught exception; source = Uncaught (in promise); stack = Error: Engine was never started
    at Engine.getStatus (file:///Users/marcus/Developer/card-keepr/node_modules/.pnpm/miniflare@5.20260908.0-alpha/node_modules/miniflare/dist/src/workers/workflows/binding.worker.js:14493:15)
uncaught exception; source = Uncaught (in promise); stack = Error: Engine was never started
    at Engine.getStatus (file:///Users/marcus/Developer/card-keepr/node_modules/.pnpm/miniflare@5.20260908.0-alpha/node_modules/miniflare/dist/src/workers/workflows/binding.worker.js:14493:15)
uncaught exception; source = Uncaught (in promise); stack = Error: instance.not_found
    at WorkflowBinding.get (file:///Users/marcus/Developer/card-keepr/node_modules/.pnpm/miniflare@5.20260908.0-alpha/node_modules/miniflare/dist/src/workers/workflows/binding.worker.js:15150:13)
uncaught exception; source = Uncaught (in promise); stack = Error: Engine was never started
    at Engine.getStatus (file:///Users/marcus/Developer/card-keepr/node_modules/.pnpm/miniflare@5.20260908.0-alpha/node_modules/miniflare/dist/src/workers/workflows/binding.worker.js:14493:15)
uncaught exception; source = Uncaught (in promise); stack = Error: Engine was never started
    at Engine.getStatus (file:///Users/marcus/Developer/card-keepr/node_modules/.pnpm/miniflare@5.20260908.0-alpha/node_modules/miniflare/dist/src/workers/workflows/binding.worker.js:14493:15)
uncaught exception; source = Uncaught (in promise); stack = Error: instance.not_found
    at WorkflowBinding.get (file:///Users/marcus/Developer/card-keepr/node_modules/.pnpm/miniflare@5.20260908.0-alpha/node_modules/miniflare/dist/src/workers/workflows/binding.worker.js:15150:13)
uncaught exception; source = Uncaught (in promise); stack = Error: Engine was never started
    at Engine.getStatus (file:///Users/marcus/Developer/card-keepr/node_modules/.pnpm/miniflare@5.20260908.0-alpha/node_modules/miniflare/dist/src/workers/workflows/binding.worker.js:14493:15)
uncaught exception; source = Uncaught (in promise); stack = Error: Engine was never started
    at Engine.getStatus (file:///Users/marcus/Developer/card-keepr/node_modules/.pnpm/miniflare@5.20260908.0-alpha/node_modules/miniflare/dist/src/workers/workflows/binding.worker.js:14493:15)
uncaught exception; source = Uncaught (in promise); stack = Error: instance.not_found
    at WorkflowBinding.get (file:///Users/marcus/Developer/card-keepr/node_modules/.pnpm/miniflare@5.20260908.0-alpha/node_modules/miniflare/dist/src/workers/workflows/binding.worker.js:15150:13)
uncaught exception; source = Uncaught (in promise); stack = Error: Engine was never started
    at Engine.getStatus (file:///Users/marcus/Developer/card-keepr/node_modules/.pnpm/miniflare@5.20260908.0-alpha/node_modules/miniflare/dist/src/workers/workflows/binding.worker.js:14493:15)
uncaught exception; source = Uncaught (in promise); stack = Error: Engine was never started
    at Engine.getStatus (file:///Users/marcus/Developer/card-keepr/node_modules/.pnpm/miniflare@5.20260908.0-alpha/node_modules/miniflare/dist/src/workers/workflows/binding.worker.js:14493:15)
uncaught exception; source = Uncaught (in promise); stack = Error: instance.not_found
    at WorkflowBinding.get (file:///Users/marcus/Developer/card-keepr/node_modules/.pnpm/miniflare@5.20260908.0-alpha/node_modules/miniflare/dist/src/workers/workflows/binding.worker.js:15150:13)
uncaught exception; source = Uncaught (in promise); stack = Error: Engine was never started
    at Engine.getStatus (file:///Users/marcus/Developer/card-keepr/node_modules/.pnpm/miniflare@5.20260908.0-alpha/node_modules/miniflare/dist/src/workers/workflows/binding.worker.js:14493:15)
uncaught exception; source = Uncaught (in promise); stack = Error: Engine was never started
    at Engine.getStatus (file:///Users/marcus/Developer/card-keepr/node_modules/.pnpm/miniflare@5.20260908.0-alpha/node_modules/miniflare/dist/src/workers/workflows/binding.worker.js:14493:15)
uncaught exception; source = Uncaught (in promise); stack = Error: instance.not_found
    at WorkflowBinding.get (file:///Users/marcus/Developer/card-keepr/node_modules/.pnpm/miniflare@5.20260908.0-alpha/node_modules/miniflare/dist/src/workers/workflows/binding.worker.js:15150:13)
uncaught exception; source = Uncaught (in promise); stack = Error: Engine was never started
    at Engine.getStatus (file:///Users/marcus/Developer/card-keepr/node_modules/.pnpm/miniflare@5.20260908.0-alpha/node_modules/miniflare/dist/src/workers/workflows/binding.worker.js:14493:15)
uncaught exception; source = Uncaught (in promise); stack = Error: Engine was never started
    at Engine.getStatus (file:///Users/marcus/Developer/card-keepr/node_modules/.pnpm/miniflare@5.20260908.0-alpha/node_modules/miniflare/dist/src/workers/workflows/binding.worker.js:14493:15)
uncaught exception; source = Uncaught (in promise); stack = Error: instance.not_found
    at WorkflowBinding.get (file:///Users/marcus/Developer/card-keepr/node_modules/.pnpm/miniflare@5.20260908.0-alpha/node_modules/miniflare/dist/src/workers/workflows/binding.worker.js:15150:13)
uncaught exception; source = Uncaught (in promise); stack = Error: Engine was never started
    at Engine.getStatus (file:///Users/marcus/Developer/card-keepr/node_modules/.pnpm/miniflare@5.20260908.0-alpha/node_modules/miniflare/dist/src/workers/workflows/binding.worker.js:14493:15)
uncaught exception; source = Uncaught (in promise); stack = Error: Engine was never started
    at Engine.getStatus (file:///Users/marcus/Developer/card-keepr/node_modules/.pnpm/miniflare@5.20260908.0-alpha/node_modules/miniflare/dist/src/workers/workflows/binding.worker.js:14493:15)
uncaught exception; source = Uncaught (in promise); stack = Error: instance.not_found
    at WorkflowBinding.get (file:///Users/marcus/Developer/card-keepr/node_modules/.pnpm/miniflare@5.20260908.0-alpha/node_modules/miniflare/dist/src/workers/workflows/binding.worker.js:15150:13)
uncaught exception; exception = workerd/io/io-context.c++:1642: failed: jsg.Error: The Workers runtime canceled this request because it detected that your Worker's code had hung and would never generate a response. Refer to: https://developers.cloudflare.com/workers/observability/errors/
stack: 1035e137f
uncaught exception; source = Uncaught (in promise); stack = Error: Engine was never started
    at Engine.getStatus (file:///Users/marcus/Developer/card-keepr/node_modules/.pnpm/miniflare@5.20260908.0-alpha/node_modules/miniflare/dist/src/workers/workflows/binding.worker.js:14493:15)
uncaught exception; source = Uncaught (in promise); stack = Error: Engine was never started
    at Engine.getStatus (file:///Users/marcus/Developer/card-keepr/node_modules/.pnpm/miniflare@5.20260908.0-alpha/node_modules/miniflare/dist/src/workers/workflows/binding.worker.js:14493:15)
uncaught exception; source = Uncaught (in promise); stack = Error: instance.not_found
    at WorkflowBinding.get (file:///Users/marcus/Developer/card-keepr/node_modules/.pnpm/miniflare@5.20260908.0-alpha/node_modules/miniflare/dist/src/workers/workflows/binding.worker.js:15150:13)
uncaught exception; source = Uncaught (in promise); stack = Error: Engine was never started
    at Engine.getStatus (file:///Users/marcus/Developer/card-keepr/node_modules/.pnpm/miniflare@5.20260908.0-alpha/node_modules/miniflare/dist/src/workers/workflows/binding.worker.js:14493:15)
uncaught exception; source = Uncaught (in promise); stack = Error: Engine was never started
    at Engine.getStatus (file:///Users/marcus/Developer/card-keepr/node_modules/.pnpm/miniflare@5.20260908.0-alpha/node_modules/miniflare/dist/src/workers/workflows/binding.worker.js:14493:15)
uncaught exception; source = Uncaught (in promise); stack = Error: instance.not_found
    at WorkflowBinding.get (file:///Users/marcus/Developer/card-keepr/node_modules/.pnpm/miniflare@5.20260908.0-alpha/node_modules/miniflare/dist/src/workers/workflows/binding.worker.js:15150:13)
uncaught exception; exception = workerd/io/io-context.c++:1642: failed: jsg.Error: The Workers runtime canceled this request because it detected that your Worker's code had hung and would never generate a response. Refer to: https://developers.cloudflare.com/workers/observability/errors/
stack: 1035e137f
uncaught exception; source = Uncaught (in promise); stack = Error: Engine was never started
    at Engine.getStatus (file:///Users/marcus/Developer/card-keepr/node_modules/.pnpm/miniflare@5.20260908.0-alpha/node_modules/miniflare/dist/src/workers/workflows/binding.worker.js:14493:15)
uncaught exception; source = Uncaught (in promise); stack = Error: Engine was never started
    at Engine.getStatus (file:///Users/marcus/Developer/card-keepr/node_modules/.pnpm/miniflare@5.20260908.0-alpha/node_modules/miniflare/dist/src/workers/workflows/binding.worker.js:14493:15)
uncaught exception; source = Uncaught (in promise); stack = Error: instance.not_found
    at WorkflowBinding.get (file:///Users/marcus/Developer/card-keepr/node_modules/.pnpm/miniflare@5.20260908.0-alpha/node_modules/miniflare/dist/src/workers/workflows/binding.worker.js:15150:13)
uncaught exception; exception = workerd/io/io-context.c++:1642: failed: jsg.Error: The Workers runtime canceled this request because it detected that your Worker's code had hung and would never generate a response. Refer to: https://developers.cloudflare.com/workers/observability/errors/
stack: 1035e137f
uncaught exception; exception = workerd/io/io-context.c++:1642: failed: jsg.Error: The Workers runtime canceled this request because it detected that your Worker's code had hung and would never generate a response. Refer to: https://developers.cloudflare.com/workers/observability/errors/
stack: 101d1537f
uncaught exception; exception = workerd/io/io-context.c++:1642: failed: jsg.Error: The Workers runtime canceled this request because it detected that your Worker's code had hung and would never generate a response. Refer to: https://developers.cloudflare.com/workers/observability/errors/
stack: 1035e137f
uncaught exception; source = Uncaught (in promise); stack = Error: Engine was never started
    at Engine.getStatus (file:///Users/marcus/Developer/card-keepr/node_modules/.pnpm/miniflare@5.20260908.0-alpha/node_modules/miniflare/dist/src/workers/workflows/binding.worker.js:14493:15)
uncaught exception; source = Uncaught (in promise); stack = Error: Engine was never started
    at Engine.getStatus (file:///Users/marcus/Developer/card-keepr/node_modules/.pnpm/miniflare@5.20260908.0-alpha/node_modules/miniflare/dist/src/workers/workflows/binding.worker.js:14493:15)
uncaught exception; source = Uncaught (in promise); stack = Error: instance.not_found
    at WorkflowBinding.get (file:///Users/marcus/Developer/card-keepr/node_modules/.pnpm/miniflare@5.20260908.0-alpha/node_modules/miniflare/dist/src/workers/workflows/binding.worker.js:15150:13)
uncaught exception; exception = workerd/io/io-context.c++:1642: failed: jsg.Error: The Workers runtime canceled this request because it detected that your Worker's code had hung and would never generate a response. Refer to: https://developers.cloudflare.com/workers/observability/errors/
stack: 1035e137f
uncaught exception; source = Uncaught (in promise); stack = Error: Engine was never started
    at Engine.getStatus (file:///Users/marcus/Developer/card-keepr/node_modules/.pnpm/miniflare@5.20260908.0-alpha/node_modules/miniflare/dist/src/workers/workflows/binding.worker.js:14493:15)
uncaught exception; source = Uncaught (in promise); stack = Error: Engine was never started
    at Engine.getStatus (file:///Users/marcus/Developer/card-keepr/node_modules/.pnpm/miniflare@5.20260908.0-alpha/node_modules/miniflare/dist/src/workers/workflows/binding.worker.js:14493:15)
uncaught exception; source = Uncaught (in promise); stack = Error: instance.not_found
    at WorkflowBinding.get (file:///Users/marcus/Developer/card-keepr/node_modules/.pnpm/miniflare@5.20260908.0-alpha/node_modules/miniflare/dist/src/workers/workflows/binding.worker.js:15150:13)
uncaught exception; exception = workerd/io/io-context.c++:1642: failed: jsg.Error: The Workers runtime canceled this request because it detected that your Worker's code had hung and would never generate a response. Refer to: https://developers.cloudflare.com/workers/observability/errors/
stack: 1035e137f
uncaught exception; source = Uncaught (in promise); stack = Error: Engine was never started
    at Engine.getStatus (file:///Users/marcus/Developer/card-keepr/node_modules/.pnpm/miniflare@5.20260908.0-alpha/node_modules/miniflare/dist/src/workers/workflows/binding.worker.js:14493:15)
uncaught exception; source = Uncaught (in promise); stack = Error: Engine was never started
    at Engine.getStatus (file:///Users/marcus/Developer/card-keepr/node_modules/.pnpm/miniflare@5.20260908.0-alpha/node_modules/miniflare/dist/src/workers/workflows/binding.worker.js:14493:15)
uncaught exception; source = Uncaught (in promise); stack = Error: instance.not_found
    at WorkflowBinding.get (file:///Users/marcus/Developer/card-keepr/node_modules/.pnpm/miniflare@5.20260908.0-alpha/node_modules/miniflare/dist/src/workers/workflows/binding.worker.js:15150:13)
uncaught exception; exception = workerd/io/io-context.c++:1642: failed: jsg.Error: The Workers runtime canceled this request because it detected that your Worker's code had hung and would never generate a response. Refer to: https://developers.cloudflare.com/workers/observability/errors/
stack: 1035e137f
uncaught exception; source = Uncaught (in promise); stack = Error: Engine was never started
    at Engine.getStatus (file:///Users/marcus/Developer/card-keepr/node_modules/.pnpm/miniflare@5.20260908.0-alpha/node_modules/miniflare/dist/src/workers/workflows/binding.worker.js:14493:15)
uncaught exception; source = Uncaught (in promise); stack = Error: Engine was never started
    at Engine.getStatus (file:///Users/marcus/Developer/card-keepr/node_modules/.pnpm/miniflare@5.20260908.0-alpha/node_modules/miniflare/dist/src/workers/workflows/binding.worker.js:14493:15)
uncaught exception; source = Uncaught (in promise); stack = Error: instance.not_found
    at WorkflowBinding.get (file:///Users/marcus/Developer/card-keepr/node_modules/.pnpm/miniflare@5.20260908.0-alpha/node_modules/miniflare/dist/src/workers/workflows/binding.worker.js:15150:13)
uncaught exception; exception = workerd/io/io-context.c++:1642: failed: jsg.Error: The Workers runtime canceled this request because it detected that your Worker's code had hung and would never generate a response. Refer to: https://developers.cloudflare.com/workers/observability/errors/
stack: 1035e137f
uncaught exception; exception = workerd/io/io-context.c++:1642: failed: jsg.Error: The Workers runtime canceled this request because it detected that your Worker's code had hung and would never generate a response. Refer to: https://developers.cloudflare.com/workers/observability/errors/
stack: 103c7d37f
uncaught exception; exception = workerd/io/io-context.c++:1642: failed: jsg.Error: The Workers runtime canceled this request because it detected that your Worker's code had hung and would never generate a response. Refer to: https://developers.cloudflare.com/workers/observability/errors/
stack: 103c7d37f
uncaught exception; exception = workerd/io/io-context.c++:1642: failed: jsg.Error: The Workers runtime canceled this request because it detected that your Worker's code had hung and would never generate a response. Refer to: https://developers.cloudflare.com/workers/observability/errors/
stack: 103c7d37f
uncaught exception; exception = workerd/io/io-context.c++:1642: failed: jsg.Error: The Workers runtime canceled this request because it detected that your Worker's code had hung and would never generate a response. Refer to: https://developers.cloudflare.com/workers/observability/errors/
stack: 103c7d37f
uncaught exception; exception = workerd/io/io-context.c++:1642: failed: jsg.Error: The Workers runtime canceled this request because it detected that your Worker's code had hung and would never generate a response. Refer to: https://developers.cloudflare.com/workers/observability/errors/
stack: 103c7d37f
uncaught exception; exception = workerd/io/io-context.c++:1642: failed: jsg.Error: The Workers runtime canceled this request because it detected that your Worker's code had hung and would never generate a response. Refer to: https://developers.cloudflare.com/workers/observability/errors/
stack: 103c7d37f
uncaught exception; exception = workerd/io/io-context.c++:1642: failed: jsg.Error: The Workers runtime canceled this request because it detected that your Worker's code had hung and would never generate a response. Refer to: https://developers.cloudflare.com/workers/observability/errors/
stack: 103c7d37f
uncaught exception; exception = workerd/io/io-context.c++:1642: failed: jsg.Error: The Workers runtime canceled this request because it detected that your Worker's code had hung and would never generate a response. Refer to: https://developers.cloudflare.com/workers/observability/errors/
stack: 103c7d37f
uncaught exception; source = Uncaught (in promise); stack = Error: Engine was never started
    at Engine.getStatus (file:///Users/marcus/Developer/card-keepr/node_modules/.pnpm/miniflare@5.20260908.0-alpha/node_modules/miniflare/dist/src/workers/workflows/binding.worker.js:14493:15)
uncaught exception; source = Uncaught (in promise); stack = Error: Engine was never started
    at Engine.getStatus (file:///Users/marcus/Developer/card-keepr/node_modules/.pnpm/miniflare@5.20260908.0-alpha/node_modules/miniflare/dist/src/workers/workflows/binding.worker.js:14493:15)
uncaught exception; source = Uncaught (in promise); stack = Error: instance.not_found
    at WorkflowBinding.get (file:///Users/marcus/Developer/card-keepr/node_modules/.pnpm/miniflare@5.20260908.0-alpha/node_modules/miniflare/dist/src/workers/workflows/binding.worker.js:15150:13)
uncaught exception; exception = workerd/io/io-context.c++:1642: failed: jsg.Error: The Workers runtime canceled this request because it detected that your Worker's code had hung and would never generate a response. Refer to: https://developers.cloudflare.com/workers/observability/errors/
stack: 103fdd37f
uncaught exception; source = Uncaught (in promise); stack = Error: Engine was never started
    at Engine.getStatus (file:///Users/marcus/Developer/card-keepr/node_modules/.pnpm/miniflare@5.20260908.0-alpha/node_modules/miniflare/dist/src/workers/workflows/binding.worker.js:14493:15)
uncaught exception; source = Uncaught (in promise); stack = Error: Engine was never started
    at Engine.getStatus (file:///Users/marcus/Developer/card-keepr/node_modules/.pnpm/miniflare@5.20260908.0-alpha/node_modules/miniflare/dist/src/workers/workflows/binding.worker.js:14493:15)
uncaught exception; source = Uncaught (in promise); stack = Error: instance.not_found
    at WorkflowBinding.get (file:///Users/marcus/Developer/card-keepr/node_modules/.pnpm/miniflare@5.20260908.0-alpha/node_modules/miniflare/dist/src/workers/workflows/binding.worker.js:15150:13)
uncaught exception; exception = workerd/io/io-context.c++:1642: failed: jsg.Error: The Workers runtime canceled this request because it detected that your Worker's code had hung and would never generate a response. Refer to: https://developers.cloudflare.com/workers/observability/errors/
stack: 103fdd37f
uncaught exception; source = Uncaught (in promise); stack = Error: Engine was never started
    at Engine.getStatus (file:///Users/marcus/Developer/card-keepr/node_modules/.pnpm/miniflare@5.20260908.0-alpha/node_modules/miniflare/dist/src/workers/workflows/binding.worker.js:14493:15)
uncaught exception; source = Uncaught (in promise); stack = Error: Engine was never started
    at Engine.getStatus (file:///Users/marcus/Developer/card-keepr/node_modules/.pnpm/miniflare@5.20260908.0-alpha/node_modules/miniflare/dist/src/workers/workflows/binding.worker.js:14493:15)
uncaught exception; source = Uncaught (in promise); stack = Error: instance.not_found
    at WorkflowBinding.get (file:///Users/marcus/Developer/card-keepr/node_modules/.pnpm/miniflare@5.20260908.0-alpha/node_modules/miniflare/dist/src/workers/workflows/binding.worker.js:15150:13)
uncaught exception; exception = workerd/io/io-context.c++:1642: failed: jsg.Error: The Workers runtime canceled this request because it detected that your Worker's code had hung and would never generate a response. Refer to: https://developers.cloudflare.com/workers/observability/errors/
stack: 103fdd37f
uncaught exception; source = Uncaught (in promise); stack = Error: Engine was never started
    at Engine.getStatus (file:///Users/marcus/Developer/card-keepr/node_modules/.pnpm/miniflare@5.20260908.0-alpha/node_modules/miniflare/dist/src/workers/workflows/binding.worker.js:14493:15)
uncaught exception; source = Uncaught (in promise); stack = Error: Engine was never started
    at Engine.getStatus (file:///Users/marcus/Developer/card-keepr/node_modules/.pnpm/miniflare@5.20260908.0-alpha/node_modules/miniflare/dist/src/workers/workflows/binding.worker.js:14493:15)
uncaught exception; source = Uncaught (in promise); stack = Error: instance.not_found
    at WorkflowBinding.get (file:///Users/marcus/Developer/card-keepr/node_modules/.pnpm/miniflare@5.20260908.0-alpha/node_modules/miniflare/dist/src/workers/workflows/binding.worker.js:15150:13)
uncaught exception; exception = workerd/io/io-context.c++:1642: failed: jsg.Error: The Workers runtime canceled this request because it detected that your Worker's code had hung and would never generate a response. Refer to: https://developers.cloudflare.com/workers/observability/errors/
stack: 103fdd37f
uncaught exception; exception = workerd/io/io-context.c++:1642: failed: jsg.Error: The Workers runtime canceled this request because it detected that your Worker's code had hung and would never generate a response. Refer to: https://developers.cloudflare.com/workers/observability/errors/
stack: 10349d37f
uncaught exception; exception = workerd/io/io-context.c++:1642: failed: jsg.Error: The Workers runtime canceled this request because it detected that your Worker's code had hung and would never generate a response. Refer to: https://developers.cloudflare.com/workers/observability/errors/
stack: 10349d37f
uncaught exception; exception = workerd/io/io-context.c++:1642: failed: jsg.Error: The Workers runtime canceled this request because it detected that your Worker's code had hung and would never generate a response. Refer to: https://developers.cloudflare.com/workers/observability/errors/
stack: 10349d37f
uncaught exception; exception = workerd/io/io-context.c++:1642: failed: jsg.Error: The Workers runtime canceled this request because it detected that your Worker's code had hung and would never generate a response. Refer to: https://developers.cloudflare.com/workers/observability/errors/
stack: 10349d37f
uncaught exception; exception = workerd/io/io-context.c++:1642: failed: jsg.Error: The Workers runtime canceled this request because it detected that your Worker's code had hung and would never generate a response. Refer to: https://developers.cloudflare.com/workers/observability/errors/
stack: 10161937f
uncaught exception; exception = workerd/io/io-context.c++:1642: failed: jsg.Error: The Workers runtime canceled this request because it detected that your Worker's code had hung and would never generate a response. Refer to: https://developers.cloudflare.com/workers/observability/errors/
stack: 10161937f
uncaught exception; exception = workerd/io/io-context.c++:1642: failed: jsg.Error: The Workers runtime canceled this request because it detected that your Worker's code had hung and would never generate a response. Refer to: https://developers.cloudflare.com/workers/observability/errors/
stack: 10161937f
uncaught exception; exception = workerd/io/io-context.c++:1642: failed: jsg.Error: The Workers runtime canceled this request because it detected that your Worker's code had hung and would never generate a response. Refer to: https://developers.cloudflare.com/workers/observability/errors/
stack: 10161937f
uncaught exception; source = Uncaught (in promise); stack = Error: Engine was never started
    at Engine.getStatus (file:///Users/marcus/Developer/card-keepr/node_modules/.pnpm/miniflare@5.20260908.0-alpha/node_modules/miniflare/dist/src/workers/workflows/binding.worker.js:14493:15)
uncaught exception; source = Uncaught (in promise); stack = Error: Engine was never started
    at Engine.getStatus (file:///Users/marcus/Developer/card-keepr/node_modules/.pnpm/miniflare@5.20260908.0-alpha/node_modules/miniflare/dist/src/workers/workflows/binding.worker.js:14493:15)
uncaught exception; source = Uncaught (in promise); stack = Error: Engine was never started
    at Engine.getStatus (file:///Users/marcus/Developer/card-keepr/node_modules/.pnpm/miniflare@5.20260908.0-alpha/node_modules/miniflare/dist/src/workers/workflows/binding.worker.js:14493:15)
uncaught exception; source = Uncaught (in promise); stack = Error: Engine was never started
    at Engine.getStatus (file:///Users/marcus/Developer/card-keepr/node_modules/.pnpm/miniflare@5.20260908.0-alpha/node_modules/miniflare/dist/src/workers/workflows/binding.worker.js:14493:15)
uncaught exception; source = Uncaught (in promise); stack = Error: Engine was never started
    at Engine.getStatus (file:///Users/marcus/Developer/card-keepr/node_modules/.pnpm/miniflare@5.20260908.0-alpha/node_modules/miniflare/dist/src/workers/workflows/binding.worker.js:14493:15)
uncaught exception; source = Uncaught (in promise); stack = Error: Engine was never started
    at Engine.getStatus (file:///Users/marcus/Developer/card-keepr/node_modules/.pnpm/miniflare@5.20260908.0-alpha/node_modules/miniflare/dist/src/workers/workflows/binding.worker.js:14493:15)
uncaught exception; source = Uncaught (in promise); stack = Error: Engine was never started
    at Engine.getStatus (file:///Users/marcus/Developer/card-keepr/node_modules/.pnpm/miniflare@5.20260908.0-alpha/node_modules/miniflare/dist/src/workers/workflows/binding.worker.js:14493:15)
uncaught exception; source = Uncaught (in promise); stack = Error: Engine was never started
    at Engine.getStatus (file:///Users/marcus/Developer/card-keepr/node_modules/.pnpm/miniflare@5.20260908.0-alpha/node_modules/miniflare/dist/src/workers/workflows/binding.worker.js:14493:15)
uncaught exception; source = Uncaught (in promise); stack = Error: instance.not_found
    at WorkflowBinding.get (file:///Users/marcus/Developer/card-keepr/node_modules/.pnpm/miniflare@5.20260908.0-alpha/node_modules/miniflare/dist/src/workers/workflows/binding.worker.js:15150:13)
uncaught exception; source = Uncaught (in promise); stack = Error: instance.not_found
    at WorkflowBinding.get (file:///Users/marcus/Developer/card-keepr/node_modules/.pnpm/miniflare@5.20260908.0-alpha/node_modules/miniflare/dist/src/workers/workflows/binding.worker.js:15150:13)
uncaught exception; source = Uncaught (in promise); stack = Error: instance.not_found
    at WorkflowBinding.get (file:///Users/marcus/Developer/card-keepr/node_modules/.pnpm/miniflare@5.20260908.0-alpha/node_modules/miniflare/dist/src/workers/workflows/binding.worker.js:15150:13)
uncaught exception; source = Uncaught (in promise); stack = Error: instance.not_found
    at WorkflowBinding.get (file:///Users/marcus/Developer/card-keepr/node_modules/.pnpm/miniflare@5.20260908.0-alpha/node_modules/miniflare/dist/src/workers/workflows/binding.worker.js:15150:13)
uncaught exception; source = Uncaught (in promise); stack = Error: Engine was never started
    at Engine.getStatus (file:///Users/marcus/Developer/card-keepr/node_modules/.pnpm/miniflare@5.20260908.0-alpha/node_modules/miniflare/dist/src/workers/workflows/binding.worker.js:14493:15)
uncaught exception; source = Uncaught (in promise); stack = Error: Engine was never started
    at Engine.getStatus (file:///Users/marcus/Developer/card-keepr/node_modules/.pnpm/miniflare@5.20260908.0-alpha/node_modules/miniflare/dist/src/workers/workflows/binding.worker.js:14493:15)
uncaught exception; source = Uncaught (in promise); stack = Error: Engine was never started
    at Engine.getStatus (file:///Users/marcus/Developer/card-keepr/node_modules/.pnpm/miniflare@5.20260908.0-alpha/node_modules/miniflare/dist/src/workers/workflows/binding.worker.js:14493:15)
uncaught exception; source = Uncaught (in promise); stack = Error: Engine was never started
    at Engine.getStatus (file:///Users/marcus/Developer/card-keepr/node_modules/.pnpm/miniflare@5.20260908.0-alpha/node_modules/miniflare/dist/src/workers/workflows/binding.worker.js:14493:15)
uncaught exception; source = Uncaught (in promise); stack = Error: Engine was never started
    at Engine.getStatus (file:///Users/marcus/Developer/card-keepr/node_modules/.pnpm/miniflare@5.20260908.0-alpha/node_modules/miniflare/dist/src/workers/workflows/binding.worker.js:14493:15)
uncaught exception; source = Uncaught (in promise); stack = Error: Engine was never started
    at Engine.getStatus (file:///Users/marcus/Developer/card-keepr/node_modules/.pnpm/miniflare@5.20260908.0-alpha/node_modules/miniflare/dist/src/workers/workflows/binding.worker.js:14493:15)
uncaught exception; source = Uncaught (in promise); stack = Error: Engine was never started
    at Engine.getStatus (file:///Users/marcus/Developer/card-keepr/node_modules/.pnpm/miniflare@5.20260908.0-alpha/node_modules/miniflare/dist/src/workers/workflows/binding.worker.js:14493:15)
uncaught exception; source = Uncaught (in promise); stack = Error: Engine was never started
    at Engine.getStatus (file:///Users/marcus/Developer/card-keepr/node_modules/.pnpm/miniflare@5.20260908.0-alpha/node_modules/miniflare/dist/src/workers/workflows/binding.worker.js:14493:15)
uncaught exception; source = Uncaught (in promise); stack = Error: instance.not_found
    at WorkflowBinding.get (file:///Users/marcus/Developer/card-keepr/node_modules/.pnpm/miniflare@5.20260908.0-alpha/node_modules/miniflare/dist/src/workers/workflows/binding.worker.js:15150:13)
uncaught exception; source = Uncaught (in promise); stack = Error: instance.not_found
    at WorkflowBinding.get (file:///Users/marcus/Developer/card-keepr/node_modules/.pnpm/miniflare@5.20260908.0-alpha/node_modules/miniflare/dist/src/workers/workflows/binding.worker.js:15150:13)
uncaught exception; source = Uncaught (in promise); stack = Error: instance.not_found
    at WorkflowBinding.get (file:///Users/marcus/Developer/card-keepr/node_modules/.pnpm/miniflare@5.20260908.0-alpha/node_modules/miniflare/dist/src/workers/workflows/binding.worker.js:15150:13)
uncaught exception; source = Uncaught (in promise); stack = Error: instance.not_found
    at WorkflowBinding.get (file:///Users/marcus/Developer/card-keepr/node_modules/.pnpm/miniflare@5.20260908.0-alpha/node_modules/miniflare/dist/src/workers/workflows/binding.worker.js:15150:13)
uncaught exception; source = Uncaught (in promise); stack = Error: Engine was never started
    at Engine.getStatus (file:///Users/marcus/Developer/card-keepr/node_modules/.pnpm/miniflare@5.20260908.0-alpha/node_modules/miniflare/dist/src/workers/workflows/binding.worker.js:14493:15)
uncaught exception; source = Uncaught (in promise); stack = Error: Engine was never started
    at Engine.getStatus (file:///Users/marcus/Developer/card-keepr/node_modules/.pnpm/miniflare@5.20260908.0-alpha/node_modules/miniflare/dist/src/workers/workflows/binding.worker.js:14493:15)
uncaught exception; source = Uncaught (in promise); stack = Error: Engine was never started
    at Engine.getStatus (file:///Users/marcus/Developer/card-keepr/node_modules/.pnpm/miniflare@5.20260908.0-alpha/node_modules/miniflare/dist/src/workers/workflows/binding.worker.js:14493:15)
uncaught exception; source = Uncaught (in promise); stack = Error: Engine was never started
    at Engine.getStatus (file:///Users/marcus/Developer/card-keepr/node_modules/.pnpm/miniflare@5.20260908.0-alpha/node_modules/miniflare/dist/src/workers/workflows/binding.worker.js:14493:15)
uncaught exception; source = Uncaught (in promise); stack = Error: Engine was never started
    at Engine.getStatus (file:///Users/marcus/Developer/card-keepr/node_modules/.pnpm/miniflare@5.20260908.0-alpha/node_modules/miniflare/dist/src/workers/workflows/binding.worker.js:14493:15)
uncaught exception; source = Uncaught (in promise); stack = Error: Engine was never started
    at Engine.getStatus (file:///Users/marcus/Developer/card-keepr/node_modules/.pnpm/miniflare@5.20260908.0-alpha/node_modules/miniflare/dist/src/workers/workflows/binding.worker.js:14493:15)
uncaught exception; source = Uncaught (in promise); stack = Error: instance.not_found
    at WorkflowBinding.get (file:///Users/marcus/Developer/card-keepr/node_modules/.pnpm/miniflare@5.20260908.0-alpha/node_modules/miniflare/dist/src/workers/workflows/binding.worker.js:15150:13)
uncaught exception; source = Uncaught (in promise); stack = Error: instance.not_found
    at WorkflowBinding.get (file:///Users/marcus/Developer/card-keepr/node_modules/.pnpm/miniflare@5.20260908.0-alpha/node_modules/miniflare/dist/src/workers/workflows/binding.worker.js:15150:13)
uncaught exception; source = Uncaught (in promise); stack = Error: instance.not_found
    at WorkflowBinding.get (file:///Users/marcus/Developer/card-keepr/node_modules/.pnpm/miniflare@5.20260908.0-alpha/node_modules/miniflare/dist/src/workers/workflows/binding.worker.js:15150:13)
uncaught exception; source = Uncaught (in promise); stack = Error: Engine was never started
    at Engine.getStatus (file:///Users/marcus/Developer/card-keepr/node_modules/.pnpm/miniflare@5.20260908.0-alpha/node_modules/miniflare/dist/src/workers/workflows/binding.worker.js:14493:15)
uncaught exception; source = Uncaught (in promise); stack = Error: Engine was never started
    at Engine.getStatus (file:///Users/marcus/Developer/card-keepr/node_modules/.pnpm/miniflare@5.20260908.0-alpha/node_modules/miniflare/dist/src/workers/workflows/binding.worker.js:14493:15)
uncaught exception; source = Uncaught (in promise); stack = Error: Engine was never started
    at Engine.getStatus (file:///Users/marcus/Developer/card-keepr/node_modules/.pnpm/miniflare@5.20260908.0-alpha/node_modules/miniflare/dist/src/workers/workflows/binding.worker.js:14493:15)
uncaught exception; source = Uncaught (in promise); stack = Error: Engine was never started
    at Engine.getStatus (file:///Users/marcus/Developer/card-keepr/node_modules/.pnpm/miniflare@5.20260908.0-alpha/node_modules/miniflare/dist/src/workers/workflows/binding.worker.js:14493:15)
uncaught exception; source = Uncaught (in promise); stack = Error: Engine was never started
    at Engine.getStatus (file:///Users/marcus/Developer/card-keepr/node_modules/.pnpm/miniflare@5.20260908.0-alpha/node_modules/miniflare/dist/src/workers/workflows/binding.worker.js:14493:15)
uncaught exception; source = Uncaught (in promise); stack = Error: Engine was never started
    at Engine.getStatus (file:///Users/marcus/Developer/card-keepr/node_modules/.pnpm/miniflare@5.20260908.0-alpha/node_modules/miniflare/dist/src/workers/workflows/binding.worker.js:14493:15)
uncaught exception; source = Uncaught (in promise); stack = Error: instance.not_found
    at WorkflowBinding.get (file:///Users/marcus/Developer/card-keepr/node_modules/.pnpm/miniflare@5.20260908.0-alpha/node_modules/miniflare/dist/src/workers/workflows/binding.worker.js:15150:13)
uncaught exception; source = Uncaught (in promise); stack = Error: instance.not_found
    at WorkflowBinding.get (file:///Users/marcus/Developer/card-keepr/node_modules/.pnpm/miniflare@5.20260908.0-alpha/node_modules/miniflare/dist/src/workers/workflows/binding.worker.js:15150:13)
uncaught exception; source = Uncaught (in promise); stack = Error: instance.not_found
    at WorkflowBinding.get (file:///Users/marcus/Developer/card-keepr/node_modules/.pnpm/miniflare@5.20260908.0-alpha/node_modules/miniflare/dist/src/workers/workflows/binding.worker.js:15150:13)
uncaught exception; source = Uncaught (in promise); stack = Error: Engine was never started
    at Engine.getStatus (file:///Users/marcus/Developer/card-keepr/node_modules/.pnpm/miniflare@5.20260908.0-alpha/node_modules/miniflare/dist/src/workers/workflows/binding.worker.js:14493:15)
uncaught exception; source = Uncaught (in promise); stack = Error: Engine was never started
    at Engine.getStatus (file:///Users/marcus/Developer/card-keepr/node_modules/.pnpm/miniflare@5.20260908.0-alpha/node_modules/miniflare/dist/src/workers/workflows/binding.worker.js:14493:15)
uncaught exception; source = Uncaught (in promise); stack = Error: Engine was never started
    at Engine.getStatus (file:///Users/marcus/Developer/card-keepr/node_modules/.pnpm/miniflare@5.20260908.0-alpha/node_modules/miniflare/dist/src/workers/workflows/binding.worker.js:14493:15)
uncaught exception; source = Uncaught (in promise); stack = Error: Engine was never started
    at Engine.getStatus (file:///Users/marcus/Developer/card-keepr/node_modules/.pnpm/miniflare@5.20260908.0-alpha/node_modules/miniflare/dist/src/workers/workflows/binding.worker.js:14493:15)
uncaught exception; source = Uncaught (in promise); stack = Error: Engine was never started
    at Engine.getStatus (file:///Users/marcus/Developer/card-keepr/node_modules/.pnpm/miniflare@5.20260908.0-alpha/node_modules/miniflare/dist/src/workers/workflows/binding.worker.js:14493:15)
uncaught exception; source = Uncaught (in promise); stack = Error: Engine was never started
    at Engine.getStatus (file:///Users/marcus/Developer/card-keepr/node_modules/.pnpm/miniflare@5.20260908.0-alpha/node_modules/miniflare/dist/src/workers/workflows/binding.worker.js:14493:15)
uncaught exception; source = Uncaught (in promise); stack = Error: Engine was never started
    at Engine.getStatus (file:///Users/marcus/Developer/card-keepr/node_modules/.pnpm/miniflare@5.20260908.0-alpha/node_modules/miniflare/dist/src/workers/workflows/binding.worker.js:14493:15)
uncaught exception; source = Uncaught (in promise); stack = Error: instance.not_found
    at WorkflowBinding.get (file:///Users/marcus/Developer/card-keepr/node_modules/.pnpm/miniflare@5.20260908.0-alpha/node_modules/miniflare/dist/src/workers/workflows/binding.worker.js:15150:13)
uncaught exception; source = Uncaught (in promise); stack = Error: instance.not_found
    at WorkflowBinding.get (file:///Users/marcus/Developer/card-keepr/node_modules/.pnpm/miniflare@5.20260908.0-alpha/node_modules/miniflare/dist/src/workers/workflows/binding.worker.js:15150:13)
uncaught exception; source = Uncaught (in promise); stack = Error: Engine was never started
    at Engine.getStatus (file:///Users/marcus/Developer/card-keepr/node_modules/.pnpm/miniflare@5.20260908.0-alpha/node_modules/miniflare/dist/src/workers/workflows/binding.worker.js:14493:15)
uncaught exception; source = Uncaught (in promise); stack = Error: instance.not_found
    at WorkflowBinding.get (file:///Users/marcus/Developer/card-keepr/node_modules/.pnpm/miniflare@5.20260908.0-alpha/node_modules/miniflare/dist/src/workers/workflows/binding.worker.js:15150:13)
uncaught exception; source = Uncaught (in promise); stack = Error: instance.not_found
    at WorkflowBinding.get (file:///Users/marcus/Developer/card-keepr/node_modules/.pnpm/miniflare@5.20260908.0-alpha/node_modules/miniflare/dist/src/workers/workflows/binding.worker.js:15150:13)
uncaught exception; source = Uncaught (in promise); stack = Error: Engine was never started
    at Engine.getStatus (file:///Users/marcus/Developer/card-keepr/node_modules/.pnpm/miniflare@5.20260908.0-alpha/node_modules/miniflare/dist/src/workers/workflows/binding.worker.js:14493:15)
uncaught exception; source = Uncaught (in promise); stack = Error: Engine was never started
    at Engine.getStatus (file:///Users/marcus/Developer/card-keepr/node_modules/.pnpm/miniflare@5.20260908.0-alpha/node_modules/miniflare/dist/src/workers/workflows/binding.worker.js:14493:15)
uncaught exception; source = Uncaught (in promise); stack = Error: Engine was never started
    at Engine.getStatus (file:///Users/marcus/Developer/card-keepr/node_modules/.pnpm/miniflare@5.20260908.0-alpha/node_modules/miniflare/dist/src/workers/workflows/binding.worker.js:14493:15)
uncaught exception; source = Uncaught (in promise); stack = Error: Engine was never started
    at Engine.getStatus (file:///Users/marcus/Developer/card-keepr/node_modules/.pnpm/miniflare@5.20260908.0-alpha/node_modules/miniflare/dist/src/workers/workflows/binding.worker.js:14493:15)
uncaught exception; source = Uncaught (in promise); stack = Error: Engine was never started
    at Engine.getStatus (file:///Users/marcus/Developer/card-keepr/node_modules/.pnpm/miniflare@5.20260908.0-alpha/node_modules/miniflare/dist/src/workers/workflows/binding.worker.js:14493:15)
uncaught exception; source = Uncaught (in promise); stack = Error: Engine was never started
    at Engine.getStatus (file:///Users/marcus/Developer/card-keepr/node_modules/.pnpm/miniflare@5.20260908.0-alpha/node_modules/miniflare/dist/src/workers/workflows/binding.worker.js:14493:15)
uncaught exception; source = Uncaught (in promise); stack = Error: Engine was never started
    at Engine.getStatus (file:///Users/marcus/Developer/card-keepr/node_modules/.pnpm/miniflare@5.20260908.0-alpha/node_modules/miniflare/dist/src/workers/workflows/binding.worker.js:14493:15)
uncaught exception; source = Uncaught (in promise); stack = Error: Engine was never started
    at Engine.getStatus (file:///Users/marcus/Developer/card-keepr/node_modules/.pnpm/miniflare@5.20260908.0-alpha/node_modules/miniflare/dist/src/workers/workflows/binding.worker.js:14493:15)
uncaught exception; source = Uncaught (in promise); stack = Error: instance.not_found
    at WorkflowBinding.get (file:///Users/marcus/Developer/card-keepr/node_modules/.pnpm/miniflare@5.20260908.0-alpha/node_modules/miniflare/dist/src/workers/workflows/binding.worker.js:15150:13)
uncaught exception; source = Uncaught (in promise); stack = Error: instance.not_found
    at WorkflowBinding.get (file:///Users/marcus/Developer/card-keepr/node_modules/.pnpm/miniflare@5.20260908.0-alpha/node_modules/miniflare/dist/src/workers/workflows/binding.worker.js:15150:13)
uncaught exception; source = Uncaught (in promise); stack = Error: instance.not_found
    at WorkflowBinding.get (file:///Users/marcus/Developer/card-keepr/node_modules/.pnpm/miniflare@5.20260908.0-alpha/node_modules/miniflare/dist/src/workers/workflows/binding.worker.js:15150:13)
uncaught exception; source = Uncaught (in promise); stack = Error: instance.not_found
    at WorkflowBinding.get (file:///Users/marcus/Developer/card-keepr/node_modules/.pnpm/miniflare@5.20260908.0-alpha/node_modules/miniflare/dist/src/workers/workflows/binding.worker.js:15150:13)
uncaught exception; source = Uncaught (in promise); stack = Error: Engine was never started
    at Engine.getStatus (file:///Users/marcus/Developer/card-keepr/node_modules/.pnpm/miniflare@5.20260908.0-alpha/node_modules/miniflare/dist/src/workers/workflows/binding.worker.js:14493:15)
uncaught exception; source = Uncaught (in promise); stack = Error: Engine was never started
    at Engine.getStatus (file:///Users/marcus/Developer/card-keepr/node_modules/.pnpm/miniflare@5.20260908.0-alpha/node_modules/miniflare/dist/src/workers/workflows/binding.worker.js:14493:15)
uncaught exception; source = Uncaught (in promise); stack = Error: instance.not_found
    at WorkflowBinding.get (file:///Users/marcus/Developer/card-keepr/node_modules/.pnpm/miniflare@5.20260908.0-alpha/node_modules/miniflare/dist/src/workers/workflows/binding.worker.js:15150:13)
uncaught exception; source = Uncaught (in promise); stack = Error: Engine was never started
    at Engine.getStatus (file:///Users/marcus/Developer/card-keepr/node_modules/.pnpm/miniflare@5.20260908.0-alpha/node_modules/miniflare/dist/src/workers/workflows/binding.worker.js:14493:15)
uncaught exception; source = Uncaught (in promise); stack = Error: Engine was never started
    at Engine.getStatus (file:///Users/marcus/Developer/card-keepr/node_modules/.pnpm/miniflare@5.20260908.0-alpha/node_modules/miniflare/dist/src/workers/workflows/binding.worker.js:14493:15)
uncaught exception; source = Uncaught (in promise); stack = Error: Engine was never started
    at Engine.getStatus (file:///Users/marcus/Developer/card-keepr/node_modules/.pnpm/miniflare@5.20260908.0-alpha/node_modules/miniflare/dist/src/workers/workflows/binding.worker.js:14493:15)
uncaught exception; source = Uncaught (in promise); stack = Error: Engine was never started
    at Engine.getStatus (file:///Users/marcus/Developer/card-keepr/node_modules/.pnpm/miniflare@5.20260908.0-alpha/node_modules/miniflare/dist/src/workers/workflows/binding.worker.js:14493:15)
uncaught exception; source = Uncaught (in promise); stack = Error: Engine was never started
    at Engine.getStatus (file:///Users/marcus/Developer/card-keepr/node_modules/.pnpm/miniflare@5.20260908.0-alpha/node_modules/miniflare/dist/src/workers/workflows/binding.worker.js:14493:15)
uncaught exception; source = Uncaught (in promise); stack = Error: Engine was never started
    at Engine.getStatus (file:///Users/marcus/Developer/card-keepr/node_modules/.pnpm/miniflare@5.20260908.0-alpha/node_modules/miniflare/dist/src/workers/workflows/binding.worker.js:14493:15)
uncaught exception; source = Uncaught (in promise); stack = Error: Engine was never started
    at Engine.getStatus (file:///Users/marcus/Developer/card-keepr/node_modules/.pnpm/miniflare@5.20260908.0-alpha/node_modules/miniflare/dist/src/workers/workflows/binding.worker.js:14493:15)
uncaught exception; source = Uncaught (in promise); stack = Error: instance.not_found
    at WorkflowBinding.get (file:///Users/marcus/Developer/card-keepr/node_modules/.pnpm/miniflare@5.20260908.0-alpha/node_modules/miniflare/dist/src/workers/workflows/binding.worker.js:15150:13)
uncaught exception; source = Uncaught (in promise); stack = Error: instance.not_found
    at WorkflowBinding.get (file:///Users/marcus/Developer/card-keepr/node_modules/.pnpm/miniflare@5.20260908.0-alpha/node_modules/miniflare/dist/src/workers/workflows/binding.worker.js:15150:13)
uncaught exception; source = Uncaught (in promise); stack = Error: Engine was never started
    at Engine.getStatus (file:///Users/marcus/Developer/card-keepr/node_modules/.pnpm/miniflare@5.20260908.0-alpha/node_modules/miniflare/dist/src/workers/workflows/binding.worker.js:14493:15)
uncaught exception; source = Uncaught (in promise); stack = Error: instance.not_found
    at WorkflowBinding.get (file:///Users/marcus/Developer/card-keepr/node_modules/.pnpm/miniflare@5.20260908.0-alpha/node_modules/miniflare/dist/src/workers/workflows/binding.worker.js:15150:13)
uncaught exception; source = Uncaught (in promise); stack = Error: instance.not_found
    at WorkflowBinding.get (file:///Users/marcus/Developer/card-keepr/node_modules/.pnpm/miniflare@5.20260908.0-alpha/node_modules/miniflare/dist/src/workers/workflows/binding.worker.js:15150:13)
uncaught exception; source = Uncaught (in promise); stack = Error: Engine was never started
    at Engine.getStatus (file:///Users/marcus/Developer/card-keepr/node_modules/.pnpm/miniflare@5.20260908.0-alpha/node_modules/miniflare/dist/src/workers/workflows/binding.worker.js:14493:15)
uncaught exception; source = Uncaught (in promise); stack = Error: Engine was never started
    at Engine.getStatus (file:///Users/marcus/Developer/card-keepr/node_modules/.pnpm/miniflare@5.20260908.0-alpha/node_modules/miniflare/dist/src/workers/workflows/binding.worker.js:14493:15)
uncaught exception; source = Uncaught (in promise); stack = Error: instance.not_found
    at WorkflowBinding.get (file:///Users/marcus/Developer/card-keepr/node_modules/.pnpm/miniflare@5.20260908.0-alpha/node_modules/miniflare/dist/src/workers/workflows/binding.worker.js:15150:13)
uncaught exception; source = Uncaught (in promise); stack = Error: Engine was never started
    at Engine.getStatus (file:///Users/marcus/Developer/card-keepr/node_modules/.pnpm/miniflare@5.20260908.0-alpha/node_modules/miniflare/dist/src/workers/workflows/binding.worker.js:14493:15)
uncaught exception; source = Uncaught (in promise); stack = Error: Engine was never started
    at Engine.getStatus (file:///Users/marcus/Developer/card-keepr/node_modules/.pnpm/miniflare@5.20260908.0-alpha/node_modules/miniflare/dist/src/workers/workflows/binding.worker.js:14493:15)
uncaught exception; source = Uncaught (in promise); stack = Error: instance.not_found
    at WorkflowBinding.get (file:///Users/marcus/Developer/card-keepr/node_modules/.pnpm/miniflare@5.20260908.0-alpha/node_modules/miniflare/dist/src/workers/workflows/binding.worker.js:15150:13)
uncaught exception; source = Uncaught (in promise); stack = Error: Engine was never started
    at Engine.getStatus (file:///Users/marcus/Developer/card-keepr/node_modules/.pnpm/miniflare@5.20260908.0-alpha/node_modules/miniflare/dist/src/workers/workflows/binding.worker.js:14493:15)
uncaught exception; source = Uncaught (in promise); stack = Error: Engine was never started
    at Engine.getStatus (file:///Users/marcus/Developer/card-keepr/node_modules/.pnpm/miniflare@5.20260908.0-alpha/node_modules/miniflare/dist/src/workers/workflows/binding.worker.js:14493:15)
uncaught exception; source = Uncaught (in promise); stack = Error: instance.not_found
    at WorkflowBinding.get (file:///Users/marcus/Developer/card-keepr/node_modules/.pnpm/miniflare@5.20260908.0-alpha/node_modules/miniflare/dist/src/workers/workflows/binding.worker.js:15150:13)
uncaught exception; source = Uncaught (in promise); stack = Error: Engine was never started
    at Engine.getStatus (file:///Users/marcus/Developer/card-keepr/node_modules/.pnpm/miniflare@5.20260908.0-alpha/node_modules/miniflare/dist/src/workers/workflows/binding.worker.js:14493:15)
uncaught exception; source = Uncaught (in promise); stack = Error: Engine was never started
    at Engine.getStatus (file:///Users/marcus/Developer/card-keepr/node_modules/.pnpm/miniflare@5.20260908.0-alpha/node_modules/miniflare/dist/src/workers/workflows/binding.worker.js:14493:15)
uncaught exception; source = Uncaught (in promise); stack = Error: instance.not_found
    at WorkflowBinding.get (file:///Users/marcus/Developer/card-keepr/node_modules/.pnpm/miniflare@5.20260908.0-alpha/node_modules/miniflare/dist/src/workers/workflows/binding.worker.js:15150:13)
uncaught exception; source = Uncaught (in promise); stack = Error: Engine was never started
    at Engine.getStatus (file:///Users/marcus/Developer/card-keepr/node_modules/.pnpm/miniflare@5.20260908.0-alpha/node_modules/miniflare/dist/src/workers/workflows/binding.worker.js:14493:15)
uncaught exception; source = Uncaught (in promise); stack = Error: Engine was never started
    at Engine.getStatus (file:///Users/marcus/Developer/card-keepr/node_modules/.pnpm/miniflare@5.20260908.0-alpha/node_modules/miniflare/dist/src/workers/workflows/binding.worker.js:14493:15)
uncaught exception; source = Uncaught (in promise); stack = Error: instance.not_found
    at WorkflowBinding.get (file:///Users/marcus/Developer/card-keepr/node_modules/.pnpm/miniflare@5.20260908.0-alpha/node_modules/miniflare/dist/src/workers/workflows/binding.worker.js:15150:13)
uncaught exception; source = Uncaught (in promise); stack = Error: Engine was never started
    at Engine.getStatus (file:///Users/marcus/Developer/card-keepr/node_modules/.pnpm/miniflare@5.20260908.0-alpha/node_modules/miniflare/dist/src/workers/workflows/binding.worker.js:14493:15)
uncaught exception; source = Uncaught (in promise); stack = Error: Engine was never started
    at Engine.getStatus (file:///Users/marcus/Developer/card-keepr/node_modules/.pnpm/miniflare@5.20260908.0-alpha/node_modules/miniflare/dist/src/workers/workflows/binding.worker.js:14493:15)
uncaught exception; source = Uncaught (in promise); stack = Error: instance.not_found
    at WorkflowBinding.get (file:///Users/marcus/Developer/card-keepr/node_modules/.pnpm/miniflare@5.20260908.0-alpha/node_modules/miniflare/dist/src/workers/workflows/binding.worker.js:15150:13)
uncaught exception; source = Uncaught (in promise); stack = Error: Engine was never started
    at Engine.getStatus (file:///Users/marcus/Developer/card-keepr/node_modules/.pnpm/miniflare@5.20260908.0-alpha/node_modules/miniflare/dist/src/workers/workflows/binding.worker.js:14493:15)
uncaught exception; source = Uncaught (in promise); stack = Error: Engine was never started
    at Engine.getStatus (file:///Users/marcus/Developer/card-keepr/node_modules/.pnpm/miniflare@5.20260908.0-alpha/node_modules/miniflare/dist/src/workers/workflows/binding.worker.js:14493:15)
uncaught exception; source = Uncaught (in promise); stack = Error: instance.not_found
    at WorkflowBinding.get (file:///Users/marcus/Developer/card-keepr/node_modules/.pnpm/miniflare@5.20260908.0-alpha/node_modules/miniflare/dist/src/workers/workflows/binding.worker.js:15150:13)
uncaught exception; exception = workerd/io/io-context.c++:1642: failed: jsg.Error: The Workers runtime canceled this request because it detected that your Worker's code had hung and would never generate a response. Refer to: https://developers.cloudflare.com/workers/observability/errors/
stack: 1058a137f
uncaught exception; exception = workerd/io/io-context.c++:1642: failed: jsg.Error: The Workers runtime canceled this request because it detected that your Worker's code had hung and would never generate a response. Refer to: https://developers.cloudflare.com/workers/observability/errors/
stack: 1058a137f
uncaught exception; exception = workerd/io/io-context.c++:1642: failed: jsg.Error: The Workers runtime canceled this request because it detected that your Worker's code had hung and would never generate a response. Refer to: https://developers.cloudflare.com/workers/observability/errors/
stack: 1058a137f
uncaught exception; exception = workerd/io/io-context.c++:1642: failed: jsg.Error: The Workers runtime canceled this request because it detected that your Worker's code had hung and would never generate a response. Refer to: https://developers.cloudflare.com/workers/observability/errors/
stack: 1058a137f
uncaught exception; exception = workerd/io/io-context.c++:1642: failed: jsg.Error: The Workers runtime canceled this request because it detected that your Worker's code had hung and would never generate a response. Refer to: https://developers.cloudflare.com/workers/observability/errors/
stack: 1058a137f
uncaught exception; exception = workerd/io/io-context.c++:1642: failed: jsg.Error: The Workers runtime canceled this request because it detected that your Worker's code had hung and would never generate a response. Refer to: https://developers.cloudflare.com/workers/observability/errors/
stack: 1058a137f
uncaught exception; exception = workerd/io/io-context.c++:1642: failed: jsg.Error: The Workers runtime canceled this request because it detected that your Worker's code had hung and would never generate a response. Refer to: https://developers.cloudflare.com/workers/observability/errors/
stack: 1058a137f
uncaught exception; exception = workerd/io/io-context.c++:1642: failed: jsg.Error: The Workers runtime canceled this request because it detected that your Worker's code had hung and would never generate a response. Refer to: https://developers.cloudflare.com/workers/observability/errors/
stack: 101ced37f
uncaught exception; exception = workerd/io/io-context.c++:1642: failed: jsg.Error: The Workers runtime canceled this request because it detected that your Worker's code had hung and would never generate a response. Refer to: https://developers.cloudflare.com/workers/observability/errors/
stack: 101ced37f
uncaught exception; exception = workerd/io/io-context.c++:1642: failed: jsg.Error: The Workers runtime canceled this request because it detected that your Worker's code had hung and would never generate a response. Refer to: https://developers.cloudflare.com/workers/observability/errors/
stack: 101ced37f
uncaught exception; exception = workerd/io/io-context.c++:1642: failed: jsg.Error: The Workers runtime canceled this request because it detected that your Worker's code had hung and would never generate a response. Refer to: https://developers.cloudflare.com/workers/observability/errors/
stack: 101ced37f
uncaught exception; exception = workerd/io/io-context.c++:1642: failed: jsg.Error: The Workers runtime canceled this request because it detected that your Worker's code had hung and would never generate a response. Refer to: https://developers.cloudflare.com/workers/observability/errors/
stack: 101ced37f
uncaught exception; source = Uncaught (in promise); stack = Error: Engine was never started
    at Engine.getStatus (file:///Users/marcus/Developer/card-keepr/node_modules/.pnpm/miniflare@5.20260908.0-alpha/node_modules/miniflare/dist/src/workers/workflows/binding.worker.js:14493:15)
uncaught exception; source = Uncaught (in promise); stack = Error: Engine was never started
    at Engine.getStatus (file:///Users/marcus/Developer/card-keepr/node_modules/.pnpm/miniflare@5.20260908.0-alpha/node_modules/miniflare/dist/src/workers/workflows/binding.worker.js:14493:15)
uncaught exception; source = Uncaught (in promise); stack = Error: instance.not_found
    at WorkflowBinding.get (file:///Users/marcus/Developer/card-keepr/node_modules/.pnpm/miniflare@5.20260908.0-alpha/node_modules/miniflare/dist/src/workers/workflows/binding.worker.js:15150:13)
uncaught exception; exception = workerd/io/io-context.c++:1642: failed: jsg.Error: The Workers runtime canceled this request because it detected that your Worker's code had hung and would never generate a response. Refer to: https://developers.cloudflare.com/workers/observability/errors/
stack: 1058a137f
uncaught exception; source = Uncaught (in promise); stack = Error: Engine was never started
    at Engine.getStatus (file:///Users/marcus/Developer/card-keepr/node_modules/.pnpm/miniflare@5.20260908.0-alpha/node_modules/miniflare/dist/src/workers/workflows/binding.worker.js:14493:15)
uncaught exception; source = Uncaught (in promise); stack = Error: Engine was never started
    at Engine.getStatus (file:///Users/marcus/Developer/card-keepr/node_modules/.pnpm/miniflare@5.20260908.0-alpha/node_modules/miniflare/dist/src/workers/workflows/binding.worker.js:14493:15)
uncaught exception; source = Uncaught (in promise); stack = Error: instance.not_found
    at WorkflowBinding.get (file:///Users/marcus/Developer/card-keepr/node_modules/.pnpm/miniflare@5.20260908.0-alpha/node_modules/miniflare/dist/src/workers/workflows/binding.worker.js:15150:13)
uncaught exception; source = Uncaught (in promise); stack = WorkflowError: (instance.cannot_terminate) Cannot terminate instance since its on a finite state
    at createWorkflowError (file:///Users/marcus/Developer/card-keepr/node_modules/.pnpm/miniflare@5.20260908.0-alpha/node_modules/miniflare/dist/src/workers/workflows/binding.worker.js:1374:10)
    at Engine.changeInstanceStatus (file:///Users/marcus/Developer/card-keepr/node_modules/.pnpm/miniflare@5.20260908.0-alpha/node_modules/miniflare/dist/src/workers/workflows/binding.worker.js:14752:17)
uncaught exception; source = Uncaught (in promise); stack = Error: WorkflowError: (instance.cannot_terminate) Cannot terminate instance since its on a finite state
    at async WorkflowHandle.terminate (file:///Users/marcus/Developer/card-keepr/node_modules/.pnpm/miniflare@5.20260908.0-alpha/node_modules/miniflare/dist/src/workers/workflows/binding.worker.js:15318:7)
uncaught exception; exception = workerd/api/actor-state.c++:1197: failed: broken.outputGateBroken; jsg.Error: Aborting engine: User called terminate
stack: 1058a137f
uncaught exception; exception = workerd/api/actor-state.c++:1197: failed: broken.outputGateBroken; jsg.Error: Aborting engine: User called terminate
stack: 1058a137f
uncaught exception; exception = workerd/api/actor-state.c++:1197: failed: broken.outputGateBroken; jsg.Error: Aborting engine: User called terminate
stack: 1058a137f
uncaught exception; source = Uncaught (in promise); stack = Error: Engine was never started
    at Engine.getStatus (file:///Users/marcus/Developer/card-keepr/node_modules/.pnpm/miniflare@5.20260908.0-alpha/node_modules/miniflare/dist/src/workers/workflows/binding.worker.js:14493:15)
uncaught exception; source = Uncaught (in promise); stack = Error: Engine was never started
    at Engine.getStatus (file:///Users/marcus/Developer/card-keepr/node_modules/.pnpm/miniflare@5.20260908.0-alpha/node_modules/miniflare/dist/src/workers/workflows/binding.worker.js:14493:15)
uncaught exception; source = Uncaught (in promise); stack = Error: instance.not_found
    at WorkflowBinding.get (file:///Users/marcus/Developer/card-keepr/node_modules/.pnpm/miniflare@5.20260908.0-alpha/node_modules/miniflare/dist/src/workers/workflows/binding.worker.js:15150:13)
uncaught exception; exception = workerd/io/io-context.c++:1642: failed: jsg.Error: The Workers runtime canceled this request because it detected that your Worker's code had hung and would never generate a response. Refer to: https://developers.cloudflare.com/workers/observability/errors/
stack: 1019b937f
uncaught exception; exception = workerd/api/actor-state.c++:1197: failed: broken.outputGateBroken; jsg.Error: Aborting engine: User called terminate
stack: 1019b937f
uncaught exception; exception = workerd/api/actor-state.c++:1197: failed: broken.outputGateBroken; jsg.Error: Aborting engine: User called terminate
stack: 1019b937f
uncaught exception; exception = workerd/api/actor-state.c++:1197: failed: broken.outputGateBroken; jsg.Error: Aborting engine: User called terminate
stack: 1019b937f
uncaught exception; source = Uncaught (in promise); stack = WorkflowError: (instance.cannot_terminate) Cannot terminate instance since its on a finite state
    at createWorkflowError (file:///Users/marcus/Developer/card-keepr/node_modules/.pnpm/miniflare@5.20260908.0-alpha/node_modules/miniflare/dist/src/workers/workflows/binding.worker.js:1374:10)
    at Engine.changeInstanceStatus (file:///Users/marcus/Developer/card-keepr/node_modules/.pnpm/miniflare@5.20260908.0-alpha/node_modules/miniflare/dist/src/workers/workflows/binding.worker.js:14752:17)
uncaught exception; source = Uncaught (in promise); stack = Error: WorkflowError: (instance.cannot_terminate) Cannot terminate instance since its on a finite state
    at async WorkflowHandle.terminate (file:///Users/marcus/Developer/card-keepr/node_modules/.pnpm/miniflare@5.20260908.0-alpha/node_modules/miniflare/dist/src/workers/workflows/binding.worker.js:15318:7)
uncaught exception; exception = workerd/io/io-context.c++:1642: failed: jsg.Error: The Workers runtime canceled this request because it detected that your Worker's code had hung and would never generate a response. Refer to: https://developers.cloudflare.com/workers/observability/errors/
stack: 1019b937f
uncaught exception; source = Uncaught (in promise); stack = Error: Engine was never started
    at Engine.getStatus (file:///Users/marcus/Developer/card-keepr/node_modules/.pnpm/miniflare@5.20260908.0-alpha/node_modules/miniflare/dist/src/workers/workflows/binding.worker.js:14493:15)
uncaught exception; source = Uncaught (in promise); stack = Error: Engine was never started
    at Engine.getStatus (file:///Users/marcus/Developer/card-keepr/node_modules/.pnpm/miniflare@5.20260908.0-alpha/node_modules/miniflare/dist/src/workers/workflows/binding.worker.js:14493:15)
uncaught exception; source = Uncaught (in promise); stack = Error: instance.not_found
    at WorkflowBinding.get (file:///Users/marcus/Developer/card-keepr/node_modules/.pnpm/miniflare@5.20260908.0-alpha/node_modules/miniflare/dist/src/workers/workflows/binding.worker.js:15150:13)
uncaught exception; exception = workerd/io/io-context.c++:1642: failed: jsg.Error: The Workers runtime canceled this request because it detected that your Worker's code had hung and would never generate a response. Refer to: https://developers.cloudflare.com/workers/observability/errors/
stack: 1019b937f
uncaught exception; source = Uncaught (in promise); stack = Error: Engine was never started
    at Engine.getStatus (file:///Users/marcus/Developer/card-keepr/node_modules/.pnpm/miniflare@5.20260908.0-alpha/node_modules/miniflare/dist/src/workers/workflows/binding.worker.js:14493:15)
uncaught exception; source = Uncaught (in promise); stack = Error: Engine was never started
    at Engine.getStatus (file:///Users/marcus/Developer/card-keepr/node_modules/.pnpm/miniflare@5.20260908.0-alpha/node_modules/miniflare/dist/src/workers/workflows/binding.worker.js:14493:15)
uncaught exception; source = Uncaught (in promise); stack = Error: Engine was never started
    at Engine.getStatus (file:///Users/marcus/Developer/card-keepr/node_modules/.pnpm/miniflare@5.20260908.0-alpha/node_modules/miniflare/dist/src/workers/workflows/binding.worker.js:14493:15)
uncaught exception; source = Uncaught (in promise); stack = Error: Engine was never started
    at Engine.getStatus (file:///Users/marcus/Developer/card-keepr/node_modules/.pnpm/miniflare@5.20260908.0-alpha/node_modules/miniflare/dist/src/workers/workflows/binding.worker.js:14493:15)
uncaught exception; source = Uncaught (in promise); stack = Error: instance.not_found
    at WorkflowBinding.get (file:///Users/marcus/Developer/card-keepr/node_modules/.pnpm/miniflare@5.20260908.0-alpha/node_modules/miniflare/dist/src/workers/workflows/binding.worker.js:15150:13)
uncaught exception; source = Uncaught (in promise); stack = Error: instance.not_found
    at WorkflowBinding.get (file:///Users/marcus/Developer/card-keepr/node_modules/.pnpm/miniflare@5.20260908.0-alpha/node_modules/miniflare/dist/src/workers/workflows/binding.worker.js:15150:13)
uncaught exception; source = Uncaught (in promise); stack = Error: Engine was never started
    at Engine.getStatus (file:///Users/marcus/Developer/card-keepr/node_modules/.pnpm/miniflare@5.20260908.0-alpha/node_modules/miniflare/dist/src/workers/workflows/binding.worker.js:14493:15)
uncaught exception; source = Uncaught (in promise); stack = Error: Engine was never started
    at Engine.getStatus (file:///Users/marcus/Developer/card-keepr/node_modules/.pnpm/miniflare@5.20260908.0-alpha/node_modules/miniflare/dist/src/workers/workflows/binding.worker.js:14493:15)
uncaught exception; source = Uncaught (in promise); stack = Error: instance.not_found
    at WorkflowBinding.get (file:///Users/marcus/Developer/card-keepr/node_modules/.pnpm/miniflare@5.20260908.0-alpha/node_modules/miniflare/dist/src/workers/workflows/binding.worker.js:15150:13)
uncaught exception; source = Uncaught (in promise); stack = Error: Engine was never started
    at Engine.getStatus (file:///Users/marcus/Developer/card-keepr/node_modules/.pnpm/miniflare@5.20260908.0-alpha/node_modules/miniflare/dist/src/workers/workflows/binding.worker.js:14493:15)
uncaught exception; source = Uncaught (in promise); stack = Error: Engine was never started
    at Engine.getStatus (file:///Users/marcus/Developer/card-keepr/node_modules/.pnpm/miniflare@5.20260908.0-alpha/node_modules/miniflare/dist/src/workers/workflows/binding.worker.js:14493:15)
uncaught exception; source = Uncaught (in promise); stack = Error: instance.not_found
    at WorkflowBinding.get (file:///Users/marcus/Developer/card-keepr/node_modules/.pnpm/miniflare@5.20260908.0-alpha/node_modules/miniflare/dist/src/workers/workflows/binding.worker.js:15150:13)
uncaught exception; source = Uncaught (in promise); stack = Error: Engine was never started
    at Engine.getStatus (file:///Users/marcus/Developer/card-keepr/node_modules/.pnpm/miniflare@5.20260908.0-alpha/node_modules/miniflare/dist/src/workers/workflows/binding.worker.js:14493:15)
uncaught exception; source = Uncaught (in promise); stack = Error: Engine was never started
    at Engine.getStatus (file:///Users/marcus/Developer/card-keepr/node_modules/.pnpm/miniflare@5.20260908.0-alpha/node_modules/miniflare/dist/src/workers/workflows/binding.worker.js:14493:15)
uncaught exception; source = Uncaught (in promise); stack = Error: instance.not_found
    at WorkflowBinding.get (file:///Users/marcus/Developer/card-keepr/node_modules/.pnpm/miniflare@5.20260908.0-alpha/node_modules/miniflare/dist/src/workers/workflows/binding.worker.js:15150:13)
uncaught exception; source = Uncaught (in promise); stack = Error: Engine was never started
    at Engine.getStatus (file:///Users/marcus/Developer/card-keepr/node_modules/.pnpm/miniflare@5.20260908.0-alpha/node_modules/miniflare/dist/src/workers/workflows/binding.worker.js:14493:15)
uncaught exception; source = Uncaught (in promise); stack = Error: Engine was never started
    at Engine.getStatus (file:///Users/marcus/Developer/card-keepr/node_modules/.pnpm/miniflare@5.20260908.0-alpha/node_modules/miniflare/dist/src/workers/workflows/binding.worker.js:14493:15)
uncaught exception; source = Uncaught (in promise); stack = Error: instance.not_found
    at WorkflowBinding.get (file:///Users/marcus/Developer/card-keepr/node_modules/.pnpm/miniflare@5.20260908.0-alpha/node_modules/miniflare/dist/src/workers/workflows/binding.worker.js:15150:13)
uncaught exception; source = Uncaught (in promise); stack = Error: Engine was never started
    at Engine.getStatus (file:///Users/marcus/Developer/card-keepr/node_modules/.pnpm/miniflare@5.20260908.0-alpha/node_modules/miniflare/dist/src/workers/workflows/binding.worker.js:14493:15)
uncaught exception; source = Uncaught (in promise); stack = Error: Engine was never started
    at Engine.getStatus (file:///Users/marcus/Developer/card-keepr/node_modules/.pnpm/miniflare@5.20260908.0-alpha/node_modules/miniflare/dist/src/workers/workflows/binding.worker.js:14493:15)
uncaught exception; source = Uncaught (in promise); stack = Error: instance.not_found
    at WorkflowBinding.get (file:///Users/marcus/Developer/card-keepr/node_modules/.pnpm/miniflare@5.20260908.0-alpha/node_modules/miniflare/dist/src/workers/workflows/binding.worker.js:15150:13)
uncaught exception; source = Uncaught (in promise); stack = Error: Engine was never started
    at Engine.getStatus (file:///Users/marcus/Developer/card-keepr/node_modules/.pnpm/miniflare@5.20260908.0-alpha/node_modules/miniflare/dist/src/workers/workflows/binding.worker.js:14493:15)
uncaught exception; source = Uncaught (in promise); stack = Error: Engine was never started
    at Engine.getStatus (file:///Users/marcus/Developer/card-keepr/node_modules/.pnpm/miniflare@5.20260908.0-alpha/node_modules/miniflare/dist/src/workers/workflows/binding.worker.js:14493:15)
uncaught exception; source = Uncaught (in promise); stack = Error: instance.not_found
    at WorkflowBinding.get (file:///Users/marcus/Developer/card-keepr/node_modules/.pnpm/miniflare@5.20260908.0-alpha/node_modules/miniflare/dist/src/workers/workflows/binding.worker.js:15150:13)
uncaught exception; source = Uncaught (in promise); stack = Error: Engine was never started
    at Engine.getStatus (file:///Users/marcus/Developer/card-keepr/node_modules/.pnpm/miniflare@5.20260908.0-alpha/node_modules/miniflare/dist/src/workers/workflows/binding.worker.js:14493:15)
uncaught exception; source = Uncaught (in promise); stack = Error: Engine was never started
    at Engine.getStatus (file:///Users/marcus/Developer/card-keepr/node_modules/.pnpm/miniflare@5.20260908.0-alpha/node_modules/miniflare/dist/src/workers/workflows/binding.worker.js:14493:15)
uncaught exception; source = Uncaught (in promise); stack = Error: instance.not_found
    at WorkflowBinding.get (file:///Users/marcus/Developer/card-keepr/node_modules/.pnpm/miniflare@5.20260908.0-alpha/node_modules/miniflare/dist/src/workers/workflows/binding.worker.js:15150:13)
uncaught exception; source = Uncaught (in promise); stack = Error: Engine was never started
    at Engine.getStatus (file:///Users/marcus/Developer/card-keepr/node_modules/.pnpm/miniflare@5.20260908.0-alpha/node_modules/miniflare/dist/src/workers/workflows/binding.worker.js:14493:15)
uncaught exception; source = Uncaught (in promise); stack = Error: Engine was never started
    at Engine.getStatus (file:///Users/marcus/Developer/card-keepr/node_modules/.pnpm/miniflare@5.20260908.0-alpha/node_modules/miniflare/dist/src/workers/workflows/binding.worker.js:14493:15)
uncaught exception; source = Uncaught (in promise); stack = Error: instance.not_found
    at WorkflowBinding.get (file:///Users/marcus/Developer/card-keepr/node_modules/.pnpm/miniflare@5.20260908.0-alpha/node_modules/miniflare/dist/src/workers/workflows/binding.worker.js:15150:13)
uncaught exception; source = Uncaught (in promise); stack = Error: Engine was never started
    at Engine.getStatus (file:///Users/marcus/Developer/card-keepr/node_modules/.pnpm/miniflare@5.20260908.0-alpha/node_modules/miniflare/dist/src/workers/workflows/binding.worker.js:14493:15)
uncaught exception; source = Uncaught (in promise); stack = Error: Engine was never started
    at Engine.getStatus (file:///Users/marcus/Developer/card-keepr/node_modules/.pnpm/miniflare@5.20260908.0-alpha/node_modules/miniflare/dist/src/workers/workflows/binding.worker.js:14493:15)
uncaught exception; source = Uncaught (in promise); stack = Error: instance.not_found
    at WorkflowBinding.get (file:///Users/marcus/Developer/card-keepr/node_modules/.pnpm/miniflare@5.20260908.0-alpha/node_modules/miniflare/dist/src/workers/workflows/binding.worker.js:15150:13)
uncaught exception; source = Uncaught (in promise); stack = Error: Engine was never started
    at Engine.getStatus (file:///Users/marcus/Developer/card-keepr/node_modules/.pnpm/miniflare@5.20260908.0-alpha/node_modules/miniflare/dist/src/workers/workflows/binding.worker.js:14493:15)
uncaught exception; source = Uncaught (in promise); stack = Error: Engine was never started
    at Engine.getStatus (file:///Users/marcus/Developer/card-keepr/node_modules/.pnpm/miniflare@5.20260908.0-alpha/node_modules/miniflare/dist/src/workers/workflows/binding.worker.js:14493:15)
uncaught exception; source = Uncaught (in promise); stack = Error: instance.not_found
    at WorkflowBinding.get (file:///Users/marcus/Developer/card-keepr/node_modules/.pnpm/miniflare@5.20260908.0-alpha/node_modules/miniflare/dist/src/workers/workflows/binding.worker.js:15150:13)
uncaught exception; source = Uncaught (in promise); stack = Error: Engine was never started
    at Engine.getStatus (file:///Users/marcus/Developer/card-keepr/node_modules/.pnpm/miniflare@5.20260908.0-alpha/node_modules/miniflare/dist/src/workers/workflows/binding.worker.js:14493:15)
uncaught exception; source = Uncaught (in promise); stack = Error: Engine was never started
    at Engine.getStatus (file:///Users/marcus/Developer/card-keepr/node_modules/.pnpm/miniflare@5.20260908.0-alpha/node_modules/miniflare/dist/src/workers/workflows/binding.worker.js:14493:15)
uncaught exception; source = Uncaught (in promise); stack = Error: instance.not_found
    at WorkflowBinding.get (file:///Users/marcus/Developer/card-keepr/node_modules/.pnpm/miniflare@5.20260908.0-alpha/node_modules/miniflare/dist/src/workers/workflows/binding.worker.js:15150:13)
uncaught exception; source = Uncaught (in promise); stack = Error: Engine was never started
    at Engine.getStatus (file:///Users/marcus/Developer/card-keepr/node_modules/.pnpm/miniflare@5.20260908.0-alpha/node_modules/miniflare/dist/src/workers/workflows/binding.worker.js:14493:15)
uncaught exception; source = Uncaught (in promise); stack = Error: Engine was never started
    at Engine.getStatus (file:///Users/marcus/Developer/card-keepr/node_modules/.pnpm/miniflare@5.20260908.0-alpha/node_modules/miniflare/dist/src/workers/workflows/binding.worker.js:14493:15)
uncaught exception; source = Uncaught (in promise); stack = Error: instance.not_found
    at WorkflowBinding.get (file:///Users/marcus/Developer/card-keepr/node_modules/.pnpm/miniflare@5.20260908.0-alpha/node_modules/miniflare/dist/src/workers/workflows/binding.worker.js:15150:13)
uncaught exception; source = Uncaught (in promise); stack = Error: Engine was never started
    at Engine.getStatus (file:///Users/marcus/Developer/card-keepr/node_modules/.pnpm/miniflare@5.20260908.0-alpha/node_modules/miniflare/dist/src/workers/workflows/binding.worker.js:14493:15)
uncaught exception; source = Uncaught (in promise); stack = Error: Engine was never started
    at Engine.getStatus (file:///Users/marcus/Developer/card-keepr/node_modules/.pnpm/miniflare@5.20260908.0-alpha/node_modules/miniflare/dist/src/workers/workflows/binding.worker.js:14493:15)
uncaught exception; source = Uncaught (in promise); stack = Error: instance.not_found
    at WorkflowBinding.get (file:///Users/marcus/Developer/card-keepr/node_modules/.pnpm/miniflare@5.20260908.0-alpha/node_modules/miniflare/dist/src/workers/workflows/binding.worker.js:15150:13)
uncaught exception; source = Uncaught (in promise); stack = Error: Engine was never started
    at Engine.getStatus (file:///Users/marcus/Developer/card-keepr/node_modules/.pnpm/miniflare@5.20260908.0-alpha/node_modules/miniflare/dist/src/workers/workflows/binding.worker.js:14493:15)
uncaught exception; source = Uncaught (in promise); stack = Error: Engine was never started
    at Engine.getStatus (file:///Users/marcus/Developer/card-keepr/node_modules/.pnpm/miniflare@5.20260908.0-alpha/node_modules/miniflare/dist/src/workers/workflows/binding.worker.js:14493:15)
uncaught exception; source = Uncaught (in promise); stack = Error: instance.not_found
    at WorkflowBinding.get (file:///Users/marcus/Developer/card-keepr/node_modules/.pnpm/miniflare@5.20260908.0-alpha/node_modules/miniflare/dist/src/workers/workflows/binding.worker.js:15150:13)
uncaught exception; source = Uncaught (in promise); stack = Error: Engine was never started
    at Engine.getStatus (file:///Users/marcus/Developer/card-keepr/node_modules/.pnpm/miniflare@5.20260908.0-alpha/node_modules/miniflare/dist/src/workers/workflows/binding.worker.js:14493:15)
uncaught exception; source = Uncaught (in promise); stack = Error: Engine was never started
    at Engine.getStatus (file:///Users/marcus/Developer/card-keepr/node_modules/.pnpm/miniflare@5.20260908.0-alpha/node_modules/miniflare/dist/src/workers/workflows/binding.worker.js:14493:15)
uncaught exception; source = Uncaught (in promise); stack = Error: instance.not_found
    at WorkflowBinding.get (file:///Users/marcus/Developer/card-keepr/node_modules/.pnpm/miniflare@5.20260908.0-alpha/node_modules/miniflare/dist/src/workers/workflows/binding.worker.js:15150:13)
uncaught exception; source = Uncaught (in promise); stack = Error: Engine was never started
    at Engine.getStatus (file:///Users/marcus/Developer/card-keepr/node_modules/.pnpm/miniflare@5.20260908.0-alpha/node_modules/miniflare/dist/src/workers/workflows/binding.worker.js:14493:15)
uncaught exception; source = Uncaught (in promise); stack = Error: Engine was never started
    at Engine.getStatus (file:///Users/marcus/Developer/card-keepr/node_modules/.pnpm/miniflare@5.20260908.0-alpha/node_modules/miniflare/dist/src/workers/workflows/binding.worker.js:14493:15)
uncaught exception; source = Uncaught (in promise); stack = Error: instance.not_found
    at WorkflowBinding.get (file:///Users/marcus/Developer/card-keepr/node_modules/.pnpm/miniflare@5.20260908.0-alpha/node_modules/miniflare/dist/src/workers/workflows/binding.worker.js:15150:13)
uncaught exception; source = Uncaught (in promise); stack = Error: Engine was never started
    at Engine.getStatus (file:///Users/marcus/Developer/card-keepr/node_modules/.pnpm/miniflare@5.20260908.0-alpha/node_modules/miniflare/dist/src/workers/workflows/binding.worker.js:14493:15)
uncaught exception; source = Uncaught (in promise); stack = Error: Engine was never started
    at Engine.getStatus (file:///Users/marcus/Developer/card-keepr/node_modules/.pnpm/miniflare@5.20260908.0-alpha/node_modules/miniflare/dist/src/workers/workflows/binding.worker.js:14493:15)
uncaught exception; source = Uncaught (in promise); stack = Error: instance.not_found
    at WorkflowBinding.get (file:///Users/marcus/Developer/card-keepr/node_modules/.pnpm/miniflare@5.20260908.0-alpha/node_modules/miniflare/dist/src/workers/workflows/binding.worker.js:15150:13)
uncaught exception; source = Uncaught (in promise); stack = Error: Engine was never started
    at Engine.getStatus (file:///Users/marcus/Developer/card-keepr/node_modules/.pnpm/miniflare@5.20260908.0-alpha/node_modules/miniflare/dist/src/workers/workflows/binding.worker.js:14493:15)
uncaught exception; source = Uncaught (in promise); stack = Error: Engine was never started
    at Engine.getStatus (file:///Users/marcus/Developer/card-keepr/node_modules/.pnpm/miniflare@5.20260908.0-alpha/node_modules/miniflare/dist/src/workers/workflows/binding.worker.js:14493:15)
uncaught exception; source = Uncaught (in promise); stack = Error: instance.not_found
    at WorkflowBinding.get (file:///Users/marcus/Developer/card-keepr/node_modules/.pnpm/miniflare@5.20260908.0-alpha/node_modules/miniflare/dist/src/workers/workflows/binding.worker.js:15150:13)
uncaught exception; source = Uncaught (in promise); stack = Error: Engine was never started
    at Engine.getStatus (file:///Users/marcus/Developer/card-keepr/node_modules/.pnpm/miniflare@5.20260908.0-alpha/node_modules/miniflare/dist/src/workers/workflows/binding.worker.js:14493:15)
uncaught exception; source = Uncaught (in promise); stack = Error: Engine was never started
    at Engine.getStatus (file:///Users/marcus/Developer/card-keepr/node_modules/.pnpm/miniflare@5.20260908.0-alpha/node_modules/miniflare/dist/src/workers/workflows/binding.worker.js:14493:15)
uncaught exception; source = Uncaught (in promise); stack = Error: instance.not_found
    at WorkflowBinding.get (file:///Users/marcus/Developer/card-keepr/node_modules/.pnpm/miniflare@5.20260908.0-alpha/node_modules/miniflare/dist/src/workers/workflows/binding.worker.js:15150:13)
uncaught exception; source = Uncaught (in promise); stack = Error: Engine was never started
    at Engine.getStatus (file:///Users/marcus/Developer/card-keepr/node_modules/.pnpm/miniflare@5.20260908.0-alpha/node_modules/miniflare/dist/src/workers/workflows/binding.worker.js:14493:15)
uncaught exception; source = Uncaught (in promise); stack = Error: Engine was never started
    at Engine.getStatus (file:///Users/marcus/Developer/card-keepr/node_modules/.pnpm/miniflare@5.20260908.0-alpha/node_modules/miniflare/dist/src/workers/workflows/binding.worker.js:14493:15)
uncaught exception; source = Uncaught (in promise); stack = Error: instance.not_found
    at WorkflowBinding.get (file:///Users/marcus/Developer/card-keepr/node_modules/.pnpm/miniflare@5.20260908.0-alpha/node_modules/miniflare/dist/src/workers/workflows/binding.worker.js:15150:13)
uncaught exception; source = Uncaught (in promise); stack = Error: Engine was never started
    at Engine.getStatus (file:///Users/marcus/Developer/card-keepr/node_modules/.pnpm/miniflare@5.20260908.0-alpha/node_modules/miniflare/dist/src/workers/workflows/binding.worker.js:14493:15)
uncaught exception; source = Uncaught (in promise); stack = Error: Engine was never started
    at Engine.getStatus (file:///Users/marcus/Developer/card-keepr/node_modules/.pnpm/miniflare@5.20260908.0-alpha/node_modules/miniflare/dist/src/workers/workflows/binding.worker.js:14493:15)
uncaught exception; source = Uncaught (in promise); stack = Error: instance.not_found
    at WorkflowBinding.get (file:///Users/marcus/Developer/card-keepr/node_modules/.pnpm/miniflare@5.20260908.0-alpha/node_modules/miniflare/dist/src/workers/workflows/binding.worker.js:15150:13)
uncaught exception; source = Uncaught (in promise); stack = Error: Engine was never started
    at Engine.getStatus (file:///Users/marcus/Developer/card-keepr/node_modules/.pnpm/miniflare@5.20260908.0-alpha/node_modules/miniflare/dist/src/workers/workflows/binding.worker.js:14493:15)
uncaught exception; source = Uncaught (in promise); stack = Error: Engine was never started
    at Engine.getStatus (file:///Users/marcus/Developer/card-keepr/node_modules/.pnpm/miniflare@5.20260908.0-alpha/node_modules/miniflare/dist/src/workers/workflows/binding.worker.js:14493:15)
uncaught exception; source = Uncaught (in promise); stack = Error: instance.not_found
    at WorkflowBinding.get (file:///Users/marcus/Developer/card-keepr/node_modules/.pnpm/miniflare@5.20260908.0-alpha/node_modules/miniflare/dist/src/workers/workflows/binding.worker.js:15150:13)
uncaught exception; source = Uncaught (in promise); stack = Error: Engine was never started
    at Engine.getStatus (file:///Users/marcus/Developer/card-keepr/node_modules/.pnpm/miniflare@5.20260908.0-alpha/node_modules/miniflare/dist/src/workers/workflows/binding.worker.js:14493:15)
uncaught exception; source = Uncaught (in promise); stack = Error: Engine was never started
    at Engine.getStatus (file:///Users/marcus/Developer/card-keepr/node_modules/.pnpm/miniflare@5.20260908.0-alpha/node_modules/miniflare/dist/src/workers/workflows/binding.worker.js:14493:15)
uncaught exception; source = Uncaught (in promise); stack = Error: instance.not_found
    at WorkflowBinding.get (file:///Users/marcus/Developer/card-keepr/node_modules/.pnpm/miniflare@5.20260908.0-alpha/node_modules/miniflare/dist/src/workers/workflows/binding.worker.js:15150:13)
uncaught exception; source = Uncaught (in promise); stack = Error: Engine was never started
    at Engine.getStatus (file:///Users/marcus/Developer/card-keepr/node_modules/.pnpm/miniflare@5.20260908.0-alpha/node_modules/miniflare/dist/src/workers/workflows/binding.worker.js:14493:15)
uncaught exception; source = Uncaught (in promise); stack = Error: Engine was never started
    at Engine.getStatus (file:///Users/marcus/Developer/card-keepr/node_modules/.pnpm/miniflare@5.20260908.0-alpha/node_modules/miniflare/dist/src/workers/workflows/binding.worker.js:14493:15)
uncaught exception; source = Uncaught (in promise); stack = Error: instance.not_found
    at WorkflowBinding.get (file:///Users/marcus/Developer/card-keepr/node_modules/.pnpm/miniflare@5.20260908.0-alpha/node_modules/miniflare/dist/src/workers/workflows/binding.worker.js:15150:13)
uncaught exception; source = Uncaught (in promise); stack = Error: Engine was never started
    at Engine.getStatus (file:///Users/marcus/Developer/card-keepr/node_modules/.pnpm/miniflare@5.20260908.0-alpha/node_modules/miniflare/dist/src/workers/workflows/binding.worker.js:14493:15)
uncaught exception; source = Uncaught (in promise); stack = Error: Engine was never started
    at Engine.getStatus (file:///Users/marcus/Developer/card-keepr/node_modules/.pnpm/miniflare@5.20260908.0-alpha/node_modules/miniflare/dist/src/workers/workflows/binding.worker.js:14493:15)
uncaught exception; source = Uncaught (in promise); stack = Error: instance.not_found
    at WorkflowBinding.get (file:///Users/marcus/Developer/card-keepr/node_modules/.pnpm/miniflare@5.20260908.0-alpha/node_modules/miniflare/dist/src/workers/workflows/binding.worker.js:15150:13)
uncaught exception; source = Uncaught (in promise); stack = Error: Engine was never started
    at Engine.getStatus (file:///Users/marcus/Developer/card-keepr/node_modules/.pnpm/miniflare@5.20260908.0-alpha/node_modules/miniflare/dist/src/workers/workflows/binding.worker.js:14493:15)
uncaught exception; source = Uncaught (in promise); stack = Error: Engine was never started
    at Engine.getStatus (file:///Users/marcus/Developer/card-keepr/node_modules/.pnpm/miniflare@5.20260908.0-alpha/node_modules/miniflare/dist/src/workers/workflows/binding.worker.js:14493:15)
uncaught exception; source = Uncaught (in promise); stack = Error: instance.not_found
    at WorkflowBinding.get (file:///Users/marcus/Developer/card-keepr/node_modules/.pnpm/miniflare@5.20260908.0-alpha/node_modules/miniflare/dist/src/workers/workflows/binding.worker.js:15150:13)
uncaught exception; source = Uncaught (in promise); stack = Error: Engine was never started
    at Engine.getStatus (file:///Users/marcus/Developer/card-keepr/node_modules/.pnpm/miniflare@5.20260908.0-alpha/node_modules/miniflare/dist/src/workers/workflows/binding.worker.js:14493:15)
uncaught exception; source = Uncaught (in promise); stack = Error: Engine was never started
    at Engine.getStatus (file:///Users/marcus/Developer/card-keepr/node_modules/.pnpm/miniflare@5.20260908.0-alpha/node_modules/miniflare/dist/src/workers/workflows/binding.worker.js:14493:15)
uncaught exception; source = Uncaught (in promise); stack = Error: instance.not_found
    at WorkflowBinding.get (file:///Users/marcus/Developer/card-keepr/node_modules/.pnpm/miniflare@5.20260908.0-alpha/node_modules/miniflare/dist/src/workers/workflows/binding.worker.js:15150:13)
uncaught exception; source = Uncaught (in promise); stack = Error: Engine was never started
    at Engine.getStatus (file:///Users/marcus/Developer/card-keepr/node_modules/.pnpm/miniflare@5.20260908.0-alpha/node_modules/miniflare/dist/src/workers/workflows/binding.worker.js:14493:15)
uncaught exception; source = Uncaught (in promise); stack = Error: Engine was never started
    at Engine.getStatus (file:///Users/marcus/Developer/card-keepr/node_modules/.pnpm/miniflare@5.20260908.0-alpha/node_modules/miniflare/dist/src/workers/workflows/binding.worker.js:14493:15)
uncaught exception; source = Uncaught (in promise); stack = Error: instance.not_found
    at WorkflowBinding.get (file:///Users/marcus/Developer/card-keepr/node_modules/.pnpm/miniflare@5.20260908.0-alpha/node_modules/miniflare/dist/src/workers/workflows/binding.worker.js:15150:13)
uncaught exception; source = Uncaught (in promise); stack = Error: Engine was never started
    at Engine.getStatus (file:///Users/marcus/Developer/card-keepr/node_modules/.pnpm/miniflare@5.20260908.0-alpha/node_modules/miniflare/dist/src/workers/workflows/binding.worker.js:14493:15)
uncaught exception; source = Uncaught (in promise); stack = Error: Engine was never started
    at Engine.getStatus (file:///Users/marcus/Developer/card-keepr/node_modules/.pnpm/miniflare@5.20260908.0-alpha/node_modules/miniflare/dist/src/workers/workflows/binding.worker.js:14493:15)
uncaught exception; source = Uncaught (in promise); stack = Error: instance.not_found
    at WorkflowBinding.get (file:///Users/marcus/Developer/card-keepr/node_modules/.pnpm/miniflare@5.20260908.0-alpha/node_modules/miniflare/dist/src/workers/workflows/binding.worker.js:15150:13)
uncaught exception; source = Uncaught (in promise); stack = Error: Engine was never started
    at Engine.getStatus (file:///Users/marcus/Developer/card-keepr/node_modules/.pnpm/miniflare@5.20260908.0-alpha/node_modules/miniflare/dist/src/workers/workflows/binding.worker.js:14493:15)
uncaught exception; source = Uncaught (in promise); stack = Error: Engine was never started
    at Engine.getStatus (file:///Users/marcus/Developer/card-keepr/node_modules/.pnpm/miniflare@5.20260908.0-alpha/node_modules/miniflare/dist/src/workers/workflows/binding.worker.js:14493:15)
uncaught exception; source = Uncaught (in promise); stack = Error: instance.not_found
    at WorkflowBinding.get (file:///Users/marcus/Developer/card-keepr/node_modules/.pnpm/miniflare@5.20260908.0-alpha/node_modules/miniflare/dist/src/workers/workflows/binding.worker.js:15150:13)
uncaught exception; source = Uncaught (in promise); stack = Error: Engine was never started
    at Engine.getStatus (file:///Users/marcus/Developer/card-keepr/node_modules/.pnpm/miniflare@5.20260908.0-alpha/node_modules/miniflare/dist/src/workers/workflows/binding.worker.js:14493:15)
uncaught exception; source = Uncaught (in promise); stack = Error: Engine was never started
    at Engine.getStatus (file:///Users/marcus/Developer/card-keepr/node_modules/.pnpm/miniflare@5.20260908.0-alpha/node_modules/miniflare/dist/src/workers/workflows/binding.worker.js:14493:15)
uncaught exception; source = Uncaught (in promise); stack = Error: instance.not_found
    at WorkflowBinding.get (file:///Users/marcus/Developer/card-keepr/node_modules/.pnpm/miniflare@5.20260908.0-alpha/node_modules/miniflare/dist/src/workers/workflows/binding.worker.js:15150:13)
uncaught exception; exception = workerd/io/io-context.c++:1642: failed: jsg.Error: The Workers runtime canceled this request because it detected that your Worker's code had hung and would never generate a response. Refer to: https://developers.cloudflare.com/workers/observability/errors/
stack: 1019b937f
uncaught exception; source = Uncaught (in promise); stack = Error: Engine was never started
    at Engine.getStatus (file:///Users/marcus/Developer/card-keepr/node_modules/.pnpm/miniflare@5.20260908.0-alpha/node_modules/miniflare/dist/src/workers/workflows/binding.worker.js:14493:15)
uncaught exception; source = Uncaught (in promise); stack = Error: Engine was never started
    at Engine.getStatus (file:///Users/marcus/Developer/card-keepr/node_modules/.pnpm/miniflare@5.20260908.0-alpha/node_modules/miniflare/dist/src/workers/workflows/binding.worker.js:14493:15)
uncaught exception; source = Uncaught (in promise); stack = Error: instance.not_found
    at WorkflowBinding.get (file:///Users/marcus/Developer/card-keepr/node_modules/.pnpm/miniflare@5.20260908.0-alpha/node_modules/miniflare/dist/src/workers/workflows/binding.worker.js:15150:13)
uncaught exception; exception = workerd/io/io-context.c++:1642: failed: jsg.Error: The Workers runtime canceled this request because it detected that your Worker's code had hung and would never generate a response. Refer to: https://developers.cloudflare.com/workers/observability/errors/
stack: 1018ed37f
uncaught exception; exception = workerd/io/io-context.c++:1642: failed: jsg.Error: The Workers runtime canceled this request because it detected that your Worker's code had hung and would never generate a response. Refer to: https://developers.cloudflare.com/workers/observability/errors/
stack: 1018ed37f
uncaught exception; source = Uncaught (in promise); stack = Error: Engine was never started
    at Engine.getStatus (file:///Users/marcus/Developer/card-keepr/node_modules/.pnpm/miniflare@5.20260908.0-alpha/node_modules/miniflare/dist/src/workers/workflows/binding.worker.js:14493:15)
uncaught exception; source = Uncaught (in promise); stack = Error: Engine was never started
    at Engine.getStatus (file:///Users/marcus/Developer/card-keepr/node_modules/.pnpm/miniflare@5.20260908.0-alpha/node_modules/miniflare/dist/src/workers/workflows/binding.worker.js:14493:15)
uncaught exception; source = Uncaught (in promise); stack = Error: instance.not_found
    at WorkflowBinding.get (file:///Users/marcus/Developer/card-keepr/node_modules/.pnpm/miniflare@5.20260908.0-alpha/node_modules/miniflare/dist/src/workers/workflows/binding.worker.js:15150:13)
uncaught exception; exception = workerd/io/io-context.c++:1642: failed: jsg.Error: The Workers runtime canceled this request because it detected that your Worker's code had hung and would never generate a response. Refer to: https://developers.cloudflare.com/workers/observability/errors/
stack: 1051fd37f
uncaught exception; source = Uncaught (in promise); stack = Error: Engine was never started
    at Engine.getStatus (file:///Users/marcus/Developer/card-keepr/node_modules/.pnpm/miniflare@5.20260908.0-alpha/node_modules/miniflare/dist/src/workers/workflows/binding.worker.js:14493:15)
uncaught exception; source = Uncaught (in promise); stack = Error: Engine was never started
    at Engine.getStatus (file:///Users/marcus/Developer/card-keepr/node_modules/.pnpm/miniflare@5.20260908.0-alpha/node_modules/miniflare/dist/src/workers/workflows/binding.worker.js:14493:15)
uncaught exception; source = Uncaught (in promise); stack = Error: instance.not_found
    at WorkflowBinding.get (file:///Users/marcus/Developer/card-keepr/node_modules/.pnpm/miniflare@5.20260908.0-alpha/node_modules/miniflare/dist/src/workers/workflows/binding.worker.js:15150:13)
uncaught exception; source = Uncaught (in promise); stack = Error: Engine was never started
    at Engine.getStatus (file:///Users/marcus/Developer/card-keepr/node_modules/.pnpm/miniflare@5.20260908.0-alpha/node_modules/miniflare/dist/src/workers/workflows/binding.worker.js:14493:15)
uncaught exception; source = Uncaught (in promise); stack = Error: Engine was never started
    at Engine.getStatus (file:///Users/marcus/Developer/card-keepr/node_modules/.pnpm/miniflare@5.20260908.0-alpha/node_modules/miniflare/dist/src/workers/workflows/binding.worker.js:14493:15)
uncaught exception; source = Uncaught (in promise); stack = Error: instance.not_found
    at WorkflowBinding.get (file:///Users/marcus/Developer/card-keepr/node_modules/.pnpm/miniflare@5.20260908.0-alpha/node_modules/miniflare/dist/src/workers/workflows/binding.worker.js:15150:13)
uncaught exception; source = Uncaught (in promise); stack = Error: Engine was never started
    at Engine.getStatus (file:///Users/marcus/Developer/card-keepr/node_modules/.pnpm/miniflare@5.20260908.0-alpha/node_modules/miniflare/dist/src/workers/workflows/binding.worker.js:14493:15)
uncaught exception; source = Uncaught (in promise); stack = Error: Engine was never started
    at Engine.getStatus (file:///Users/marcus/Developer/card-keepr/node_modules/.pnpm/miniflare@5.20260908.0-alpha/node_modules/miniflare/dist/src/workers/workflows/binding.worker.js:14493:15)
uncaught exception; source = Uncaught (in promise); stack = Error: instance.not_found
    at WorkflowBinding.get (file:///Users/marcus/Developer/card-keepr/node_modules/.pnpm/miniflare@5.20260908.0-alpha/node_modules/miniflare/dist/src/workers/workflows/binding.worker.js:15150:13)
uncaught exception; source = Uncaught (in promise); stack = Error: Engine was never started
    at Engine.getStatus (file:///Users/marcus/Developer/card-keepr/node_modules/.pnpm/miniflare@5.20260908.0-alpha/node_modules/miniflare/dist/src/workers/workflows/binding.worker.js:14493:15)
uncaught exception; source = Uncaught (in promise); stack = Error: Engine was never started
    at Engine.getStatus (file:///Users/marcus/Developer/card-keepr/node_modules/.pnpm/miniflare@5.20260908.0-alpha/node_modules/miniflare/dist/src/workers/workflows/binding.worker.js:14493:15)
uncaught exception; source = Uncaught (in promise); stack = Error: Engine was never started
    at Engine.getStatus (file:///Users/marcus/Developer/card-keepr/node_modules/.pnpm/miniflare@5.20260908.0-alpha/node_modules/miniflare/dist/src/workers/workflows/binding.worker.js:14493:15)
uncaught exception; source = Uncaught (in promise); stack = Error: Engine was never started
    at Engine.getStatus (file:///Users/marcus/Developer/card-keepr/node_modules/.pnpm/miniflare@5.20260908.0-alpha/node_modules/miniflare/dist/src/workers/workflows/binding.worker.js:14493:15)
uncaught exception; source = Uncaught (in promise); stack = Error: instance.not_found
    at WorkflowBinding.get (file:///Users/marcus/Developer/card-keepr/node_modules/.pnpm/miniflare@5.20260908.0-alpha/node_modules/miniflare/dist/src/workers/workflows/binding.worker.js:15150:13)
uncaught exception; source = Uncaught (in promise); stack = Error: instance.not_found
    at WorkflowBinding.get (file:///Users/marcus/Developer/card-keepr/node_modules/.pnpm/miniflare@5.20260908.0-alpha/node_modules/miniflare/dist/src/workers/workflows/binding.worker.js:15150:13)
uncaught exception; source = Uncaught (in promise); stack = Error: Engine was never started
    at Engine.getStatus (file:///Users/marcus/Developer/card-keepr/node_modules/.pnpm/miniflare@5.20260908.0-alpha/node_modules/miniflare/dist/src/workers/workflows/binding.worker.js:14493:15)
uncaught exception; source = Uncaught (in promise); stack = Error: Engine was never started
    at Engine.getStatus (file:///Users/marcus/Developer/card-keepr/node_modules/.pnpm/miniflare@5.20260908.0-alpha/node_modules/miniflare/dist/src/workers/workflows/binding.worker.js:14493:15)
uncaught exception; source = Uncaught (in promise); stack = Error: Engine was never started
    at Engine.getStatus (file:///Users/marcus/Developer/card-keepr/node_modules/.pnpm/miniflare@5.20260908.0-alpha/node_modules/miniflare/dist/src/workers/workflows/binding.worker.js:14493:15)
uncaught exception; source = Uncaught (in promise); stack = Error: Engine was never started
    at Engine.getStatus (file:///Users/marcus/Developer/card-keepr/node_modules/.pnpm/miniflare@5.20260908.0-alpha/node_modules/miniflare/dist/src/workers/workflows/binding.worker.js:14493:15)
uncaught exception; source = Uncaught (in promise); stack = Error: instance.not_found
    at WorkflowBinding.get (file:///Users/marcus/Developer/card-keepr/node_modules/.pnpm/miniflare@5.20260908.0-alpha/node_modules/miniflare/dist/src/workers/workflows/binding.worker.js:15150:13)
uncaught exception; source = Uncaught (in promise); stack = Error: instance.not_found
    at WorkflowBinding.get (file:///Users/marcus/Developer/card-keepr/node_modules/.pnpm/miniflare@5.20260908.0-alpha/node_modules/miniflare/dist/src/workers/workflows/binding.worker.js:15150:13)
uncaught exception; source = Uncaught (in promise); stack = Error: Engine was never started
    at Engine.getStatus (file:///Users/marcus/Developer/card-keepr/node_modules/.pnpm/miniflare@5.20260908.0-alpha/node_modules/miniflare/dist/src/workers/workflows/binding.worker.js:14493:15)
uncaught exception; source = Uncaught (in promise); stack = Error: Engine was never started
    at Engine.getStatus (file:///Users/marcus/Developer/card-keepr/node_modules/.pnpm/miniflare@5.20260908.0-alpha/node_modules/miniflare/dist/src/workers/workflows/binding.worker.js:14493:15)
uncaught exception; source = Uncaught (in promise); stack = Error: Engine was never started
    at Engine.getStatus (file:///Users/marcus/Developer/card-keepr/node_modules/.pnpm/miniflare@5.20260908.0-alpha/node_modules/miniflare/dist/src/workers/workflows/binding.worker.js:14493:15)
uncaught exception; source = Uncaught (in promise); stack = Error: Engine was never started
    at Engine.getStatus (file:///Users/marcus/Developer/card-keepr/node_modules/.pnpm/miniflare@5.20260908.0-alpha/node_modules/miniflare/dist/src/workers/workflows/binding.worker.js:14493:15)
uncaught exception; source = Uncaught (in promise); stack = Error: instance.not_found
    at WorkflowBinding.get (file:///Users/marcus/Developer/card-keepr/node_modules/.pnpm/miniflare@5.20260908.0-alpha/node_modules/miniflare/dist/src/workers/workflows/binding.worker.js:15150:13)
uncaught exception; source = Uncaught (in promise); stack = Error: instance.not_found
    at WorkflowBinding.get (file:///Users/marcus/Developer/card-keepr/node_modules/.pnpm/miniflare@5.20260908.0-alpha/node_modules/miniflare/dist/src/workers/workflows/binding.worker.js:15150:13)
uncaught exception; exception = workerd/io/io-context.c++:1642: failed: jsg.Error: The Workers runtime canceled this request because it detected that your Worker's code had hung and would never generate a response. Refer to: https://developers.cloudflare.com/workers/observability/errors/
stack: 101b3537f
uncaught exception; exception = workerd/io/io-context.c++:1642: failed: jsg.Error: The Workers runtime canceled this request because it detected that your Worker's code had hung and would never generate a response. Refer to: https://developers.cloudflare.com/workers/observability/errors/
stack: 101b3537f
uncaught exception; exception = workerd/io/io-context.c++:1642: failed: jsg.Error: The Workers runtime canceled this request because it detected that your Worker's code had hung and would never generate a response. Refer to: https://developers.cloudflare.com/workers/observability/errors/
stack: 101b3537f
uncaught exception; exception = workerd/io/io-context.c++:1642: failed: jsg.Error: The Workers runtime canceled this request because it detected that your Worker's code had hung and would never generate a response. Refer to: https://developers.cloudflare.com/workers/observability/errors/
stack: 101b3537f
uncaught exception; exception = workerd/io/io-context.c++:1642: failed: jsg.Error: The Workers runtime canceled this request because it detected that your Worker's code had hung and would never generate a response. Refer to: https://developers.cloudflare.com/workers/observability/errors/
stack: 101b3537f
uncaught exception; exception = workerd/io/io-context.c++:1642: failed: jsg.Error: The Workers runtime canceled this request because it detected that your Worker's code had hung and would never generate a response. Refer to: https://developers.cloudflare.com/workers/observability/errors/
stack: 101b3537f
uncaught exception; source = Uncaught (in promise); stack = Error: Engine was never started
    at Engine.getStatus (file:///Users/marcus/Developer/card-keepr/node_modules/.pnpm/miniflare@5.20260908.0-alpha/node_modules/miniflare/dist/src/workers/workflows/binding.worker.js:14493:15)
uncaught exception; source = Uncaught (in promise); stack = Error: Engine was never started
    at Engine.getStatus (file:///Users/marcus/Developer/card-keepr/node_modules/.pnpm/miniflare@5.20260908.0-alpha/node_modules/miniflare/dist/src/workers/workflows/binding.worker.js:14493:15)
uncaught exception; source = Uncaught (in promise); stack = Error: Engine was never started
    at Engine.getStatus (file:///Users/marcus/Developer/card-keepr/node_modules/.pnpm/miniflare@5.20260908.0-alpha/node_modules/miniflare/dist/src/workers/workflows/binding.worker.js:14493:15)
uncaught exception; source = Uncaught (in promise); stack = Error: Engine was never started
    at Engine.getStatus (file:///Users/marcus/Developer/card-keepr/node_modules/.pnpm/miniflare@5.20260908.0-alpha/node_modules/miniflare/dist/src/workers/workflows/binding.worker.js:14493:15)
uncaught exception; source = Uncaught (in promise); stack = Error: instance.not_found
    at WorkflowBinding.get (file:///Users/marcus/Developer/card-keepr/node_modules/.pnpm/miniflare@5.20260908.0-alpha/node_modules/miniflare/dist/src/workers/workflows/binding.worker.js:15150:13)
uncaught exception; source = Uncaught (in promise); stack = Error: instance.not_found
    at WorkflowBinding.get (file:///Users/marcus/Developer/card-keepr/node_modules/.pnpm/miniflare@5.20260908.0-alpha/node_modules/miniflare/dist/src/workers/workflows/binding.worker.js:15150:13)
uncaught exception; source = Uncaught (in promise); stack = Error: Engine was never started
    at Engine.getStatus (file:///Users/marcus/Developer/card-keepr/node_modules/.pnpm/miniflare@5.20260908.0-alpha/node_modules/miniflare/dist/src/workers/workflows/binding.worker.js:14493:15)
uncaught exception; source = Uncaught (in promise); stack = Error: Engine was never started
    at Engine.getStatus (file:///Users/marcus/Developer/card-keepr/node_modules/.pnpm/miniflare@5.20260908.0-alpha/node_modules/miniflare/dist/src/workers/workflows/binding.worker.js:14493:15)
uncaught exception; source = Uncaught (in promise); stack = Error: instance.not_found
    at WorkflowBinding.get (file:///Users/marcus/Developer/card-keepr/node_modules/.pnpm/miniflare@5.20260908.0-alpha/node_modules/miniflare/dist/src/workers/workflows/binding.worker.js:15150:13)
uncaught exception; source = Uncaught (in promise); stack = Error: Engine was never started
    at Engine.getStatus (file:///Users/marcus/Developer/card-keepr/node_modules/.pnpm/miniflare@5.20260908.0-alpha/node_modules/miniflare/dist/src/workers/workflows/binding.worker.js:14493:15)
uncaught exception; source = Uncaught (in promise); stack = Error: Engine was never started
    at Engine.getStatus (file:///Users/marcus/Developer/card-keepr/node_modules/.pnpm/miniflare@5.20260908.0-alpha/node_modules/miniflare/dist/src/workers/workflows/binding.worker.js:14493:15)
uncaught exception; source = Uncaught (in promise); stack = Error: instance.not_found
    at WorkflowBinding.get (file:///Users/marcus/Developer/card-keepr/node_modules/.pnpm/miniflare@5.20260908.0-alpha/node_modules/miniflare/dist/src/workers/workflows/binding.worker.js:15150:13)
uncaught exception; source = Uncaught (in promise); stack = Error: Engine was never started
    at Engine.getStatus (file:///Users/marcus/Developer/card-keepr/node_modules/.pnpm/miniflare@5.20260908.0-alpha/node_modules/miniflare/dist/src/workers/workflows/binding.worker.js:14493:15)
uncaught exception; source = Uncaught (in promise); stack = Error: Engine was never started
    at Engine.getStatus (file:///Users/marcus/Developer/card-keepr/node_modules/.pnpm/miniflare@5.20260908.0-alpha/node_modules/miniflare/dist/src/workers/workflows/binding.worker.js:14493:15)
uncaught exception; source = Uncaught (in promise); stack = Error: instance.not_found
    at WorkflowBinding.get (file:///Users/marcus/Developer/card-keepr/node_modules/.pnpm/miniflare@5.20260908.0-alpha/node_modules/miniflare/dist/src/workers/workflows/binding.worker.js:15150:13)
uncaught exception; source = Uncaught (in promise); stack = Error: Engine was never started
    at Engine.getStatus (file:///Users/marcus/Developer/card-keepr/node_modules/.pnpm/miniflare@5.20260908.0-alpha/node_modules/miniflare/dist/src/workers/workflows/binding.worker.js:14493:15)
uncaught exception; source = Uncaught (in promise); stack = Error: Engine was never started
    at Engine.getStatus (file:///Users/marcus/Developer/card-keepr/node_modules/.pnpm/miniflare@5.20260908.0-alpha/node_modules/miniflare/dist/src/workers/workflows/binding.worker.js:14493:15)
uncaught exception; source = Uncaught (in promise); stack = Error: instance.not_found
    at WorkflowBinding.get (file:///Users/marcus/Developer/card-keepr/node_modules/.pnpm/miniflare@5.20260908.0-alpha/node_modules/miniflare/dist/src/workers/workflows/binding.worker.js:15150:13)
uncaught exception; source = Uncaught (in promise); stack = Error: Engine was never started
    at Engine.getStatus (file:///Users/marcus/Developer/card-keepr/node_modules/.pnpm/miniflare@5.20260908.0-alpha/node_modules/miniflare/dist/src/workers/workflows/binding.worker.js:14493:15)
uncaught exception; source = Uncaught (in promise); stack = Error: Engine was never started
    at Engine.getStatus (file:///Users/marcus/Developer/card-keepr/node_modules/.pnpm/miniflare@5.20260908.0-alpha/node_modules/miniflare/dist/src/workers/workflows/binding.worker.js:14493:15)
uncaught exception; source = Uncaught (in promise); stack = Error: instance.not_found
    at WorkflowBinding.get (file:///Users/marcus/Developer/card-keepr/node_modules/.pnpm/miniflare@5.20260908.0-alpha/node_modules/miniflare/dist/src/workers/workflows/binding.worker.js:15150:13)
uncaught exception; source = Uncaught (in promise); stack = Error: Engine was never started
    at Engine.getStatus (file:///Users/marcus/Developer/card-keepr/node_modules/.pnpm/miniflare@5.20260908.0-alpha/node_modules/miniflare/dist/src/workers/workflows/binding.worker.js:14493:15)
uncaught exception; source = Uncaught (in promise); stack = Error: Engine was never started
    at Engine.getStatus (file:///Users/marcus/Developer/card-keepr/node_modules/.pnpm/miniflare@5.20260908.0-alpha/node_modules/miniflare/dist/src/workers/workflows/binding.worker.js:14493:15)
uncaught exception; source = Uncaught (in promise); stack = Error: instance.not_found
    at WorkflowBinding.get (file:///Users/marcus/Developer/card-keepr/node_modules/.pnpm/miniflare@5.20260908.0-alpha/node_modules/miniflare/dist/src/workers/workflows/binding.worker.js:15150:13)
uncaught exception; source = Uncaught (in promise); stack = Error: Engine was never started
    at Engine.getStatus (file:///Users/marcus/Developer/card-keepr/node_modules/.pnpm/miniflare@5.20260908.0-alpha/node_modules/miniflare/dist/src/workers/workflows/binding.worker.js:14493:15)
uncaught exception; source = Uncaught (in promise); stack = Error: Engine was never started
    at Engine.getStatus (file:///Users/marcus/Developer/card-keepr/node_modules/.pnpm/miniflare@5.20260908.0-alpha/node_modules/miniflare/dist/src/workers/workflows/binding.worker.js:14493:15)
uncaught exception; source = Uncaught (in promise); stack = Error: instance.not_found
    at WorkflowBinding.get (file:///Users/marcus/Developer/card-keepr/node_modules/.pnpm/miniflare@5.20260908.0-alpha/node_modules/miniflare/dist/src/workers/workflows/binding.worker.js:15150:13)
uncaught exception; source = Uncaught (in promise); stack = Error: Engine was never started
    at Engine.getStatus (file:///Users/marcus/Developer/card-keepr/node_modules/.pnpm/miniflare@5.20260908.0-alpha/node_modules/miniflare/dist/src/workers/workflows/binding.worker.js:14493:15)
uncaught exception; source = Uncaught (in promise); stack = Error: Engine was never started
    at Engine.getStatus (file:///Users/marcus/Developer/card-keepr/node_modules/.pnpm/miniflare@5.20260908.0-alpha/node_modules/miniflare/dist/src/workers/workflows/binding.worker.js:14493:15)
uncaught exception; source = Uncaught (in promise); stack = Error: instance.not_found
    at WorkflowBinding.get (file:///Users/marcus/Developer/card-keepr/node_modules/.pnpm/miniflare@5.20260908.0-alpha/node_modules/miniflare/dist/src/workers/workflows/binding.worker.js:15150:13)
uncaught exception; source = Uncaught (in promise); stack = Error: Engine was never started
    at Engine.getStatus (file:///Users/marcus/Developer/card-keepr/node_modules/.pnpm/miniflare@5.20260908.0-alpha/node_modules/miniflare/dist/src/workers/workflows/binding.worker.js:14493:15)
uncaught exception; source = Uncaught (in promise); stack = Error: Engine was never started
    at Engine.getStatus (file:///Users/marcus/Developer/card-keepr/node_modules/.pnpm/miniflare@5.20260908.0-alpha/node_modules/miniflare/dist/src/workers/workflows/binding.worker.js:14493:15)
uncaught exception; source = Uncaught (in promise); stack = Error: instance.not_found
    at WorkflowBinding.get (file:///Users/marcus/Developer/card-keepr/node_modules/.pnpm/miniflare@5.20260908.0-alpha/node_modules/miniflare/dist/src/workers/workflows/binding.worker.js:15150:13)
uncaught exception; source = Uncaught (in promise); stack = Error: Engine was never started
    at Engine.getStatus (file:///Users/marcus/Developer/card-keepr/node_modules/.pnpm/miniflare@5.20260908.0-alpha/node_modules/miniflare/dist/src/workers/workflows/binding.worker.js:14493:15)
uncaught exception; source = Uncaught (in promise); stack = Error: Engine was never started
    at Engine.getStatus (file:///Users/marcus/Developer/card-keepr/node_modules/.pnpm/miniflare@5.20260908.0-alpha/node_modules/miniflare/dist/src/workers/workflows/binding.worker.js:14493:15)
uncaught exception; source = Uncaught (in promise); stack = Error: instance.not_found
    at WorkflowBinding.get (file:///Users/marcus/Developer/card-keepr/node_modules/.pnpm/miniflare@5.20260908.0-alpha/node_modules/miniflare/dist/src/workers/workflows/binding.worker.js:15150:13)
uncaught exception; source = Uncaught (in promise); stack = Error: Engine was never started
    at Engine.getStatus (file:///Users/marcus/Developer/card-keepr/node_modules/.pnpm/miniflare@5.20260908.0-alpha/node_modules/miniflare/dist/src/workers/workflows/binding.worker.js:14493:15)
uncaught exception; source = Uncaught (in promise); stack = Error: Engine was never started
    at Engine.getStatus (file:///Users/marcus/Developer/card-keepr/node_modules/.pnpm/miniflare@5.20260908.0-alpha/node_modules/miniflare/dist/src/workers/workflows/binding.worker.js:14493:15)
uncaught exception; source = Uncaught (in promise); stack = Error: instance.not_found
    at WorkflowBinding.get (file:///Users/marcus/Developer/card-keepr/node_modules/.pnpm/miniflare@5.20260908.0-alpha/node_modules/miniflare/dist/src/workers/workflows/binding.worker.js:15150:13)
uncaught exception; source = Uncaught (in promise); stack = Error: Engine was never started
    at Engine.getStatus (file:///Users/marcus/Developer/card-keepr/node_modules/.pnpm/miniflare@5.20260908.0-alpha/node_modules/miniflare/dist/src/workers/workflows/binding.worker.js:14493:15)
uncaught exception; source = Uncaught (in promise); stack = Error: Engine was never started
    at Engine.getStatus (file:///Users/marcus/Developer/card-keepr/node_modules/.pnpm/miniflare@5.20260908.0-alpha/node_modules/miniflare/dist/src/workers/workflows/binding.worker.js:14493:15)
uncaught exception; source = Uncaught (in promise); stack = Error: instance.not_found
    at WorkflowBinding.get (file:///Users/marcus/Developer/card-keepr/node_modules/.pnpm/miniflare@5.20260908.0-alpha/node_modules/miniflare/dist/src/workers/workflows/binding.worker.js:15150:13)
uncaught exception; source = Uncaught (in promise); stack = Error: Engine was never started
    at Engine.getStatus (file:///Users/marcus/Developer/card-keepr/node_modules/.pnpm/miniflare@5.20260908.0-alpha/node_modules/miniflare/dist/src/workers/workflows/binding.worker.js:14493:15)
uncaught exception; source = Uncaught (in promise); stack = Error: Engine was never started
    at Engine.getStatus (file:///Users/marcus/Developer/card-keepr/node_modules/.pnpm/miniflare@5.20260908.0-alpha/node_modules/miniflare/dist/src/workers/workflows/binding.worker.js:14493:15)
uncaught exception; source = Uncaught (in promise); stack = Error: instance.not_found
    at WorkflowBinding.get (file:///Users/marcus/Developer/card-keepr/node_modules/.pnpm/miniflare@5.20260908.0-alpha/node_modules/miniflare/dist/src/workers/workflows/binding.worker.js:15150:13)
uncaught exception; source = Uncaught (in promise); stack = Error: Engine was never started
    at Engine.getStatus (file:///Users/marcus/Developer/card-keepr/node_modules/.pnpm/miniflare@5.20260908.0-alpha/node_modules/miniflare/dist/src/workers/workflows/binding.worker.js:14493:15)
uncaught exception; source = Uncaught (in promise); stack = Error: Engine was never started
    at Engine.getStatus (file:///Users/marcus/Developer/card-keepr/node_modules/.pnpm/miniflare@5.20260908.0-alpha/node_modules/miniflare/dist/src/workers/workflows/binding.worker.js:14493:15)
uncaught exception; source = Uncaught (in promise); stack = Error: instance.not_found
    at WorkflowBinding.get (file:///Users/marcus/Developer/card-keepr/node_modules/.pnpm/miniflare@5.20260908.0-alpha/node_modules/miniflare/dist/src/workers/workflows/binding.worker.js:15150:13)
uncaught exception; source = Uncaught (in promise); stack = Error: Engine was never started
    at Engine.getStatus (file:///Users/marcus/Developer/card-keepr/node_modules/.pnpm/miniflare@5.20260908.0-alpha/node_modules/miniflare/dist/src/workers/workflows/binding.worker.js:14493:15)
uncaught exception; source = Uncaught (in promise); stack = Error: Engine was never started
    at Engine.getStatus (file:///Users/marcus/Developer/card-keepr/node_modules/.pnpm/miniflare@5.20260908.0-alpha/node_modules/miniflare/dist/src/workers/workflows/binding.worker.js:14493:15)
uncaught exception; source = Uncaught (in promise); stack = Error: instance.not_found
    at WorkflowBinding.get (file:///Users/marcus/Developer/card-keepr/node_modules/.pnpm/miniflare@5.20260908.0-alpha/node_modules/miniflare/dist/src/workers/workflows/binding.worker.js:15150:13)
uncaught exception; source = Uncaught (in promise); stack = Error: Engine was never started
    at Engine.getStatus (file:///Users/marcus/Developer/card-keepr/node_modules/.pnpm/miniflare@5.20260908.0-alpha/node_modules/miniflare/dist/src/workers/workflows/binding.worker.js:14493:15)
uncaught exception; source = Uncaught (in promise); stack = Error: Engine was never started
    at Engine.getStatus (file:///Users/marcus/Developer/card-keepr/node_modules/.pnpm/miniflare@5.20260908.0-alpha/node_modules/miniflare/dist/src/workers/workflows/binding.worker.js:14493:15)
uncaught exception; source = Uncaught (in promise); stack = Error: instance.not_found
    at WorkflowBinding.get (file:///Users/marcus/Developer/card-keepr/node_modules/.pnpm/miniflare@5.20260908.0-alpha/node_modules/miniflare/dist/src/workers/workflows/binding.worker.js:15150:13)
uncaught exception; source = Uncaught (in promise); stack = Error: Engine was never started
    at Engine.getStatus (file:///Users/marcus/Developer/card-keepr/node_modules/.pnpm/miniflare@5.20260908.0-alpha/node_modules/miniflare/dist/src/workers/workflows/binding.worker.js:14493:15)
uncaught exception; source = Uncaught (in promise); stack = Error: Engine was never started
    at Engine.getStatus (file:///Users/marcus/Developer/card-keepr/node_modules/.pnpm/miniflare@5.20260908.0-alpha/node_modules/miniflare/dist/src/workers/workflows/binding.worker.js:14493:15)
uncaught exception; source = Uncaught (in promise); stack = Error: instance.not_found
    at WorkflowBinding.get (file:///Users/marcus/Developer/card-keepr/node_modules/.pnpm/miniflare@5.20260908.0-alpha/node_modules/miniflare/dist/src/workers/workflows/binding.worker.js:15150:13)
uncaught exception; source = Uncaught (in promise); stack = Error: Engine was never started
    at Engine.getStatus (file:///Users/marcus/Developer/card-keepr/node_modules/.pnpm/miniflare@5.20260908.0-alpha/node_modules/miniflare/dist/src/workers/workflows/binding.worker.js:14493:15)
uncaught exception; source = Uncaught (in promise); stack = Error: Engine was never started
    at Engine.getStatus (file:///Users/marcus/Developer/card-keepr/node_modules/.pnpm/miniflare@5.20260908.0-alpha/node_modules/miniflare/dist/src/workers/workflows/binding.worker.js:14493:15)
uncaught exception; source = Uncaught (in promise); stack = Error: instance.not_found
    at WorkflowBinding.get (file:///Users/marcus/Developer/card-keepr/node_modules/.pnpm/miniflare@5.20260908.0-alpha/node_modules/miniflare/dist/src/workers/workflows/binding.worker.js:15150:13)
uncaught exception; source = Uncaught (in promise); stack = Error: Engine was never started
    at Engine.getStatus (file:///Users/marcus/Developer/card-keepr/node_modules/.pnpm/miniflare@5.20260908.0-alpha/node_modules/miniflare/dist/src/workers/workflows/binding.worker.js:14493:15)
uncaught exception; source = Uncaught (in promise); stack = Error: Engine was never started
    at Engine.getStatus (file:///Users/marcus/Developer/card-keepr/node_modules/.pnpm/miniflare@5.20260908.0-alpha/node_modules/miniflare/dist/src/workers/workflows/binding.worker.js:14493:15)
uncaught exception; source = Uncaught (in promise); stack = Error: instance.not_found
    at WorkflowBinding.get (file:///Users/marcus/Developer/card-keepr/node_modules/.pnpm/miniflare@5.20260908.0-alpha/node_modules/miniflare/dist/src/workers/workflows/binding.worker.js:15150:13)
uncaught exception; exception = workerd/io/io-context.c++:1642: failed: jsg.Error: The Workers runtime canceled this request because it detected that your Worker's code had hung and would never generate a response. Refer to: https://developers.cloudflare.com/workers/observability/errors/
stack: 1051fd37f
uncaught exception; source = Uncaught (in promise); stack = Error: Engine was never started
    at Engine.getStatus (file:///Users/marcus/Developer/card-keepr/node_modules/.pnpm/miniflare@5.20260908.0-alpha/node_modules/miniflare/dist/src/workers/workflows/binding.worker.js:14493:15)
uncaught exception; source = Uncaught (in promise); stack = Error: Engine was never started
    at Engine.getStatus (file:///Users/marcus/Developer/card-keepr/node_modules/.pnpm/miniflare@5.20260908.0-alpha/node_modules/miniflare/dist/src/workers/workflows/binding.worker.js:14493:15)
uncaught exception; source = Uncaught (in promise); stack = Error: instance.not_found
    at WorkflowBinding.get (file:///Users/marcus/Developer/card-keepr/node_modules/.pnpm/miniflare@5.20260908.0-alpha/node_modules/miniflare/dist/src/workers/workflows/binding.worker.js:15150:13)
uncaught exception; source = Uncaught (in promise); stack = Error: Engine was never started
    at Engine.getStatus (file:///Users/marcus/Developer/card-keepr/node_modules/.pnpm/miniflare@5.20260908.0-alpha/node_modules/miniflare/dist/src/workers/workflows/binding.worker.js:14493:15)
uncaught exception; source = Uncaught (in promise); stack = Error: Engine was never started
    at Engine.getStatus (file:///Users/marcus/Developer/card-keepr/node_modules/.pnpm/miniflare@5.20260908.0-alpha/node_modules/miniflare/dist/src/workers/workflows/binding.worker.js:14493:15)
uncaught exception; source = Uncaught (in promise); stack = Error: instance.not_found
    at WorkflowBinding.get (file:///Users/marcus/Developer/card-keepr/node_modules/.pnpm/miniflare@5.20260908.0-alpha/node_modules/miniflare/dist/src/workers/workflows/binding.worker.js:15150:13)
uncaught exception; source = Uncaught (in promise); stack = Error: Engine was never started
    at Engine.getStatus (file:///Users/marcus/Developer/card-keepr/node_modules/.pnpm/miniflare@5.20260908.0-alpha/node_modules/miniflare/dist/src/workers/workflows/binding.worker.js:14493:15)
uncaught exception; source = Uncaught (in promise); stack = Error: Engine was never started
    at Engine.getStatus (file:///Users/marcus/Developer/card-keepr/node_modules/.pnpm/miniflare@5.20260908.0-alpha/node_modules/miniflare/dist/src/workers/workflows/binding.worker.js:14493:15)
uncaught exception; source = Uncaught (in promise); stack = Error: instance.not_found
    at WorkflowBinding.get (file:///Users/marcus/Developer/card-keepr/node_modules/.pnpm/miniflare@5.20260908.0-alpha/node_modules/miniflare/dist/src/workers/workflows/binding.worker.js:15150:13)
uncaught exception; source = Uncaught (in promise); stack = Error: Engine was never started
    at Engine.getStatus (file:///Users/marcus/Developer/card-keepr/node_modules/.pnpm/miniflare@5.20260908.0-alpha/node_modules/miniflare/dist/src/workers/workflows/binding.worker.js:14493:15)
uncaught exception; source = Uncaught (in promise); stack = Error: Engine was never started
    at Engine.getStatus (file:///Users/marcus/Developer/card-keepr/node_modules/.pnpm/miniflare@5.20260908.0-alpha/node_modules/miniflare/dist/src/workers/workflows/binding.worker.js:14493:15)
uncaught exception; source = Uncaught (in promise); stack = Error: instance.not_found
    at WorkflowBinding.get (file:///Users/marcus/Developer/card-keepr/node_modules/.pnpm/miniflare@5.20260908.0-alpha/node_modules/miniflare/dist/src/workers/workflows/binding.worker.js:15150:13)
uncaught exception; source = Uncaught (in promise); stack = Error: Engine was never started
    at Engine.getStatus (file:///Users/marcus/Developer/card-keepr/node_modules/.pnpm/miniflare@5.20260908.0-alpha/node_modules/miniflare/dist/src/workers/workflows/binding.worker.js:14493:15)
uncaught exception; source = Uncaught (in promise); stack = Error: Engine was never started
    at Engine.getStatus (file:///Users/marcus/Developer/card-keepr/node_modules/.pnpm/miniflare@5.20260908.0-alpha/node_modules/miniflare/dist/src/workers/workflows/binding.worker.js:14493:15)
uncaught exception; source = Uncaught (in promise); stack = Error: instance.not_found
    at WorkflowBinding.get (file:///Users/marcus/Developer/card-keepr/node_modules/.pnpm/miniflare@5.20260908.0-alpha/node_modules/miniflare/dist/src/workers/workflows/binding.worker.js:15150:13)
uncaught exception; source = Uncaught (in promise); stack = Error: Engine was never started
    at Engine.getStatus (file:///Users/marcus/Developer/card-keepr/node_modules/.pnpm/miniflare@5.20260908.0-alpha/node_modules/miniflare/dist/src/workers/workflows/binding.worker.js:14493:15)
uncaught exception; source = Uncaught (in promise); stack = Error: Engine was never started
    at Engine.getStatus (file:///Users/marcus/Developer/card-keepr/node_modules/.pnpm/miniflare@5.20260908.0-alpha/node_modules/miniflare/dist/src/workers/workflows/binding.worker.js:14493:15)
uncaught exception; source = Uncaught (in promise); stack = Error: instance.not_found
    at WorkflowBinding.get (file:///Users/marcus/Developer/card-keepr/node_modules/.pnpm/miniflare@5.20260908.0-alpha/node_modules/miniflare/dist/src/workers/workflows/binding.worker.js:15150:13)
uncaught exception; source = Uncaught (in promise); stack = Error: Engine was never started
    at Engine.getStatus (file:///Users/marcus/Developer/card-keepr/node_modules/.pnpm/miniflare@5.20260908.0-alpha/node_modules/miniflare/dist/src/workers/workflows/binding.worker.js:14493:15)
uncaught exception; source = Uncaught (in promise); stack = Error: Engine was never started
    at Engine.getStatus (file:///Users/marcus/Developer/card-keepr/node_modules/.pnpm/miniflare@5.20260908.0-alpha/node_modules/miniflare/dist/src/workers/workflows/binding.worker.js:14493:15)
uncaught exception; source = Uncaught (in promise); stack = Error: instance.not_found
    at WorkflowBinding.get (file:///Users/marcus/Developer/card-keepr/node_modules/.pnpm/miniflare@5.20260908.0-alpha/node_modules/miniflare/dist/src/workers/workflows/binding.worker.js:15150:13)
uncaught exception; source = Uncaught (in promise); stack = Error: Engine was never started
    at Engine.getStatus (file:///Users/marcus/Developer/card-keepr/node_modules/.pnpm/miniflare@5.20260908.0-alpha/node_modules/miniflare/dist/src/workers/workflows/binding.worker.js:14493:15)
uncaught exception; source = Uncaught (in promise); stack = Error: Engine was never started
    at Engine.getStatus (file:///Users/marcus/Developer/card-keepr/node_modules/.pnpm/miniflare@5.20260908.0-alpha/node_modules/miniflare/dist/src/workers/workflows/binding.worker.js:14493:15)
uncaught exception; source = Uncaught (in promise); stack = Error: instance.not_found
    at WorkflowBinding.get (file:///Users/marcus/Developer/card-keepr/node_modules/.pnpm/miniflare@5.20260908.0-alpha/node_modules/miniflare/dist/src/workers/workflows/binding.worker.js:15150:13)
uncaught exception; source = Uncaught (in promise); stack = Error: Engine was never started
    at Engine.getStatus (file:///Users/marcus/Developer/card-keepr/node_modules/.pnpm/miniflare@5.20260908.0-alpha/node_modules/miniflare/dist/src/workers/workflows/binding.worker.js:14493:15)
uncaught exception; source = Uncaught (in promise); stack = Error: Engine was never started
    at Engine.getStatus (file:///Users/marcus/Developer/card-keepr/node_modules/.pnpm/miniflare@5.20260908.0-alpha/node_modules/miniflare/dist/src/workers/workflows/binding.worker.js:14493:15)
uncaught exception; source = Uncaught (in promise); stack = Error: instance.not_found
    at WorkflowBinding.get (file:///Users/marcus/Developer/card-keepr/node_modules/.pnpm/miniflare@5.20260908.0-alpha/node_modules/miniflare/dist/src/workers/workflows/binding.worker.js:15150:13)
uncaught exception; source = Uncaught (in promise); stack = Error: Engine was never started
    at Engine.getStatus (file:///Users/marcus/Developer/card-keepr/node_modules/.pnpm/miniflare@5.20260908.0-alpha/node_modules/miniflare/dist/src/workers/workflows/binding.worker.js:14493:15)
uncaught exception; source = Uncaught (in promise); stack = Error: Engine was never started
    at Engine.getStatus (file:///Users/marcus/Developer/card-keepr/node_modules/.pnpm/miniflare@5.20260908.0-alpha/node_modules/miniflare/dist/src/workers/workflows/binding.worker.js:14493:15)
uncaught exception; source = Uncaught (in promise); stack = Error: instance.not_found
    at WorkflowBinding.get (file:///Users/marcus/Developer/card-keepr/node_modules/.pnpm/miniflare@5.20260908.0-alpha/node_modules/miniflare/dist/src/workers/workflows/binding.worker.js:15150:13)
uncaught exception; exception = workerd/io/io-context.c++:1642: failed: jsg.Error: The Workers runtime canceled this request because it detected that your Worker's code had hung and would never generate a response. Refer to: https://developers.cloudflare.com/workers/observability/errors/
stack: 101b3537f
uncaught exception; source = Uncaught (in promise); stack = Error: Engine was never started
    at Engine.getStatus (file:///Users/marcus/Developer/card-keepr/node_modules/.pnpm/miniflare@5.20260908.0-alpha/node_modules/miniflare/dist/src/workers/workflows/binding.worker.js:14493:15)
uncaught exception; source = Uncaught (in promise); stack = Error: Engine was never started
    at Engine.getStatus (file:///Users/marcus/Developer/card-keepr/node_modules/.pnpm/miniflare@5.20260908.0-alpha/node_modules/miniflare/dist/src/workers/workflows/binding.worker.js:14493:15)
uncaught exception; source = Uncaught (in promise); stack = Error: instance.not_found
    at WorkflowBinding.get (file:///Users/marcus/Developer/card-keepr/node_modules/.pnpm/miniflare@5.20260908.0-alpha/node_modules/miniflare/dist/src/workers/workflows/binding.worker.js:15150:13)
uncaught exception; source = Uncaught (in promise); stack = Error: Engine was never started
    at Engine.getStatus (file:///Users/marcus/Developer/card-keepr/node_modules/.pnpm/miniflare@5.20260908.0-alpha/node_modules/miniflare/dist/src/workers/workflows/binding.worker.js:14493:15)
uncaught exception; source = Uncaught (in promise); stack = Error: Engine was never started
    at Engine.getStatus (file:///Users/marcus/Developer/card-keepr/node_modules/.pnpm/miniflare@5.20260908.0-alpha/node_modules/miniflare/dist/src/workers/workflows/binding.worker.js:14493:15)
uncaught exception; source = Uncaught (in promise); stack = Error: instance.not_found
    at WorkflowBinding.get (file:///Users/marcus/Developer/card-keepr/node_modules/.pnpm/miniflare@5.20260908.0-alpha/node_modules/miniflare/dist/src/workers/workflows/binding.worker.js:15150:13)
uncaught exception; source = Uncaught (in promise); stack = Error: Engine was never started
    at Engine.getStatus (file:///Users/marcus/Developer/card-keepr/node_modules/.pnpm/miniflare@5.20260908.0-alpha/node_modules/miniflare/dist/src/workers/workflows/binding.worker.js:14493:15)
uncaught exception; source = Uncaught (in promise); stack = Error: Engine was never started
    at Engine.getStatus (file:///Users/marcus/Developer/card-keepr/node_modules/.pnpm/miniflare@5.20260908.0-alpha/node_modules/miniflare/dist/src/workers/workflows/binding.worker.js:14493:15)
uncaught exception; source = Uncaught (in promise); stack = Error: instance.not_found
    at WorkflowBinding.get (file:///Users/marcus/Developer/card-keepr/node_modules/.pnpm/miniflare@5.20260908.0-alpha/node_modules/miniflare/dist/src/workers/workflows/binding.worker.js:15150:13)
uncaught exception; source = Uncaught (in promise); stack = Error: Engine was never started
    at Engine.getStatus (file:///Users/marcus/Developer/card-keepr/node_modules/.pnpm/miniflare@5.20260908.0-alpha/node_modules/miniflare/dist/src/workers/workflows/binding.worker.js:14493:15)
uncaught exception; source = Uncaught (in promise); stack = Error: Engine was never started
    at Engine.getStatus (file:///Users/marcus/Developer/card-keepr/node_modules/.pnpm/miniflare@5.20260908.0-alpha/node_modules/miniflare/dist/src/workers/workflows/binding.worker.js:14493:15)
uncaught exception; source = Uncaught (in promise); stack = Error: Engine was never started
    at Engine.getStatus (file:///Users/marcus/Developer/card-keepr/node_modules/.pnpm/miniflare@5.20260908.0-alpha/node_modules/miniflare/dist/src/workers/workflows/binding.worker.js:14493:15)
uncaught exception; source = Uncaught (in promise); stack = Error: instance.not_found
    at WorkflowBinding.get (file:///Users/marcus/Developer/card-keepr/node_modules/.pnpm/miniflare@5.20260908.0-alpha/node_modules/miniflare/dist/src/workers/workflows/binding.worker.js:15150:13)
uncaught exception; source = Uncaught (in promise); stack = Error: Engine was never started
    at Engine.getStatus (file:///Users/marcus/Developer/card-keepr/node_modules/.pnpm/miniflare@5.20260908.0-alpha/node_modules/miniflare/dist/src/workers/workflows/binding.worker.js:14493:15)
uncaught exception; source = Uncaught (in promise); stack = Error: instance.not_found
    at WorkflowBinding.get (file:///Users/marcus/Developer/card-keepr/node_modules/.pnpm/miniflare@5.20260908.0-alpha/node_modules/miniflare/dist/src/workers/workflows/binding.worker.js:15150:13)
uncaught exception; source = Uncaught (in promise); stack = Error: Engine was never started
    at Engine.getStatus (file:///Users/marcus/Developer/card-keepr/node_modules/.pnpm/miniflare@5.20260908.0-alpha/node_modules/miniflare/dist/src/workers/workflows/binding.worker.js:14493:15)
uncaught exception; source = Uncaught (in promise); stack = Error: Engine was never started
    at Engine.getStatus (file:///Users/marcus/Developer/card-keepr/node_modules/.pnpm/miniflare@5.20260908.0-alpha/node_modules/miniflare/dist/src/workers/workflows/binding.worker.js:14493:15)
uncaught exception; source = Uncaught (in promise); stack = Error: Engine was never started
    at Engine.getStatus (file:///Users/marcus/Developer/card-keepr/node_modules/.pnpm/miniflare@5.20260908.0-alpha/node_modules/miniflare/dist/src/workers/workflows/binding.worker.js:14493:15)
uncaught exception; source = Uncaught (in promise); stack = Error: Engine was never started
    at Engine.getStatus (file:///Users/marcus/Developer/card-keepr/node_modules/.pnpm/miniflare@5.20260908.0-alpha/node_modules/miniflare/dist/src/workers/workflows/binding.worker.js:14493:15)
uncaught exception; source = Uncaught (in promise); stack = Error: instance.not_found
    at WorkflowBinding.get (file:///Users/marcus/Developer/card-keepr/node_modules/.pnpm/miniflare@5.20260908.0-alpha/node_modules/miniflare/dist/src/workers/workflows/binding.worker.js:15150:13)
uncaught exception; source = Uncaught (in promise); stack = Error: instance.not_found
    at WorkflowBinding.get (file:///Users/marcus/Developer/card-keepr/node_modules/.pnpm/miniflare@5.20260908.0-alpha/node_modules/miniflare/dist/src/workers/workflows/binding.worker.js:15150:13)
uncaught exception; source = Uncaught (in promise); stack = Error: Engine was never started
    at Engine.getStatus (file:///Users/marcus/Developer/card-keepr/node_modules/.pnpm/miniflare@5.20260908.0-alpha/node_modules/miniflare/dist/src/workers/workflows/binding.worker.js:14493:15)
uncaught exception; source = Uncaught (in promise); stack = Error: Engine was never started
    at Engine.getStatus (file:///Users/marcus/Developer/card-keepr/node_modules/.pnpm/miniflare@5.20260908.0-alpha/node_modules/miniflare/dist/src/workers/workflows/binding.worker.js:14493:15)
uncaught exception; source = Uncaught (in promise); stack = Error: Engine was never started
    at Engine.getStatus (file:///Users/marcus/Developer/card-keepr/node_modules/.pnpm/miniflare@5.20260908.0-alpha/node_modules/miniflare/dist/src/workers/workflows/binding.worker.js:14493:15)
uncaught exception; source = Uncaught (in promise); stack = Error: Engine was never started
    at Engine.getStatus (file:///Users/marcus/Developer/card-keepr/node_modules/.pnpm/miniflare@5.20260908.0-alpha/node_modules/miniflare/dist/src/workers/workflows/binding.worker.js:14493:15)
uncaught exception; source = Uncaught (in promise); stack = Error: Engine was never started
    at Engine.getStatus (file:///Users/marcus/Developer/card-keepr/node_modules/.pnpm/miniflare@5.20260908.0-alpha/node_modules/miniflare/dist/src/workers/workflows/binding.worker.js:14493:15)
uncaught exception; source = Uncaught (in promise); stack = Error: instance.not_found
    at WorkflowBinding.get (file:///Users/marcus/Developer/card-keepr/node_modules/.pnpm/miniflare@5.20260908.0-alpha/node_modules/miniflare/dist/src/workers/workflows/binding.worker.js:15150:13)
uncaught exception; source = Uncaught (in promise); stack = Error: instance.not_found
    at WorkflowBinding.get (file:///Users/marcus/Developer/card-keepr/node_modules/.pnpm/miniflare@5.20260908.0-alpha/node_modules/miniflare/dist/src/workers/workflows/binding.worker.js:15150:13)
uncaught exception; source = Uncaught (in promise); stack = Error: Engine was never started
    at Engine.getStatus (file:///Users/marcus/Developer/card-keepr/node_modules/.pnpm/miniflare@5.20260908.0-alpha/node_modules/miniflare/dist/src/workers/workflows/binding.worker.js:14493:15)
uncaught exception; source = Uncaught (in promise); stack = Error: instance.not_found
    at WorkflowBinding.get (file:///Users/marcus/Developer/card-keepr/node_modules/.pnpm/miniflare@5.20260908.0-alpha/node_modules/miniflare/dist/src/workers/workflows/binding.worker.js:15150:13)
uncaught exception; exception = workerd/io/io-context.c++:1642: failed: jsg.Error: The Workers runtime canceled this request because it detected that your Worker's code had hung and would never generate a response. Refer to: https://developers.cloudflare.com/workers/observability/errors/
stack: 10199d37f
uncaught exception; exception = workerd/io/io-context.c++:1642: failed: jsg.Error: The Workers runtime canceled this request because it detected that your Worker's code had hung and would never generate a response. Refer to: https://developers.cloudflare.com/workers/observability/errors/
stack: 10199d37f
uncaught exception; source = Uncaught (in promise); stack = Error: Engine was never started
    at Engine.getStatus (file:///Users/marcus/Developer/card-keepr/node_modules/.pnpm/miniflare@5.20260908.0-alpha/node_modules/miniflare/dist/src/workers/workflows/binding.worker.js:14493:15)
uncaught exception; source = Uncaught (in promise); stack = Error: Engine was never started
    at Engine.getStatus (file:///Users/marcus/Developer/card-keepr/node_modules/.pnpm/miniflare@5.20260908.0-alpha/node_modules/miniflare/dist/src/workers/workflows/binding.worker.js:14493:15)
uncaught exception; source = Uncaught (in promise); stack = Error: Engine was never started
    at Engine.getStatus (file:///Users/marcus/Developer/card-keepr/node_modules/.pnpm/miniflare@5.20260908.0-alpha/node_modules/miniflare/dist/src/workers/workflows/binding.worker.js:14493:15)
uncaught exception; source = Uncaught (in promise); stack = Error: Engine was never started
    at Engine.getStatus (file:///Users/marcus/Developer/card-keepr/node_modules/.pnpm/miniflare@5.20260908.0-alpha/node_modules/miniflare/dist/src/workers/workflows/binding.worker.js:14493:15)
uncaught exception; source = Uncaught (in promise); stack = Error: Engine was never started
    at Engine.getStatus (file:///Users/marcus/Developer/card-keepr/node_modules/.pnpm/miniflare@5.20260908.0-alpha/node_modules/miniflare/dist/src/workers/workflows/binding.worker.js:14493:15)
uncaught exception; source = Uncaught (in promise); stack = Error: Engine was never started
    at Engine.getStatus (file:///Users/marcus/Developer/card-keepr/node_modules/.pnpm/miniflare@5.20260908.0-alpha/node_modules/miniflare/dist/src/workers/workflows/binding.worker.js:14493:15)
uncaught exception; source = Uncaught (in promise); stack = Error: Engine was never started
    at Engine.getStatus (file:///Users/marcus/Developer/card-keepr/node_modules/.pnpm/miniflare@5.20260908.0-alpha/node_modules/miniflare/dist/src/workers/workflows/binding.worker.js:14493:15)
uncaught exception; source = Uncaught (in promise); stack = Error: instance.not_found
    at WorkflowBinding.get (file:///Users/marcus/Developer/card-keepr/node_modules/.pnpm/miniflare@5.20260908.0-alpha/node_modules/miniflare/dist/src/workers/workflows/binding.worker.js:15150:13)
uncaught exception; source = Uncaught (in promise); stack = Error: Engine was never started
    at Engine.getStatus (file:///Users/marcus/Developer/card-keepr/node_modules/.pnpm/miniflare@5.20260908.0-alpha/node_modules/miniflare/dist/src/workers/workflows/binding.worker.js:14493:15)
uncaught exception; source = Uncaught (in promise); stack = Error: instance.not_found
    at WorkflowBinding.get (file:///Users/marcus/Developer/card-keepr/node_modules/.pnpm/miniflare@5.20260908.0-alpha/node_modules/miniflare/dist/src/workers/workflows/binding.worker.js:15150:13)
uncaught exception; source = Uncaught (in promise); stack = Error: instance.not_found
    at WorkflowBinding.get (file:///Users/marcus/Developer/card-keepr/node_modules/.pnpm/miniflare@5.20260908.0-alpha/node_modules/miniflare/dist/src/workers/workflows/binding.worker.js:15150:13)
uncaught exception; source = Uncaught (in promise); stack = Error: instance.not_found
    at WorkflowBinding.get (file:///Users/marcus/Developer/card-keepr/node_modules/.pnpm/miniflare@5.20260908.0-alpha/node_modules/miniflare/dist/src/workers/workflows/binding.worker.js:15150:13)
uncaught exception; exception = workerd/io/io-context.c++:1642: failed: jsg.Error: The Workers runtime canceled this request because it detected that your Worker's code had hung and would never generate a response. Refer to: https://developers.cloudflare.com/workers/observability/errors/
stack: 1050dd37f
uncaught exception; source = Uncaught (in promise); stack = Error: Engine was never started
    at Engine.getStatus (file:///Users/marcus/Developer/card-keepr/node_modules/.pnpm/miniflare@5.20260908.0-alpha/node_modules/miniflare/dist/src/workers/workflows/binding.worker.js:14493:15)
uncaught exception; source = Uncaught (in promise); stack = Error: Engine was never started
    at Engine.getStatus (file:///Users/marcus/Developer/card-keepr/node_modules/.pnpm/miniflare@5.20260908.0-alpha/node_modules/miniflare/dist/src/workers/workflows/binding.worker.js:14493:15)
uncaught exception; source = Uncaught (in promise); stack = Error: instance.not_found
    at WorkflowBinding.get (file:///Users/marcus/Developer/card-keepr/node_modules/.pnpm/miniflare@5.20260908.0-alpha/node_modules/miniflare/dist/src/workers/workflows/binding.worker.js:15150:13)
uncaught exception; exception = workerd/io/io-context.c++:1642: failed: jsg.Error: The Workers runtime canceled this request because it detected that your Worker's code had hung and would never generate a response. Refer to: https://developers.cloudflare.com/workers/observability/errors/
stack: 1054d937f
uncaught exception; source = Uncaught (in promise); stack = Error: Engine was never started
    at Engine.getStatus (file:///Users/marcus/Developer/card-keepr/node_modules/.pnpm/miniflare@5.20260908.0-alpha/node_modules/miniflare/dist/src/workers/workflows/binding.worker.js:14493:15)
uncaught exception; source = Uncaught (in promise); stack = Error: Engine was never started
    at Engine.getStatus (file:///Users/marcus/Developer/card-keepr/node_modules/.pnpm/miniflare@5.20260908.0-alpha/node_modules/miniflare/dist/src/workers/workflows/binding.worker.js:14493:15)
uncaught exception; source = Uncaught (in promise); stack = Error: instance.not_found
    at WorkflowBinding.get (file:///Users/marcus/Developer/card-keepr/node_modules/.pnpm/miniflare@5.20260908.0-alpha/node_modules/miniflare/dist/src/workers/workflows/binding.worker.js:15150:13)
uncaught exception; exception = workerd/io/io-context.c++:1642: failed: jsg.Error: The Workers runtime canceled this request because it detected that your Worker's code had hung and would never generate a response. Refer to: https://developers.cloudflare.com/workers/observability/errors/
stack: 1054d937f
uncaught exception; exception = workerd/io/io-context.c++:1642: failed: jsg.Error: The Workers runtime canceled this request because it detected that your Worker's code had hung and would never generate a response. Refer to: https://developers.cloudflare.com/workers/observability/errors/
stack: 1035f537f
uncaught exception; exception = workerd/io/io-context.c++:1642: failed: jsg.Error: The Workers runtime canceled this request because it detected that your Worker's code had hung and would never generate a response. Refer to: https://developers.cloudflare.com/workers/observability/errors/
stack: 1038e937f
uncaught exception; source = Uncaught (in promise); stack = Error: Engine was never started
    at Engine.getStatus (file:///Users/marcus/Developer/card-keepr/node_modules/.pnpm/miniflare@5.20260908.0-alpha/node_modules/miniflare/dist/src/workers/workflows/binding.worker.js:14493:15)
uncaught exception; source = Uncaught (in promise); stack = Error: Engine was never started
    at Engine.getStatus (file:///Users/marcus/Developer/card-keepr/node_modules/.pnpm/miniflare@5.20260908.0-alpha/node_modules/miniflare/dist/src/workers/workflows/binding.worker.js:14493:15)
uncaught exception; source = Uncaught (in promise); stack = Error: Engine was never started
    at Engine.getStatus (file:///Users/marcus/Developer/card-keepr/node_modules/.pnpm/miniflare@5.20260908.0-alpha/node_modules/miniflare/dist/src/workers/workflows/binding.worker.js:14493:15)
uncaught exception; source = Uncaught (in promise); stack = Error: Engine was never started
    at Engine.getStatus (file:///Users/marcus/Developer/card-keepr/node_modules/.pnpm/miniflare@5.20260908.0-alpha/node_modules/miniflare/dist/src/workers/workflows/binding.worker.js:14493:15)
uncaught exception; source = Uncaught (in promise); stack = Error: instance.not_found
    at WorkflowBinding.get (file:///Users/marcus/Developer/card-keepr/node_modules/.pnpm/miniflare@5.20260908.0-alpha/node_modules/miniflare/dist/src/workers/workflows/binding.worker.js:15150:13)
uncaught exception; source = Uncaught (in promise); stack = Error: instance.not_found
    at WorkflowBinding.get (file:///Users/marcus/Developer/card-keepr/node_modules/.pnpm/miniflare@5.20260908.0-alpha/node_modules/miniflare/dist/src/workers/workflows/binding.worker.js:15150:13)
uncaught exception; source = Uncaught (in promise); stack = Error: Engine was never started
    at Engine.getStatus (file:///Users/marcus/Developer/card-keepr/node_modules/.pnpm/miniflare@5.20260908.0-alpha/node_modules/miniflare/dist/src/workers/workflows/binding.worker.js:14493:15)
uncaught exception; source = Uncaught (in promise); stack = Error: Engine was never started
    at Engine.getStatus (file:///Users/marcus/Developer/card-keepr/node_modules/.pnpm/miniflare@5.20260908.0-alpha/node_modules/miniflare/dist/src/workers/workflows/binding.worker.js:14493:15)
uncaught exception; source = Uncaught (in promise); stack = Error: Engine was never started
    at Engine.getStatus (file:///Users/marcus/Developer/card-keepr/node_modules/.pnpm/miniflare@5.20260908.0-alpha/node_modules/miniflare/dist/src/workers/workflows/binding.worker.js:14493:15)
uncaught exception; source = Uncaught (in promise); stack = Error: Engine was never started
    at Engine.getStatus (file:///Users/marcus/Developer/card-keepr/node_modules/.pnpm/miniflare@5.20260908.0-alpha/node_modules/miniflare/dist/src/workers/workflows/binding.worker.js:14493:15)
uncaught exception; source = Uncaught (in promise); stack = Error: instance.not_found
    at WorkflowBinding.get (file:///Users/marcus/Developer/card-keepr/node_modules/.pnpm/miniflare@5.20260908.0-alpha/node_modules/miniflare/dist/src/workers/workflows/binding.worker.js:15150:13)
uncaught exception; source = Uncaught (in promise); stack = Error: instance.not_found
    at WorkflowBinding.get (file:///Users/marcus/Developer/card-keepr/node_modules/.pnpm/miniflare@5.20260908.0-alpha/node_modules/miniflare/dist/src/workers/workflows/binding.worker.js:15150:13)
uncaught exception; source = Uncaught (in promise); stack = Error: Engine was never started
    at Engine.getStatus (file:///Users/marcus/Developer/card-keepr/node_modules/.pnpm/miniflare@5.20260908.0-alpha/node_modules/miniflare/dist/src/workers/workflows/binding.worker.js:14493:15)
uncaught exception; source = Uncaught (in promise); stack = Error: Engine was never started
    at Engine.getStatus (file:///Users/marcus/Developer/card-keepr/node_modules/.pnpm/miniflare@5.20260908.0-alpha/node_modules/miniflare/dist/src/workers/workflows/binding.worker.js:14493:15)
uncaught exception; source = Uncaught (in promise); stack = Error: instance.not_found
    at WorkflowBinding.get (file:///Users/marcus/Developer/card-keepr/node_modules/.pnpm/miniflare@5.20260908.0-alpha/node_modules/miniflare/dist/src/workers/workflows/binding.worker.js:15150:13)
uncaught exception; exception = workerd/io/io-context.c++:1642: failed: jsg.Error: The Workers runtime canceled this request because it detected that your Worker's code had hung and would never generate a response. Refer to: https://developers.cloudflare.com/workers/observability/errors/
stack: 1017f537f
uncaught exception; exception = workerd/io/io-context.c++:1642: failed: jsg.Error: The Workers runtime canceled this request because it detected that your Worker's code had hung and would never generate a response. Refer to: https://developers.cloudflare.com/workers/observability/errors/
stack: 1017f537f
uncaught exception; source = Uncaught (in promise); stack = Error: Engine was never started
    at Engine.getStatus (file:///Users/marcus/Developer/card-keepr/node_modules/.pnpm/miniflare@5.20260908.0-alpha/node_modules/miniflare/dist/src/workers/workflows/binding.worker.js:14493:15)
uncaught exception; source = Uncaught (in promise); stack = Error: Engine was never started
    at Engine.getStatus (file:///Users/marcus/Developer/card-keepr/node_modules/.pnpm/miniflare@5.20260908.0-alpha/node_modules/miniflare/dist/src/workers/workflows/binding.worker.js:14493:15)
uncaught exception; source = Uncaught (in promise); stack = Error: Engine was never started
    at Engine.getStatus (file:///Users/marcus/Developer/card-keepr/node_modules/.pnpm/miniflare@5.20260908.0-alpha/node_modules/miniflare/dist/src/workers/workflows/binding.worker.js:14493:15)
uncaught exception; source = Uncaught (in promise); stack = Error: Engine was never started
    at Engine.getStatus (file:///Users/marcus/Developer/card-keepr/node_modules/.pnpm/miniflare@5.20260908.0-alpha/node_modules/miniflare/dist/src/workers/workflows/binding.worker.js:14493:15)
uncaught exception; source = Uncaught (in promise); stack = Error: Engine was never started
    at Engine.getStatus (file:///Users/marcus/Developer/card-keepr/node_modules/.pnpm/miniflare@5.20260908.0-alpha/node_modules/miniflare/dist/src/workers/workflows/binding.worker.js:14493:15)
uncaught exception; source = Uncaught (in promise); stack = Error: Engine was never started
    at Engine.getStatus (file:///Users/marcus/Developer/card-keepr/node_modules/.pnpm/miniflare@5.20260908.0-alpha/node_modules/miniflare/dist/src/workers/workflows/binding.worker.js:14493:15)
uncaught exception; source = Uncaught (in promise); stack = Error: Engine was never started
    at Engine.getStatus (file:///Users/marcus/Developer/card-keepr/node_modules/.pnpm/miniflare@5.20260908.0-alpha/node_modules/miniflare/dist/src/workers/workflows/binding.worker.js:14493:15)
uncaught exception; source = Uncaught (in promise); stack = Error: Engine was never started
    at Engine.getStatus (file:///Users/marcus/Developer/card-keepr/node_modules/.pnpm/miniflare@5.20260908.0-alpha/node_modules/miniflare/dist/src/workers/workflows/binding.worker.js:14493:15)
uncaught exception; source = Uncaught (in promise); stack = Error: instance.not_found
    at WorkflowBinding.get (file:///Users/marcus/Developer/card-keepr/node_modules/.pnpm/miniflare@5.20260908.0-alpha/node_modules/miniflare/dist/src/workers/workflows/binding.worker.js:15150:13)
uncaught exception; source = Uncaught (in promise); stack = Error: instance.not_found
    at WorkflowBinding.get (file:///Users/marcus/Developer/card-keepr/node_modules/.pnpm/miniflare@5.20260908.0-alpha/node_modules/miniflare/dist/src/workers/workflows/binding.worker.js:15150:13)
uncaught exception; source = Uncaught (in promise); stack = Error: instance.not_found
    at WorkflowBinding.get (file:///Users/marcus/Developer/card-keepr/node_modules/.pnpm/miniflare@5.20260908.0-alpha/node_modules/miniflare/dist/src/workers/workflows/binding.worker.js:15150:13)
uncaught exception; source = Uncaught (in promise); stack = Error: instance.not_found
    at WorkflowBinding.get (file:///Users/marcus/Developer/card-keepr/node_modules/.pnpm/miniflare@5.20260908.0-alpha/node_modules/miniflare/dist/src/workers/workflows/binding.worker.js:15150:13)
uncaught exception; exception = workerd/io/io-context.c++:1642: failed: jsg.Error: The Workers runtime canceled this request because it detected that your Worker's code had hung and would never generate a response. Refer to: https://developers.cloudflare.com/workers/observability/errors/
stack: 101c0937f
uncaught exception; exception = workerd/io/io-context.c++:1642: failed: jsg.Error: The Workers runtime canceled this request because it detected that your Worker's code had hung and would never generate a response. Refer to: https://developers.cloudflare.com/workers/observability/errors/
stack: 101c0937f
uncaught exception; exception = workerd/io/io-context.c++:1642: failed: jsg.Error: The Workers runtime canceled this request because it detected that your Worker's code had hung and would never generate a response. Refer to: https://developers.cloudflare.com/workers/observability/errors/
stack: 101c0937f
uncaught exception; exception = workerd/io/io-context.c++:1642: failed: jsg.Error: The Workers runtime canceled this request because it detected that your Worker's code had hung and would never generate a response. Refer to: https://developers.cloudflare.com/workers/observability/errors/
stack: 101c0937f
uncaught exception; source = Uncaught (in promise); stack = Error: Engine was never started
    at Engine.getStatus (file:///Users/marcus/Developer/card-keepr/node_modules/.pnpm/miniflare@5.20260908.0-alpha/node_modules/miniflare/dist/src/workers/workflows/binding.worker.js:14493:15)
uncaught exception; source = Uncaught (in promise); stack = Error: Engine was never started
    at Engine.getStatus (file:///Users/marcus/Developer/card-keepr/node_modules/.pnpm/miniflare@5.20260908.0-alpha/node_modules/miniflare/dist/src/workers/workflows/binding.worker.js:14493:15)
uncaught exception; source = Uncaught (in promise); stack = Error: instance.not_found
    at WorkflowBinding.get (file:///Users/marcus/Developer/card-keepr/node_modules/.pnpm/miniflare@5.20260908.0-alpha/node_modules/miniflare/dist/src/workers/workflows/binding.worker.js:15150:13)
uncaught exception; exception = workerd/io/io-context.c++:1642: failed: jsg.Error: The Workers runtime canceled this request because it detected that your Worker's code had hung and would never generate a response. Refer to: https://developers.cloudflare.com/workers/observability/errors/
stack: 1017f537f
uncaught exception; source = Uncaught (in promise); stack = Error: Engine was never started
    at Engine.getStatus (file:///Users/marcus/Developer/card-keepr/node_modules/.pnpm/miniflare@5.20260908.0-alpha/node_modules/miniflare/dist/src/workers/workflows/binding.worker.js:14493:15)
uncaught exception; source = Uncaught (in promise); stack = Error: Engine was never started
    at Engine.getStatus (file:///Users/marcus/Developer/card-keepr/node_modules/.pnpm/miniflare@5.20260908.0-alpha/node_modules/miniflare/dist/src/workers/workflows/binding.worker.js:14493:15)
uncaught exception; source = Uncaught (in promise); stack = Error: instance.not_found
    at WorkflowBinding.get (file:///Users/marcus/Developer/card-keepr/node_modules/.pnpm/miniflare@5.20260908.0-alpha/node_modules/miniflare/dist/src/workers/workflows/binding.worker.js:15150:13)
uncaught exception; exception = workerd/io/io-context.c++:1642: failed: jsg.Error: The Workers runtime canceled this request because it detected that your Worker's code had hung and would never generate a response. Refer to: https://developers.cloudflare.com/workers/observability/errors/
stack: 1017f537f
exception = workerd/api/streams/internal.c++:2972: disconnected: pump canceled
stack: 103801550 100a21208
uncaught exception; source = Uncaught (in promise); stack = Error: reconciliation_capacity_exceeded: one Card has too many Erratum records.
    at normalizedCardErrata (/Users/marcus/Developer/card-keepr/src/catalogue/reconciliation/reconciliation-normalized.ts:165:13)
    at Object.cardErrata (/Users/marcus/Developer/card-keepr/src/catalogue/reconciliation/reconciliation-evidence.ts:109:7)
    at reconcileRetainedCardPrintingEvidence (/Users/marcus/Developer/card-keepr/src/catalogue/reconciliation/card-printing-reconciliation.ts:926:28)
    at /Users/marcus/Developer/card-keepr/apps/ingestion/src/reconciliation-workflow.ts:141:24
    at args.<computed> (/Users/marcus/Developer/card-keepr/apps/ingestion/src/reconciliation-resource-budget.ts:200:22)
    at wrapped (/Users/marcus/Developer/card-keepr/src/http/operational-log.ts:176:20)
uncaught exception; source = Uncaught (in promise); stack = Error: reconciliation_capacity_exceeded: one Card has too many Erratum records.
    at normalizedCardErrata (/Users/marcus/Developer/card-keepr/src/catalogue/reconciliation/reconciliation-normalized.ts:165:13)
    at Object.cardErrata (/Users/marcus/Developer/card-keepr/src/catalogue/reconciliation/reconciliation-evidence.ts:109:7)
    at reconcileRetainedCardPrintingEvidence (/Users/marcus/Developer/card-keepr/src/catalogue/reconciliation/card-printing-reconciliation.ts:926:28)
    at /Users/marcus/Developer/card-keepr/apps/ingestion/src/reconciliation-workflow.ts:141:24
    at args.<computed> (/Users/marcus/Developer/card-keepr/apps/ingestion/src/reconciliation-resource-budget.ts:200:22)
    at wrapped (/Users/marcus/Developer/card-keepr/src/http/operational-log.ts:176:20)
uncaught exception; source = Uncaught (in promise); stack = Error: reconciliation_capacity_exceeded: one Card has too many Erratum records.
    at normalizedCardErrata (/Users/marcus/Developer/card-keepr/src/catalogue/reconciliation/reconciliation-normalized.ts:165:13)
    at Object.cardErrata (/Users/marcus/Developer/card-keepr/src/catalogue/reconciliation/reconciliation-evidence.ts:109:7)
    at reconcileRetainedCardPrintingEvidence (/Users/marcus/Developer/card-keepr/src/catalogue/reconciliation/card-printing-reconciliation.ts:926:28)
    at /Users/marcus/Developer/card-keepr/apps/ingestion/src/reconciliation-workflow.ts:141:24
    at args.<computed> (/Users/marcus/Developer/card-keepr/apps/ingestion/src/reconciliation-resource-budget.ts:200:22)
    at wrapped (/Users/marcus/Developer/card-keepr/src/http/operational-log.ts:176:20)
uncaught exception; source = Uncaught (in promise); stack = Error: reconciliation_capacity_exceeded: one Card has too many Erratum records.
    at normalizedCardErrata (/Users/marcus/Developer/card-keepr/src/catalogue/reconciliation/reconciliation-normalized.ts:165:13)
    at Object.cardErrata (/Users/marcus/Developer/card-keepr/src/catalogue/reconciliation/reconciliation-evidence.ts:109:7)
    at reconcileRetainedCardPrintingEvidence (/Users/marcus/Developer/card-keepr/src/catalogue/reconciliation/card-printing-reconciliation.ts:926:28)
    at /Users/marcus/Developer/card-keepr/apps/ingestion/src/reconciliation-workflow.ts:141:24
    at args.<computed> (/Users/marcus/Developer/card-keepr/apps/ingestion/src/reconciliation-resource-budget.ts:200:22)
    at wrapped (/Users/marcus/Developer/card-keepr/src/http/operational-log.ts:176:20)
uncaught exception; source = Uncaught (in promise); stack = Error: reconciliation_capacity_exceeded: one Card has too many Erratum records.
    at async doWrapper (file:///Users/marcus/Developer/card-keepr/node_modules/.pnpm/miniflare@5.20260908.0-alpha/node_modules/miniflare/dist/src/workers/workflows/binding.worker.js:13525:53)
    at async Context.do (file:///Users/marcus/Developer/card-keepr/node_modules/.pnpm/miniflare@5.20260908.0-alpha/node_modules/miniflare/dist/src/workers/workflows/binding.worker.js:13789:17)
uncaught exception; exception = workerd/io/io-context.c++:1642: failed: jsg.Error: The Workers runtime canceled this request because it detected that your Worker's code had hung and would never generate a response. Refer to: https://developers.cloudflare.com/workers/observability/errors/
stack: 1017f537f
uncaught exception; source = Uncaught (in promise); stack = Error: Network connection lost.
uncaught exception; source = Uncaught (in promise); stack = Error: Network connection lost.
uncaught exception; exception = workerd/io/io-context.c++:1642: failed: jsg.Error: The Workers runtime canceled this request because it detected that your Worker's code had hung and would never generate a response. Refer to: https://developers.cloudflare.com/workers/observability/errors/
stack: 1017f537f
An RPC stub was not disposed properly. You must call dispose() on all stubs in order to let the other side know that you are no longer using them. You cannot rely on the garbage collector for this because it may take arbitrarily long before actually collecting unreachable objects. As a shortcut, calling dispose() on the result of an RPC call disposes all stubs within it.
uncaught exception; source = Uncaught (in promise); stack = Error: reconciliation_capacity_exceeded: one Product evidence group exceeds 1 MiB.
    at assertProductGroupBudget (/Users/marcus/Developer/card-keepr/src/catalogue/reconciliation/product-release-state.ts:489:32)
    at /Users/marcus/Developer/card-keepr/src/catalogue/reconciliation/product-release-state.ts:333:32
    at runStage (/Users/marcus/Developer/card-keepr/src/catalogue/reconciliation/product-release-state.ts:219:5)
    at reconcileProductReleaseState (/Users/marcus/Developer/card-keepr/src/catalogue/reconciliation/product-release-state.ts:246:3)
    at reconcileRetainedCardPrintingEvidence (/Users/marcus/Developer/card-keepr/src/catalogue/reconciliation/card-printing-reconciliation.ts:1859:26)
    at /Users/marcus/Developer/card-keepr/apps/ingestion/src/reconciliation-workflow.ts:141:24
    at args.<computed> (/Users/marcus/Developer/card-keepr/apps/ingestion/src/reconciliation-resource-budget.ts:200:22)
    at wrapped (/Users/marcus/Developer/card-keepr/src/http/operational-log.ts:176:20)
uncaught exception; source = Uncaught (in promise); stack = Error: reconciliation_capacity_exceeded: one Product evidence group exceeds 1 MiB.
    at assertProductGroupBudget (/Users/marcus/Developer/card-keepr/src/catalogue/reconciliation/product-release-state.ts:489:32)
    at /Users/marcus/Developer/card-keepr/src/catalogue/reconciliation/product-release-state.ts:333:32
    at runStage (/Users/marcus/Developer/card-keepr/src/catalogue/reconciliation/product-release-state.ts:219:5)
    at reconcileProductReleaseState (/Users/marcus/Developer/card-keepr/src/catalogue/reconciliation/product-release-state.ts:246:3)
    at reconcileRetainedCardPrintingEvidence (/Users/marcus/Developer/card-keepr/src/catalogue/reconciliation/card-printing-reconciliation.ts:1859:26)
    at /Users/marcus/Developer/card-keepr/apps/ingestion/src/reconciliation-workflow.ts:141:24
    at args.<computed> (/Users/marcus/Developer/card-keepr/apps/ingestion/src/reconciliation-resource-budget.ts:200:22)
    at wrapped (/Users/marcus/Developer/card-keepr/src/http/operational-log.ts:176:20)
uncaught exception; source = Uncaught (in promise); stack = Error: reconciliation_capacity_exceeded: one Product evidence group exceeds 1 MiB.
    at assertProductGroupBudget (/Users/marcus/Developer/card-keepr/src/catalogue/reconciliation/product-release-state.ts:489:32)
    at /Users/marcus/Developer/card-keepr/src/catalogue/reconciliation/product-release-state.ts:333:32
    at runStage (/Users/marcus/Developer/card-keepr/src/catalogue/reconciliation/product-release-state.ts:219:5)
    at reconcileProductReleaseState (/Users/marcus/Developer/card-keepr/src/catalogue/reconciliation/product-release-state.ts:246:3)
    at reconcileRetainedCardPrintingEvidence (/Users/marcus/Developer/card-keepr/src/catalogue/reconciliation/card-printing-reconciliation.ts:1859:26)
    at /Users/marcus/Developer/card-keepr/apps/ingestion/src/reconciliation-workflow.ts:141:24
    at args.<computed> (/Users/marcus/Developer/card-keepr/apps/ingestion/src/reconciliation-resource-budget.ts:200:22)
    at wrapped (/Users/marcus/Developer/card-keepr/src/http/operational-log.ts:176:20)
uncaught exception; source = Uncaught (in promise); stack = Error: reconciliation_capacity_exceeded: one Product evidence group exceeds 1 MiB.
    at assertProductGroupBudget (/Users/marcus/Developer/card-keepr/src/catalogue/reconciliation/product-release-state.ts:489:32)
    at /Users/marcus/Developer/card-keepr/src/catalogue/reconciliation/product-release-state.ts:333:32
    at runStage (/Users/marcus/Developer/card-keepr/src/catalogue/reconciliation/product-release-state.ts:219:5)
    at reconcileProductReleaseState (/Users/marcus/Developer/card-keepr/src/catalogue/reconciliation/product-release-state.ts:246:3)
    at reconcileRetainedCardPrintingEvidence (/Users/marcus/Developer/card-keepr/src/catalogue/reconciliation/card-printing-reconciliation.ts:1859:26)
    at /Users/marcus/Developer/card-keepr/apps/ingestion/src/reconciliation-workflow.ts:141:24
    at args.<computed> (/Users/marcus/Developer/card-keepr/apps/ingestion/src/reconciliation-resource-budget.ts:200:22)
    at wrapped (/Users/marcus/Developer/card-keepr/src/http/operational-log.ts:176:20)
uncaught exception; source = Uncaught (in promise); stack = Error: reconciliation_capacity_exceeded: one Product evidence group exceeds 1 MiB.
    at async doWrapper (file:///Users/marcus/Developer/card-keepr/node_modules/.pnpm/miniflare@5.20260908.0-alpha/node_modules/miniflare/dist/src/workers/workflows/binding.worker.js:13525:53)
    at async Context.do (file:///Users/marcus/Developer/card-keepr/node_modules/.pnpm/miniflare@5.20260908.0-alpha/node_modules/miniflare/dist/src/workers/workflows/binding.worker.js:13789:17)
uncaught exception; exception = workerd/io/io-context.c++:1642: failed: jsg.Error: The Workers runtime canceled this request because it detected that your Worker's code had hung and would never generate a response. Refer to: https://developers.cloudflare.com/workers/observability/errors/
stack: 1017f537f

 Test Files  97 passed (97)
      Tests  794 passed (794)
   Start at  15:15:00
   Duration  629.31s (transform 2.49s, setup 0ms, import 69.03s, tests 1100.75s, environment 2ms)

$ node scripts/acceptance-tier.mjs default
default: 70 files
✔ atomic publication migration preserves populated legacy ancestry and all inbound references (146.800417ms)
✔ a real SQL export restores a multi-Card catalogue whose FTS, API, and Curated provenance are verified (1551.379416ms)
✔ storage planning counts coexisting copies once and leaves unknown components unresolved (0.639875ms)
✔ retained real workloads count response bytes and expose incomplete image coverage (68.787375ms)
✔ synthetic fixture publication is unavailable through the production Worker and CLI seams (5719.817458ms)
✔ authenticated CLI requests refuse redirects before another endpoint receives the key (54.262417ms)
✔ the shared client refuses non-local plaintext credentials before transport (1.576917ms)
✔ candidate list omits an absent cursor and preserves a supplied opaque cursor (91.20425ms)
✔ composed recovery migration preserves populated ancestors and fences a previously prepared writer (159.777875ms)
✔ native release smoke target selection: consumer cursor roundtrip (271.010459ms)
✔ native release smoke target selection: older-image-free (259.922041ms)
✔ native release smoke target selection: missing-image (247.872292ms)
✔ native release smoke target selection: missing-printing (247.119916ms)
✔ native release smoke target selection: corrupt-card (247.246458ms)
✔ native release smoke target selection: missing-search (250.946625ms)
✔ private census SQL respects byte-limited partial pages without skipping row IDs (31.570333ms)
✔ owner validation resolves a native published target in Workerd without request-time code generation (552.713917ms)
▶ Curated validation resolves a published native Printing through its exact game component
  ✔ native validation does not generate code during the request (4.819417ms)
  ✔ native Card fields resolve in the same published game component (0.757291ms)
  ✔ native Product, Release, context and relationship retain official source authority (3.832334ms)
  ✔ missing Product checkpoint (1.031542ms)
  ✔ incomplete Product checkpoint (0.974083ms)
  ✔ corrupt Product record (0.617083ms)
  ✔ wrong Product game (0.719666ms)
  ✔ Erratum source fields survive native lookup (0.584083ms)
  ✔ later game overlays and Curated source presence survive SQLite backup and restore (3.717333ms)
  ✔ missing required correction checkpoint (0.783167ms)
  ✔ wrong game (0.3545ms)
  ✔ missing target (0.266167ms)
  ✔ unpublished member (0.229708ms)
  ✔ retired query state (0.225459ms)
  ✔ corrupt private digest (0.6495ms)
  ✔ corrupt checkpoint (0.321291ms)
  ✔ checkpoint excludes a later uncommitted entity (0.492292ms)
  ✔ correction precedence retains original reviewed source beneath curated wording (1.296333ms)
  ✔ retained private text is hydrated and verified before the source comparison (0.950166ms)
✔ Curated validation resolves a published native Printing through its exact game component (67.755667ms)
✔ the repository CLI resolves a source conflict through the emulated ingestion Worker (7506.741666ms)
✔ CLI validates a proposal file against an explicit Catalogue Revision (54.803ms)
✔ CLI creates a production Curated Revision with all mutation bindings (63.72075ms)
✔ CLI list/show have stable query paths and validation failures exit 8 (45.485209ms)
✔ CLI human list renders the Supported Game from immutable content (46.868791ms)
✔ CLI reaffirmation binds the inspected source conflict before mutation (70.08375ms)
✔ CLI retirement resolves the exact revision and production identities before mutation (63.978666ms)
✔ CLI supersession sends the required explicit null conflict binding (64.796458ms)
✔ native publication: the owner publishes a complete Digimon catalogue consumed through authenticated HTTP (21677.410583ms)
✔ generated document validators load as native ESM without a CommonJS require global (4.70925ms)
✔ owner CLI admission remains administrative until publication and serves ordinary authenticated consumers (14098.0325ms)
✔ the repository CLI rejects Official Errata authority outside the documented Bandai surface (5866.951667ms)
✔ Bandai Errata HTML shape drift fails closed through the CLI and Worker seam (6228.351209ms)
✔ retained Bandai Errata HTML publishes through CLI and authenticated HTTP/export seams (59122.100958ms)
✔ cleanup CLI submits typed policy and generation intents and reads durable status without a deletion loop (204.979084ms)
✔ cleanup migration preserves existing preparation facts and starts unknown terminal age conservatively (164.902917ms)
✔ format selects branch and working changes while preserving unchanged and excluded files (486.718708ms)
✔ format checks unpushed main commits against origin/main and honors an explicit base (423.899917ms)
✔ two SQL databases transfer only prepared authority and retire source before destination opens (333.324625ms)
▶ every durable phase boundary can restart after an ambiguous successful write and expired lease
  ✔ interruption 1 (327.235583ms)
  ✔ interruption 2 (331.886708ms)
  ✔ interruption 3 (325.343042ms)
  ✔ interruption 4 (343.274667ms)
  ✔ interruption 5 (338.745292ms)
  ✔ interruption 6 (336.7875ms)
  ✔ interruption 7 (328.378ms)
  ✔ interruption 8 (332.455667ms)
  ✔ interruption 9 (327.865167ms)
  ✔ interruption 10 (328.950209ms)
  ✔ interruption 11 (335.7575ms)
  ✔ interruption 12 (343.141166ms)
✔ every durable phase boundary can restart after an ambiguous successful write and expired lease (4001.130375ms)
✔ unsettled synthetic writer rejects claim atomically, not just destination activation (242.107333ms)
▶ activation or smoke failures preserve both fences and accept only a proved source retirement
  ✔ activate (326.291833ms)
  ✔ observe (327.458542ms)
  ✔ smoke (327.312083ms)
✔ activation or smoke failures preserve both fences and accept only a proved source retirement (981.402375ms)
✔ expired execution must renew, and a replaced execution cannot advance or cancel (241.34325ms)
✔ pre-intent cancellation quarantines destination and proves source traffic before reopening (324.582166ms)
✔ any durable activation intent rejects cancellation, even if provider activation failed (326.941584ms)
✔ SQL restoration preserves retired-source evidence and destination shared-storage protection (1562.263666ms)
✔ new SHA requires exact linked owner approval and supersedes original execution after intent (327.707833ms)
▶ correction resumes every persisted boundary and revokes a superseded repair
  ✔ repair interruption 1 (325.286875ms)
  ✔ repair interruption 2 (324.923166ms)
  ✔ repair interruption 3 (325.170333ms)
  ✔ repair interruption 4 (325.065041ms)
  ✔ repair interruption 5 (324.717042ms)
  ✔ repair interruption 6 (326.236917ms)
  ✔ repair interruption 7 (327.833875ms)
  ✔ repair interruption 8 (327.836125ms)
  ✔ repair interruption 9 (324.857333ms)
  ✔ repair interruption 10 (325.544917ms)
  ✔ a second confirmed SHA revokes the first repair (327.109959ms)
✔ correction resumes every persisted boundary and revokes a superseded repair (3585.559333ms)
✔ a separately approved correction repairs source intent with destination still transferred (337.976833ms)
✔ shipped owner CLI and authenticated Worker prepare, fence, restart and cancel fresh handoff (6723.040417ms)
✔ shipped owner CLI and authenticated Worker prepare, fence, restart and correct fresh handoff (6333.371083ms)
✔ native publication: the owner publishes a complete Fusion World source for authenticated consumers (33489.793416ms)
✔ owner CLI prepares retained game evidence with an exact predecessor (50.480917ms)
✔ native publication: the owner publishes a complete Gundam catalogue from both English lineages (14576.826791ms)
✔ a rejected HTTP fixture request returns a failure and leaves later requests usable (15.138542ms)
✔ an interrupted request stream is contained by its HTTP fixture (4.912ms)
✔ owner CLI publishes a reviewed split and authenticated consumers retain the replacement choice (26682.667958ms)
✔ guarded reconciliation and bounded search repair are normative administration commands (2.677875ms)
✔ CLI reconciliation requires explicit production selection and confirmation (28.99875ms)
✔ CLI search repair requires explicit production selection and confirmation (25.984583ms)
✔ CLI search repair exits 10 while the retained repair remains incomplete (66.200333ms)
✔ CLI production mutation requires exact resolved Cloudflare target confirmation before POST (157.011084ms)
✔ CLI Catalogue Export deletion preserves the prepared bindings and typed revision confirmation (215.780584ms)
✔ CLI backup create confirms the exact target before the operation (63.730542ms)
✔ CLI recovery commands resolve and confirm exact production evidence (233.238625ms)
✔ CLI backup status and retry preserve the exact failed-attempt evidence (151.716625ms)
✔ CLI reconciliation reports an accepted non-terminal Workflow with exit 10 (61.383667ms)
✔ CLI reconciliation exits zero for a terminal Workflow returned by the initial POST (60.579583ms)
✔ CLI lifecycle commands expose safe diagnostics and exact mutation requests (553.13275ms)
✔ CLI Card search uses the authenticated catalogue HTTP seam (43.915125ms)
✔ a capacity-paused Ingestion Run reports its pause facts through source show (97.080792ms)
✔ a retry-paused Ingestion Run reports its pause facts through source show (89.661083ms)
✔ a workflow-paused Ingestion Run reports its recovery facts through source show (86.742958ms)
✔ source capacity extend performs the compare-and-set administration mutation (242.674083ms)
✔ source terminate performs the idempotent termination mutation (301.460208ms)
✔ source pause performs the idempotent owner pause mutation (238.139ms)
✔ source show renders aggregated collection progress in human-readable form (103.555125ms)
✔ source lifecycle CLI sends the explicit compare-and-set retirement decision (98.780084ms)
✔ retired run approval explains the exact native publication transition without an administration request (31.847542ms)
✔ event migration preserves the physical run anchor and every inbound foreign key (111.538708ms)
✔ event migration refuses nonempty run history before changing schema or Curated pins (32.621458ms)
✔ event migration refuses an active run reservation even when no identity row exists (32.001958ms)
✔ run identities, events and payloads remain immutable while current state can be rebuilt without deleting pins (104.724583ms)
✔ event identities, references, closed kinds and UTF-8 chunk sizes are structurally bounded (97.703208ms)
✔ the read projection renders ordered games, payload chunks, progress and decisions without writable JSON columns (95.944417ms)
✔ repository batches enforce all 726 Ingestion Run transition and termination combinations (76.962167ms)
✔ a retained termination decision cannot fail a paused run with a missing failure code (259.937ms)
✔ mixed-game composition and current plus two survive an actual SQL import (30594.2825ms)
✔ backup retry accepts only the exact running workflow for CLI exit 10 (3.988333ms)
✔ restarted exporting backup resumes the same Workflow once; terminal success and mismatches do not submit (0.426167ms)
✔ storage census includes automatic indexes and separates retained rows from allocations (3.991167ms)
✔ operational census counts retries and observed owner routes without inventing SQL executions (0.469458ms)
✔ phase timeline handles split streams, drops old events and excludes payload fields (0.486125ms)
✔ restarted checkpoint transport allocates a fresh import without overwriting verified state (6.472125ms)
✔ native export reader paces requests, reuses a verified package and reloads after restore (269.189375ms)
✔ native SQL import commits the file before lost response and rolls back invalid SQL (5.4865ms)
✔ schema 31 preserves populated native backup evidence and classifies only exact publication reservations (242.810834ms)
✔ native export checks long retained SQL records without a quadratic scan and preserves their bytes (318.637542ms)
✔ native export still rejects an actual virtual table (288.699375ms)
✔ interleaved CLI, helper and poll traffic share per-origin headroom (2.641583ms)
✔ slow responses and failed actions cannot produce catch-up bursts or retries (0.325458ms)
✔ fixtures without an interval keep their existing unpaced behavior (0.100709ms)
✔ shipped CLI, native reads and administration polls use the same queue (552.207042ms)
✔ a CLI mutation paces its confirmation and write before the next administration poll (242.62225ms)
✔ the CLI-to-Worker boundary fails closed for a missing required Official Source surface (5851.5595ms)
✔ the CLI-to-Worker boundary fails closed for an Official Source result cap (10302.969167ms)
✔ the CLI-to-Worker boundary fails closed for unfinished Official Source pagination (10246.384666ms)
✔ the CLI-to-Worker boundary fails closed for invalid One Piece type-specific nullability (10258.990625ms)
✔ native publication: the owner publishes a complete One Piece catalogue for authenticated consumers (18221.284167ms)
✔ schema 24 to 25 registers Limitless without rewriting populated catalogue history (162.576875ms)
✔ operational logs and diagnostics retain correlation fields without leaking secrets or source payloads (14261.737041ms)
✔ native publication: the CLI publishes separated Product catalogue data consumed through authenticated HTTP (37643.371375ms)
✔ a green PR head cannot authorize its red merge commit (575.729542ms)
✔ every expected shard must be present (267.308666ms)
✔ lint: missing blocks the exact commit (188.792833ms)
✔ lint: pending blocks the exact commit (188.395292ms)
✔ lint: failure blocks the exact commit (190.334458ms)
✔ lint: cancelled blocks the exact commit (207.496208ms)
✔ lint: skipped blocks the exact commit (196.121459ms)
✔ lint: timed_out blocks the exact commit (195.625417ms)
✔ checks: missing blocks the exact commit (193.668083ms)
✔ checks: pending blocks the exact commit (211.110417ms)
✔ checks: failure blocks the exact commit (194.349ms)
✔ checks: cancelled blocks the exact commit (213.588208ms)
✔ checks: skipped blocks the exact commit (200.370416ms)
✔ checks: timed_out blocks the exact commit (201.83825ms)
✔ domain-tests: missing blocks the exact commit (203.105792ms)
✔ domain-tests: pending blocks the exact commit (213.07475ms)
✔ domain-tests: failure blocks the exact commit (217.777375ms)
✔ domain-tests: cancelled blocks the exact commit (211.535125ms)
✔ domain-tests: skipped blocks the exact commit (211.127375ms)
✔ domain-tests: timed_out blocks the exact commit (214.12875ms)
✔ ingestion-tests (1): missing blocks the exact commit (225.288875ms)
✔ ingestion-tests (1): pending blocks the exact commit (235.684875ms)
✔ ingestion-tests (1): failure blocks the exact commit (226.0605ms)
✔ ingestion-tests (1): cancelled blocks the exact commit (232.854084ms)
✔ ingestion-tests (1): skipped blocks the exact commit (237.111833ms)
✔ ingestion-tests (1): timed_out blocks the exact commit (230.139917ms)
✔ ingestion-tests (2): missing blocks the exact commit (238.234958ms)
✔ ingestion-tests (2): pending blocks the exact commit (236.181416ms)
✔ ingestion-tests (2): failure blocks the exact commit (239.173125ms)
✔ ingestion-tests (2): cancelled blocks the exact commit (239.75ms)
✔ ingestion-tests (2): skipped blocks the exact commit (254.424458ms)
✔ ingestion-tests (2): timed_out blocks the exact commit (237.115ms)
✔ ingestion-tests (3): missing blocks the exact commit (249.376875ms)
✔ ingestion-tests (3): pending blocks the exact commit (249.293459ms)
✔ ingestion-tests (3): failure blocks the exact commit (261.659875ms)
✔ ingestion-tests (3): cancelled blocks the exact commit (253.577042ms)
✔ ingestion-tests (3): skipped blocks the exact commit (252.162208ms)
✔ ingestion-tests (3): timed_out blocks the exact commit (252.454375ms)
✔ acceptance (1): missing blocks the exact commit (259.4435ms)
✔ acceptance (1): pending blocks the exact commit (264.827958ms)
✔ acceptance (1): failure blocks the exact commit (265.371375ms)
✔ acceptance (1): cancelled blocks the exact commit (266.588042ms)
✔ acceptance (1): skipped blocks the exact commit (265.993667ms)
✔ acceptance (1): timed_out blocks the exact commit (264.925167ms)
✔ acceptance (2): missing blocks the exact commit (270.8435ms)
✔ acceptance (2): pending blocks the exact commit (281.0835ms)
✔ acceptance (2): failure blocks the exact commit (289.543958ms)
✔ acceptance (2): cancelled blocks the exact commit (293.675291ms)
✔ acceptance (2): skipped blocks the exact commit (285.341833ms)
✔ acceptance (2): timed_out blocks the exact commit (274.142958ms)
✔ acceptance (3): missing blocks the exact commit (297.411125ms)
✔ acceptance (3): pending blocks the exact commit (287.150625ms)
✔ acceptance (3): failure blocks the exact commit (303.8635ms)
✔ acceptance (3): cancelled blocks the exact commit (296.381334ms)
✔ acceptance (3): skipped blocks the exact commit (292.241292ms)
✔ acceptance (3): timed_out blocks the exact commit (289.534541ms)
✔ complete exact-SHA success authorizes the selected commit even after main advances (298.672708ms)
✔ required checks on later API pages are included (295.317833ms)
✔ wrong SHA cannot authorize release (217.777834ms)
✔ wrong app cannot authorize release (194.932625ms)
✔ duplicate check cannot authorize release (188.559459ms)
✔ empty checks cannot authorize release (189.300459ms)
✔ API unavailable cannot authorize release (144.287333ms)
✔ outside main cannot authorize release (155.376542ms)
✔ invalid SHA cannot authorize release (5.982584ms)
✔ release dispatch refuses unsupported operations before making an HTTP request (4.711375ms)
✔ guarded CLI dispatches exact release bindings and never receives deployment credentials (47.766125ms)
✔ replacement handoff fails closed unless status proves the exact verified target (42.374333ms)
✔ a Bootstrap Mode Production Release dispatches a relaxed envelope while the catalogue is provably empty (89.500667ms)
✔ Bootstrap Mode is refused against a populated catalogue, and an ordinary Production Release is refused against an empty one (88.632875ms)
✔ release preparation preserves shared exit codes for null and malformed responses (131.275875ms)
✔ production release is manual, serialized, versioned, and owns all production mutation (2.333958ms)
✔ the release SHA is resolved through the GitHub API before checkout and ci stays in step with it (0.741625ms)
✔ workflow hygiene: pinned actions, no secret written to GITHUB_ENV, no misleading job name, stress failures reported (1.960584ms)
✔ the Bootstrap Mode branch keeps every data-independent gate, runs no data-dependent smoke, and rolls nothing back (0.492708ms)
✔ each worker owns one public base and the zone routes that mount it (0.194375ms)
✔ the production preflight rehearsal is read-only (0.12775ms)
✔ the release runner posts a generated SQL file to the D1 query endpoint and returns each statement's rows in order (4.694334ms)
✔ the release runner fails closed on an API error, a failed statement, or a config without the catalogue binding (2.316041ms)
✔ the release runner command prints the statement results as JSON on stdout and nothing else (120.576917ms)
✔ release D1 binding discovery accepts JSONC comments and trailing commas (2.675958ms)
✔ provider proves exact least-privilege Worker inventories and private R2 buckets (22.871375ms)
✔ replacement observation proves the complete post-bind inventory (1.383208ms)
✔ preflight fails closed on D1 identity (1.562042ms)
✔ preflight fails closed on R2 identity (1.125291ms)
✔ preflight fails closed on managed r2.dev privacy (1.156417ms)
✔ preflight fails closed on custom-domain privacy (0.927625ms)
✔ preflight fails closed on missing secret (0.811792ms)
✔ preflight fails closed on unexpected live secret (2.116709ms)
✔ preflight fails closed on unexpected privileged binding (1.356708ms)
✔ preflight fails closed on malformed settings (2.048458ms)
✔ preflight fails closed on malformed custom domain (0.844417ms)
✔ preflight passes when only the deployed script's vars and bindings differ from the config (0.850334ms)
✔ the uploaded version is verified against the release configuration before activation (0.844583ms)
✔ uploaded-version verification fails closed on a var value (0.423542ms)
✔ uploaded-version verification fails closed on D1 binding (0.689584ms)
✔ uploaded-version verification fails closed on R2 binding (3.779167ms)
✔ uploaded-version verification fails closed on service binding (2.607583ms)
✔ uploaded-version verification fails closed on Workflow binding (0.948458ms)
✔ uploaded-version verification fails closed on rate-limit settings (4.427208ms)
✔ uploaded-version verification fails closed on a secret the version lost (2.586667ms)
✔ uploaded-version verification fails closed on an unexpected privileged binding (3.296667ms)
✔ uploaded-version verification fails closed on a missing tag (5.265709ms)
✔ uploaded-version verification fails closed on an ambiguous tag (4.251917ms)
✔ uploaded-version verification fails closed on malformed version resources (9.288875ms)
✔ fresh handoff observation records exact active versions and zone routes (2.332541ms)
✔ fresh handoff rejects wrong active version (0.561292ms)
✔ fresh handoff rejects partial traffic (7.206542ms)
✔ fresh handoff rejects wrong active binding (1.582041ms)
✔ fresh handoff rejects missing route (1.401959ms)
✔ fresh handoff rejects foreign route (0.784834ms)
✔ fresh handoff rejects ambiguous zone (0.381125ms)
✔ black-box smoke covers auth, representative reads, retained exports, and stale cursors (13.50775ms)
✔ black-box smoke appends route paths to an API base that carries a mount path (0.883792ms)
✔ black-box smoke rejects missing retained or stale fixtures before traffic (0.209334ms)
✔ Bootstrap Mode smoke proves health and auth on both mounts and the Spine Revision, and reads no catalogue data (0.663334ms)
✔ smoke fails when readiness reports a degraded runtime (0.128167ms)
✔ Bootstrap Mode smoke fails when the catalogue no longer reports the Spine Revision (0.251542ms)
✔ Bootstrap Mode smoke refuses any revision other than the Spine Revision before traffic (0.063417ms)
✔ compiled Production Release transitions enforce every state edge without triggers (3.1745ms)
✔ a failed phase after migration refuses rollback without schema triggers (0.311834ms)
✔ compiled lease writers reject incomplete or malformed canonical pairs atomically without triggers (0.266625ms)
✔ workflow validator accepts only the exact durably prepared plan (12.809791ms)
✔ replacement handoff exports and seeds the durable release boundary (2.380833ms)
✔ replacement release state is rehydrated into a distinct blocked database before activation (1012.142916ms)
✔ a durable pre-command marker conservatively terminalizes partial migration failure (260.195666ms)
✔ zero-row phase transitions are observable and cannot release the fence (2.450708ms)
✔ a Bootstrap Mode dispatch relaxes only the data-dependent gates and keeps every durable write in the idempotency ledger (508.004417ms)
✔ a healthy release cannot claim while its restore guard remains blocked (247.890292ms)
✔ every generated ledger phase rejects a competing owner and preserves zero-row phases (248.472ms)
✔ a compiled release lease fences claim replay and cleanup across expiry takeover (238.598333ms)
✔ the event migration preflight refuses populated old runs before claiming (33.760625ms)
✔ an empty run cutover keeps the claimed lease through the event migration (106.402709ms)
✔ restore verification reads imported SQL facts and executes reconstruction against an independent database (14.107125ms)
✔ missing or invalid uploaded SQL cannot produce a successful restore (9.097292ms)
✔ restore consumes streamed SQL across UTF-8, quoted text and trigger boundaries (11.750166ms)
✔ an interrupted upload cannot import an earlier or partial SQL file (1.261042ms)
✔ a file-backed snapshot restores the original catalogue, schema and bytes after live data changes (46.750208ms)
strict mode: missing type "object" for keyword "properties" at "https://card-keepr.invalid/schemas/catalogue-export-record@5#/allOf/0/oneOf/0/properties/from" (strictTypes)
strict mode: missing type "object" for keyword "properties" at "https://card-keepr.invalid/schemas/catalogue-export-record@5#/allOf/0/oneOf/0/properties/to" (strictTypes)
strict mode: missing type "object" for keyword "properties" at "https://card-keepr.invalid/schemas/catalogue-export-record@5#/allOf/0/oneOf/1/properties/from" (strictTypes)
strict mode: missing type "object" for keyword "properties" at "https://card-keepr.invalid/schemas/catalogue-export-record@5#/allOf/0/oneOf/1/properties/to" (strictTypes)
strict mode: missing type "object" for keyword "properties" at "https://card-keepr.invalid/schemas/catalogue-export-record@5#/allOf/0/oneOf/2/properties/from" (strictTypes)
strict mode: missing type "object" for keyword "properties" at "https://card-keepr.invalid/schemas/catalogue-export-record@5#/allOf/0/oneOf/2/properties/to" (strictTypes)
strict mode: missing type "object" for keyword "properties" at "https://card-keepr.invalid/schemas/catalogue-export-record@5#/allOf/0/oneOf/3/properties/from" (strictTypes)
strict mode: missing type "object" for keyword "properties" at "https://card-keepr.invalid/schemas/catalogue-export-record@5#/allOf/0/oneOf/3/properties/to" (strictTypes)
strict mode: missing type "object" for keyword "properties" at "https://card-keepr.invalid/schemas/catalogue-export-record@5#/allOf/0/oneOf/4/properties/from" (strictTypes)
strict mode: missing type "object" for keyword "properties" at "https://card-keepr.invalid/schemas/catalogue-export-record@5#/allOf/0/oneOf/4/properties/to" (strictTypes)
✔ one owner CLI start verifies native artifacts without exposing any unfinished catalogue data (12086.068584ms)
✔ owner can replay retained source facts and bounded evidence gates offline (342.2435ms)
✔ replay exposes publisher-specific identifiers and corrected text as retained source facts (334.204959ms)
✔ injected omission cannot claim complete Limitless coverage after its variant response is removed (164.689042ms)
✔ injected image corruption fails integrity replay without changing real retained evidence (152.381833ms)
✔ injected header corruption fails integrity replay (90.726375ms)
✔ recapture calls the current adapter and distinguishes cosmetic bytes from Card facts (14.051ms)
✔ offline reassessment rejects corrupted complete evidence and reports old truncated captures explicitly (69.744625ms)
✔ a separately reviewed complete baseline accepts only its exact adapter meaning and verifies its bytes (78.047666ms)
✔ reviewed display permutations and three decorative tokens preserve exact raw evidence without hiding content (138.654667ms)
✔ recapture verifies retained ranges and full live bytes without changing golden files (15.231292ms)
✔ live full-body drift fails even when the retained byte range remains identical (2.048792ms)
✔ invalid retained digests fail before fetching and transport errors remain actionable (1.842ms)
✔ recapture rejects a direct output alias of the golden directory before fetching or writing (1.5955ms)
✔ recapture rejects a symlink output alias of the golden directory before fetching or writing (0.9905ms)
✔ recapture never follows an existing capture.json output symlink into a golden file (2.996083ms)
✔ recapture never follows an existing report.json output symlink into a golden file (3.123708ms)
✔ recapture preserves a growing complete response and separates HTTP failure from byte drift (3.323875ms)
✔ out-of-scope captures still verify retained integrity before skipping the network (2.202375ms)
✔ a shared-URL output failure does not duplicate already captured evidence or become a transport failure (8.585083ms)
✔ bounded Riftbound records retain owner review, native publication and actual SQL restore (17347.585167ms)
✔ Riftbound CHECK widening preserves populated ancestors, decisions and inbound foreign keys (226.771334ms)
✔ retained Riot public English pagination exhausts exact links without inventing metadata records (30.879167ms)
✔ Riftbound replay forwards management, signed SQL download and upload requests intact (11.3975ms)
✔ the CLI reports both locally emulated runtimes as healthy (10394.339375ms)
✔ the CLI exit code follows readiness when a runtime is degraded (9565.329333ms)
✔ the API accepts an unauthenticated preflight for an exact allowed origin (4451.392541ms)
✔ the API rejects a browser origin that only prefixes the allowed origin (4548.651959ms)
✔ an allowed browser origin receives a CORS-shaped authentication problem (4763.137667ms)
✔ catalogue requests return a stable problem after the per-IP limit (4882.962083ms)
ℹ exhausted the catalogue limit with 325 requests in 281 ms
✔ Printing Image requests use their independent per-IP limit (5996.677958ms)
✔ administration requests return a stable problem after the per-IP limit (4941.719625ms)
ℹ exhausted the administration limit with 55 requests in 89 ms
✔ authenticated API responses expose the accepted browser headers (4728.727792ms)
✔ a preflight cannot request a method outside the accepted CORS contract (4618.644ms)
✔ ports come from this process's partition, never repeat, and skip held ports (5.476833ms)
✔ boot-collision detection matches address-in-use errors by code and phrasing (0.381833ms)
✔ a hanging subprocess is killed at the deadline with its output (506.989667ms)
✔ a subprocess that exits in time reports its exit code and output (36.166084ms)
✔ a subprocess that cannot be spawned fails instead of hanging (0.865708ms)
✔ a slow run leaves administration request budget for candidate inspection (2.59625ms)
✔ an administration polling 429 names the limiter and poll count immediately (0.306292ms)
✔ a fixture's higher administration budget observes completion without a production-length sleep (0.239083ms)
✔ publication metadata can be inspected without reading catalogue partitions (0.807834ms)
✔ the baseline is the first migration and a fresh apply yields level 1 (11.225208ms)
✔ the baseline schema equals the level-36 chain and its seed rows are pinned (300.803541ms)
✔ Reconciliation Context migration discards pre-Go-Live anchors and retains immutable per-run digests (20.500292ms)
✔ repository-guard migration retains immutability and removes obsolete schema objects (31.014458ms)
✔ every migration leaves catalogue_schema_state at its own level (249.354125ms)
✔ a guarded migration aborts before changing anything when the recorded level mismatches (3023.405375ms)
✔ migration 0002 retains pause and termination rows and re-guards both tables (11.566959ms)
✔ migration 0004 backfills the projected read facts and guards new rows (19.26375ms)
✔ the schema carries the hot-path indexes and not the dead ones (248.3255ms)
✔ dropping the dead indexes leaves their queries on an equivalent seek (247.374417ms)
✔ prelaunch eligibility removal retains evidence anchors and rejects policy freshness (104.39375ms)
✔ owner publishes nested source presentation through shared One Piece semantics (12435.911458ms)
✔ owner publishes tabular source presentation through shared One Piece semantics (13948.129042ms)
✔ publisher journeys cover the Bandai registry with one real Wrangler CLI smoke (1.4265ms)
✔ compatibility publication: the CLI audits real retained evidence through a locally emulated ingestion Worker (17893.426542ms)
✔ fixture retirement leaves only production registration rows and preserves real authority (116.55875ms)
✔ fixture retirement rejects synthetic planOrigin without changing retained data (97.108667ms)
✔ fixture retirement rejects synthetic planAdapter without changing retained data (95.633208ms)
✔ fixture retirement rejects synthetic snapshotAdapter without changing retained data (95.281583ms)
✔ fixture retirement rejects synthetic parseAdapter without changing retained data (95.88075ms)
✔ fixture retirement rejects synthetic observationAdapter without changing retained data (95.674875ms)
✔ fixture retirement rejects synthetic partitionAdapter without changing retained data (95.65875ms)
✔ routine acceptance retains bounded restore and excludes full catalogue journeys (77.681875ms)
✔ CI shards run every routine file exactly once without reintroducing expensive journeys (116.77425ms)
✔ focused acceptance selects one routine file without admitting expensive or unknown scenarios (193.429708ms)
✔ smoke retains the two everyday paths within routine coverage and unknown tiers fail (120.278958ms)
✔ expensive investigations require an explicit valid scenario and probes cannot silently skip (207.245041ms)
ℹ tests 363
ℹ suites 0
ℹ pass 363
ℹ fail 0
ℹ cancelled 0
ℹ skipped 0
ℹ todo 0
ℹ duration_ms 276884.291625
